id,name,email,linkedin_url,location,education_level,university,years_experience,previous_company,domain_expertise,technical_background,serial_entrepreneur,created_at
founder_0,Amanda Hernandez,uphillips@example.org,https://linkedin.com/in/raymond93,Nashville,Bachelor's,,6,Amazon,"['AgriTech', 'Cybersecurity']",False,False,2021-04-01
founder_1,David Norman,foxmichael@example.org,https://linkedin.com/in/james02,Denver,Bachelor's,,15,Microsoft,['FinTech'],True,False,2018-01-07
founder_2,Shirley Thompson,srosario@example.org,https://linkedin.com/in/josephhale,Los Angeles,Bootcamp,UC Berkeley,22,Finance,"['FoodTech', 'AI/ML', 'MarTech']",False,False,2019-05-12
founder_3,Andre Velazquez,heather25@example.net,https://linkedin.com/in/castromargaret,Portland,Self-taught,,9,Facebook,"['IoT', 'EdTech']",False,False,2018-05-23
founder_4,Brian Hayden,amanda43@example.com,https://linkedin.com/in/rebeccabarnes,Denver,PhD,Other,0,Facebook,['IoT'],True,True,2016-03-05
founder_5,Lydia Taylor,karenwang@example.net,https://linkedin.com/in/hoffmanalan,Austin,Self-taught,Harvard,23,Tesla,"['E-commerce', 'Cybersecurity', 'AgriTech']",True,False,2018-02-23
founder_6,Audrey Davidson,charleswright@example.org,https://linkedin.com/in/josephnolan,Washington DC,Master's,Harvard,23,Finance,"['Blockchain', 'E-commerce']",True,False,2022-08-16
founder_7,Mrs. Jordan Wang DDS,jessicacole@example.org,https://linkedin.com/in/pwest,San Francisco,PhD,UC Berkeley,4,Facebook,['AgriTech'],True,False,2018-04-03
founder_8,Austin Torres,greenjoshua@example.com,https://linkedin.com/in/joseph32,Philadelphia,PhD,MIT,3,Amazon,"['InsurTech', 'FoodTech', 'HRTech']",False,True,2020-10-15
founder_9,William Sellers,jessica75@example.org,https://linkedin.com/in/vcastaneda,Chicago,PhD,Other,6,Microsoft,"['PropTech', 'AgriTech']",True,False,2025-03-08
founder_10,Carol Martin,xmiller@example.com,https://linkedin.com/in/michaelortiz,San Francisco,Self-taught,UC Berkeley,13,Startup,"['Cybersecurity', 'Gaming', 'SaaS']",False,False,2017-06-08
founder_11,Laurie Callahan,mistyneal@example.org,https://linkedin.com/in/juanbenton,Phoenix,Bachelor's,CMU,6,Tesla,['FinTech'],True,True,2017-06-27
founder_12,Lisa Brandt,unorris@example.com,https://linkedin.com/in/ygarcia,Los Angeles,Bachelor's,,24,Apple,"['AgriTech', 'HealthTech']",True,False,2023-02-09
founder_13,Miranda Morris,jon60@example.com,https://linkedin.com/in/lisa15,Portland,PhD,Other,8,Tesla,"['InsurTech', 'HealthTech']",False,False,2021-01-02
founder_14,Misty Walker,irobinson@example.org,https://linkedin.com/in/adavis,Austin,Self-taught,,16,Startup,['InsurTech'],True,False,2017-10-30
founder_15,Gregory Peters,codycaldwell@example.org,https://linkedin.com/in/ysmith,Miami,Master's,MIT,9,Google,['HRTech'],True,False,2024-07-29
founder_16,Kristen Todd,melanie20@example.net,https://linkedin.com/in/joshuacox,New York,Bachelor's,Other,1,Facebook,"['Gaming', 'FinTech', 'FoodTech']",True,True,2023-12-26
founder_17,Lisa Peters,dylanyork@example.com,https://linkedin.com/in/sarahmerritt,Austin,Self-taught,Harvard,5,Tesla,"['E-commerce', 'InsurTech', 'MarTech']",False,False,2025-05-07
founder_18,Jamie Williams,alicia02@example.net,https://linkedin.com/in/flynch,Seattle,Master's,CMU,18,Amazon,"['EdTech', 'LegalTech', 'HRTech']",True,False,2018-06-30
founder_19,Jessica Miller,richardmorgan@example.org,https://linkedin.com/in/tsmith,Philadelphia,Bachelor's,,2,Startup,"['LegalTech', 'E-commerce']",True,False,2023-03-02
founder_20,Brooke David,james57@example.net,https://linkedin.com/in/elijahstout,Washington DC,Master's,,25,Tesla,"['FinTech', 'PropTech']",False,False,2022-05-14
founder_21,Thomas Kelly,geoffreyking@example.net,https://linkedin.com/in/sleblanc,Austin,Bachelor's,UC Berkeley,13,Microsoft,"['SaaS', 'Cybersecurity']",False,True,2021-12-30
founder_22,Leah Knight,jonescourtney@example.com,https://linkedin.com/in/sbradley,Portland,Bootcamp,MIT,10,Tesla,['HRTech'],True,False,2019-10-10
founder_23,Scott Maxwell,heather48@example.org,https://linkedin.com/in/kaguirre,Chicago,Master's,Caltech,4,Startup,"['MarTech', 'Cybersecurity']",False,False,2017-01-02
founder_24,Antonio Soto,amandalewis@example.org,https://linkedin.com/in/justin75,Seattle,Self-taught,Stanford,13,Tesla,['LegalTech'],True,False,2024-10-19
founder_25,Melissa Stevens,dhoward@example.org,https://linkedin.com/in/lisa19,Seattle,Master's,,2,Tesla,"['SaaS', 'IoT']",False,False,2023-06-02
founder_26,Justin Barnett,rodriguezroger@example.net,https://linkedin.com/in/brownmelissa,Los Angeles,PhD,Other,14,Amazon,"['HRTech', 'Blockchain', 'IoT']",True,False,2017-03-10
founder_27,Jennifer Garcia,hbrowning@example.com,https://linkedin.com/in/lauramccarty,Philadelphia,Bootcamp,,15,Facebook,['LegalTech'],True,False,2024-12-11
founder_28,Gary Bennett,larry07@example.org,https://linkedin.com/in/codycollins,Phoenix,PhD,Other,14,Google,"['HealthTech', 'MarTech']",True,False,2021-01-22
founder_29,Erin Schultz,munozcody@example.org,https://linkedin.com/in/jason88,Portland,Bootcamp,,19,Apple,"['LegalTech', 'E-commerce', 'InsurTech']",True,False,2023-09-02
founder_30,Mary Morales,clarkjacqueline@example.net,https://linkedin.com/in/stephen69,Denver,Bootcamp,Harvard,18,Apple,"['MarTech', 'LegalTech']",True,False,2024-11-07
founder_31,Gary Hawkins,wwatson@example.net,https://linkedin.com/in/bradyheather,Philadelphia,PhD,,18,Facebook,"['FinTech', 'AgriTech', 'MarTech']",True,False,2022-02-03
founder_32,Eric Long,bautistawilliam@example.net,https://linkedin.com/in/nicolemcdonald,Atlanta,Master's,UC Berkeley,21,Amazon,['AgriTech'],False,True,2025-03-26
founder_33,Paula Montoya,dylanpowell@example.net,https://linkedin.com/in/rtaylor,Nashville,Master's,CMU,10,Finance,"['Cybersecurity', 'HRTech', 'AI/ML']",True,False,2016-03-14
founder_34,Ashley Johnson,dwilliams@example.com,https://linkedin.com/in/druiz,Philadelphia,Bootcamp,CMU,7,Startup,"['SaaS', 'MarTech', 'HealthTech']",True,True,2024-02-08
founder_35,Rachel Smith,nicolecain@example.net,https://linkedin.com/in/taylorsean,Phoenix,Bachelor's,Stanford,5,Consulting,"['Cybersecurity', 'E-commerce', 'IoT']",True,False,2016-03-06
founder_36,Anne Jones,wilsonmichelle@example.net,https://linkedin.com/in/qharris,Phoenix,PhD,Harvard,0,Google,"['CleanTech', 'InsurTech']",False,False,2017-03-17
founder_37,Christopher Williamson,wjohnson@example.org,https://linkedin.com/in/ismith,Portland,PhD,,11,Google,"['Gaming', 'FinTech']",True,True,2022-09-28
founder_38,Scott Garcia,bclark@example.net,https://linkedin.com/in/tanya17,Austin,Bachelor's,CMU,1,Apple,"['AI/ML', 'AgriTech']",False,False,2024-06-26
founder_39,Kristen Arnold,melissaweaver@example.org,https://linkedin.com/in/kimberlyking,San Diego,Self-taught,,10,Consulting,"['AgriTech', 'InsurTech', 'AI/ML']",True,False,2022-02-15
founder_40,Diana Stanley,danielle13@example.org,https://linkedin.com/in/omonroe,San Francisco,Bootcamp,,2,Apple,"['CleanTech', 'FoodTech', 'InsurTech']",False,False,2017-01-09
founder_41,Jacqueline Rogers,bhall@example.org,https://linkedin.com/in/nsmith,Philadelphia,Master's,,8,Amazon,['IoT'],True,True,2018-05-28
founder_42,Alejandro Harrison,uwatson@example.net,https://linkedin.com/in/nortontiffany,Austin,Master's,CMU,5,Google,"['LegalTech', 'Cybersecurity', 'CleanTech']",True,False,2021-12-03
founder_43,Joseph Brown,michellecastaneda@example.org,https://linkedin.com/in/rmorgan,Miami,Master's,Other,24,Amazon,['HRTech'],True,False,2022-08-27
founder_44,Allen Roberts,adamstroy@example.org,https://linkedin.com/in/thompsonkathy,Chicago,Master's,CMU,14,Startup,"['PropTech', 'IoT', 'E-commerce']",True,False,2017-08-22
founder_45,Andrew Ferguson,ashley77@example.com,https://linkedin.com/in/thompsondavid,Phoenix,PhD,CMU,12,Startup,['Gaming'],True,False,2024-04-18
founder_46,Diane Reyes,kellywilliams@example.net,https://linkedin.com/in/matthewmckay,Austin,Master's,Other,25,Consulting,"['Blockchain', 'Cybersecurity', 'HealthTech']",True,False,2017-02-19
founder_47,John Jackson,jessica89@example.net,https://linkedin.com/in/callen,Miami,Self-taught,UC Berkeley,0,Google,"['Blockchain', 'CleanTech', 'Gaming']",False,False,2023-07-20
founder_48,Kimberly Wells PhD,branchcrystal@example.org,https://linkedin.com/in/bfisher,Philadelphia,Bootcamp,,13,Microsoft,"['InsurTech', 'FoodTech', 'E-commerce']",False,True,2022-04-21
founder_49,Victoria Morris,eatoncharlene@example.net,https://linkedin.com/in/dana18,Denver,PhD,Harvard,3,Apple,"['Blockchain', 'LegalTech']",False,False,2018-02-15
founder_50,Arthur Ramirez,mbennett@example.com,https://linkedin.com/in/isingh,Austin,Bootcamp,CMU,6,Amazon,"['AI/ML', 'MarTech', 'HRTech']",False,False,2016-03-31
founder_51,Alicia Brown,rmason@example.net,https://linkedin.com/in/joseph70,Miami,Master's,,20,Apple,"['FoodTech', 'FinTech']",True,False,2024-05-15
founder_52,Jorge Barnes,ystewart@example.com,https://linkedin.com/in/michaelstanley,Portland,Master's,Stanford,19,Amazon,"['InsurTech', 'Cybersecurity', 'FinTech']",False,True,2016-09-07
founder_53,Maria Robertson,charles15@example.net,https://linkedin.com/in/lori97,Los Angeles,Bootcamp,,23,Microsoft,"['Blockchain', 'CleanTech', 'MarTech']",False,False,2017-01-14
founder_54,Jonathan Jennings,christinefinley@example.net,https://linkedin.com/in/betty25,Atlanta,Bootcamp,Caltech,15,Tesla,['HealthTech'],False,False,2023-04-29
founder_55,Dawn Smith,rhardin@example.com,https://linkedin.com/in/lisadorsey,San Diego,Bachelor's,,9,Consulting,"['SaaS', 'PropTech']",True,False,2020-12-17
founder_56,Patrick Burke,ronaldwilliams@example.net,https://linkedin.com/in/tmoore,San Francisco,Bachelor's,,21,Consulting,['AI/ML'],True,False,2021-04-20
founder_57,Tony Henson,afields@example.org,https://linkedin.com/in/jennifer53,New York,Bootcamp,Harvard,18,Startup,"['AgriTech', 'CleanTech']",False,False,2015-08-12
founder_58,Aaron Neal,margaret46@example.org,https://linkedin.com/in/davismatthew,Denver,PhD,Harvard,1,Microsoft,"['InsurTech', 'HRTech']",True,True,2024-04-03
founder_59,Janet Harris,ohess@example.net,https://linkedin.com/in/howardtina,San Francisco,Bachelor's,Harvard,3,Finance,"['Blockchain', 'PropTech']",False,False,2018-05-15
founder_60,Margaret Schultz,samantha10@example.org,https://linkedin.com/in/bscott,Los Angeles,Self-taught,,22,Consulting,['AI/ML'],False,False,2016-03-05
founder_61,Theresa Stanley,beverlyford@example.com,https://linkedin.com/in/fmcgee,Philadelphia,Self-taught,CMU,13,Apple,"['InsurTech', 'SaaS', 'PropTech']",False,False,2016-11-26
founder_62,Gabriela Morris,fisherkaitlyn@example.net,https://linkedin.com/in/hollyroach,San Diego,Self-taught,Harvard,10,Microsoft,"['HealthTech', 'LegalTech', 'Blockchain']",True,False,2020-06-20
founder_63,Jennifer Bright,reginald81@example.net,https://linkedin.com/in/laurie14,San Francisco,Bachelor's,,23,Finance,"['E-commerce', 'PropTech', 'CleanTech']",False,False,2021-07-05
founder_64,Allison Diaz,stacygonzalez@example.com,https://linkedin.com/in/vincentyang,Washington DC,Bootcamp,,21,Consulting,"['PropTech', 'HealthTech']",True,False,2023-01-12
founder_65,Randy Rogers,martinjeremy@example.net,https://linkedin.com/in/brendanmorris,Dallas,PhD,,6,Finance,"['HRTech', 'AI/ML']",True,False,2018-11-09
founder_66,Angela Sanchez,michellewang@example.net,https://linkedin.com/in/iwalker,Atlanta,Master's,UC Berkeley,16,Consulting,['Blockchain'],True,False,2016-01-28
founder_67,James Hall,justin94@example.net,https://linkedin.com/in/ysampson,San Francisco,Bootcamp,MIT,19,Finance,"['HealthTech', 'HRTech', 'SaaS']",False,True,2019-11-27
founder_68,Elizabeth Rodriguez,greenkim@example.net,https://linkedin.com/in/lauraperez,Seattle,Self-taught,MIT,12,Apple,['FinTech'],True,False,2025-05-10
founder_69,Alejandra Hill,burnsjill@example.org,https://linkedin.com/in/johngray,Atlanta,PhD,Other,6,Microsoft,['SaaS'],True,False,2019-10-09
founder_70,Jennifer Wells,christopherschaefer@example.com,https://linkedin.com/in/omorris,Dallas,PhD,CMU,13,Finance,"['LegalTech', 'Cybersecurity', 'InsurTech']",True,False,2023-01-03
founder_71,Michael Howard,jennyweaver@example.net,https://linkedin.com/in/selena81,Philadelphia,Bachelor's,,10,Startup,"['E-commerce', 'EdTech']",True,True,2016-02-13
founder_72,Patrick Cameron,taraobrien@example.com,https://linkedin.com/in/morrisjames,Philadelphia,Master's,MIT,21,Consulting,"['HRTech', 'HealthTech']",True,False,2016-06-29
founder_73,Rachel Payne,greenkatherine@example.org,https://linkedin.com/in/martinezcory,New York,PhD,Harvard,18,Google,"['HRTech', 'FinTech']",True,False,2016-12-01
founder_74,Justin Maynard,tjones@example.net,https://linkedin.com/in/fordbryan,Phoenix,Bootcamp,MIT,21,Consulting,['Blockchain'],True,False,2024-03-08
founder_75,Eric Nicholson,aaron37@example.org,https://linkedin.com/in/emily93,San Diego,PhD,,23,Apple,"['Cybersecurity', 'LegalTech', 'MarTech']",False,False,2018-08-31
founder_76,Lauren Harris,ufrancis@example.org,https://linkedin.com/in/gmckenzie,San Diego,Bachelor's,,8,Facebook,"['FinTech', 'EdTech']",True,False,2019-09-07
founder_77,Catherine Edwards,april37@example.org,https://linkedin.com/in/jmarshall,Washington DC,Bootcamp,CMU,1,Consulting,"['Cybersecurity', 'SaaS']",True,True,2023-08-08
founder_78,Stephanie Lopez,debbie16@example.org,https://linkedin.com/in/elizabethbenton,Chicago,Self-taught,CMU,9,Facebook,"['Cybersecurity', 'IoT']",True,False,2024-05-12
founder_79,Ryan Morgan,hardingdiana@example.net,https://linkedin.com/in/clarkcrystal,San Diego,Self-taught,Stanford,10,Microsoft,"['E-commerce', 'AI/ML']",False,False,2017-10-03
founder_80,Christopher Frey,iallen@example.net,https://linkedin.com/in/kreyes,San Diego,Bachelor's,Harvard,22,Amazon,['Cybersecurity'],True,False,2023-07-14
founder_81,Tina Cunningham,john19@example.com,https://linkedin.com/in/erin09,Miami,Master's,UC Berkeley,24,Finance,['E-commerce'],False,False,2021-02-28
founder_82,Tamara Carlson,amytorres@example.org,https://linkedin.com/in/vanessascott,Seattle,PhD,UC Berkeley,20,Tesla,['Cybersecurity'],True,False,2018-08-11
founder_83,Amanda Arnold,kimberly23@example.org,https://linkedin.com/in/debra24,Philadelphia,PhD,,14,Tesla,['SaaS'],True,False,2016-01-24
founder_84,Meghan Moore,clong@example.org,https://linkedin.com/in/michaelcarr,Atlanta,Self-taught,Other,9,Finance,"['CleanTech', 'FinTech']",False,False,2016-08-09
founder_85,Angela Mitchell,aaronsmith@example.com,https://linkedin.com/in/whitneyavila,New York,Master's,,2,Apple,"['FinTech', 'AI/ML', 'HRTech']",False,False,2021-01-28
founder_86,Jeremy Williams,norriszachary@example.org,https://linkedin.com/in/cleonard,Phoenix,PhD,,20,Amazon,"['Cybersecurity', 'InsurTech', 'CleanTech']",True,False,2019-10-23
founder_87,Patrick Hernandez,smullen@example.com,https://linkedin.com/in/hoerika,San Francisco,PhD,Caltech,9,Startup,"['Cybersecurity', 'Blockchain', 'CleanTech']",False,False,2018-10-26
founder_88,Matthew Morgan,dominique27@example.net,https://linkedin.com/in/mthompson,New York,PhD,UC Berkeley,17,Apple,"['Blockchain', 'FinTech', 'HRTech']",False,False,2016-06-09
founder_89,Austin Murillo,joshuasmith@example.net,https://linkedin.com/in/jacobroberts,Phoenix,Master's,Stanford,8,Tesla,"['FoodTech', 'EdTech']",False,False,2022-05-04
founder_90,Janice Peterson,yfoley@example.net,https://linkedin.com/in/freynolds,Los Angeles,Master's,CMU,7,Amazon,"['FinTech', 'AI/ML', 'EdTech']",True,True,2018-11-08
founder_91,Pamela Long,josebennett@example.net,https://linkedin.com/in/frazierpaul,Dallas,PhD,CMU,22,Microsoft,"['AgriTech', 'AI/ML']",False,False,2023-03-14
founder_92,Kayla Cook,bennettdominique@example.org,https://linkedin.com/in/carlos98,Dallas,Bachelor's,Stanford,7,Finance,"['IoT', 'PropTech']",True,False,2018-09-08
founder_93,Kayla Nguyen,susan38@example.net,https://linkedin.com/in/reyesbarbara,Philadelphia,Bootcamp,Other,11,Consulting,['AI/ML'],True,False,2017-05-20
founder_94,Todd Savage,melissagreen@example.net,https://linkedin.com/in/matthewbarrera,Dallas,Bootcamp,MIT,9,Microsoft,['MarTech'],True,False,2018-01-31
founder_95,Jessica Johnson,vanessa78@example.net,https://linkedin.com/in/josephglenn,Austin,PhD,Harvard,19,Google,"['FinTech', 'E-commerce']",True,False,2023-06-28
founder_96,Kyle Rowland,qross@example.com,https://linkedin.com/in/kristinajones,Miami,Bootcamp,Other,20,Finance,"['InsurTech', 'IoT']",True,True,2019-02-16
founder_97,Kenneth Smith,lisahenson@example.org,https://linkedin.com/in/alan85,Phoenix,PhD,CMU,25,Amazon,"['HRTech', 'EdTech']",True,True,2021-09-13
founder_98,Keith Carter,lindseyfarmer@example.org,https://linkedin.com/in/stevenhunter,Philadelphia,Self-taught,Harvard,0,Tesla,['Blockchain'],True,True,2019-05-12
founder_99,Heather Reese,kevinfernandez@example.com,https://linkedin.com/in/johnanderson,San Francisco,Bootcamp,Harvard,13,Startup,"['Cybersecurity', 'SaaS']",True,False,2024-04-21
founder_100,Adrian Reed,piercedonald@example.org,https://linkedin.com/in/dhernandez,Nashville,Bootcamp,Harvard,4,Apple,['HealthTech'],True,False,2025-03-01
founder_101,Ellen Doyle,morganluis@example.org,https://linkedin.com/in/bcurtis,Miami,PhD,Stanford,11,Tesla,"['FoodTech', 'SaaS', 'Gaming']",True,False,2021-10-22
founder_102,Kellie Ortiz,ngreer@example.org,https://linkedin.com/in/mark13,New York,Self-taught,,7,Microsoft,"['EdTech', 'FinTech']",True,False,2024-01-25
founder_103,Claudia Hudson,michaelreeves@example.com,https://linkedin.com/in/dhunter,San Francisco,PhD,MIT,8,Facebook,['InsurTech'],False,False,2019-01-09
founder_104,Robin Gutierrez,ylee@example.com,https://linkedin.com/in/jessicahall,Austin,Bachelor's,CMU,16,Startup,"['CleanTech', 'HealthTech']",True,True,2018-12-20
founder_105,Kenneth Taylor,jamie80@example.com,https://linkedin.com/in/melanie07,Portland,Bachelor's,,10,Finance,"['Gaming', 'AI/ML']",True,False,2016-09-20
founder_106,Gregory Smith,jeanetteperez@example.org,https://linkedin.com/in/rogerselizabeth,Phoenix,Master's,,1,Finance,"['LegalTech', 'HRTech', 'EdTech']",True,False,2023-07-05
founder_107,Brandon Scott,perezjonathan@example.com,https://linkedin.com/in/bowmanjennifer,Miami,Master's,Harvard,20,Apple,"['LegalTech', 'E-commerce', 'FinTech']",True,False,2016-09-07
founder_108,John Ramsey,henryelizabeth@example.org,https://linkedin.com/in/klane,Austin,Bootcamp,Caltech,17,Facebook,['E-commerce'],True,False,2020-11-12
founder_109,Denise Thompson,reevessabrina@example.net,https://linkedin.com/in/tbaker,Washington DC,Bachelor's,CMU,22,Consulting,"['LegalTech', 'Blockchain', 'Cybersecurity']",False,False,2015-12-18
founder_110,Anthony Munoz,robert03@example.net,https://linkedin.com/in/sawyerphilip,Austin,Bootcamp,,2,Microsoft,['AgriTech'],True,False,2019-03-27
founder_111,Sheri Taylor,morrisonstephanie@example.com,https://linkedin.com/in/toddgarcia,Denver,Self-taught,UC Berkeley,13,Apple,['EdTech'],True,True,2025-04-30
founder_112,Christopher Farrell,annaroman@example.org,https://linkedin.com/in/andrew77,Austin,Bachelor's,CMU,10,Consulting,"['Gaming', 'HealthTech', 'AI/ML']",False,False,2023-04-24
founder_113,Todd Simmons,lneal@example.net,https://linkedin.com/in/riggsdonald,Boston,Bachelor's,,17,Amazon,"['CleanTech', 'FoodTech']",True,False,2024-07-20
founder_114,Jon Parker,antoniocardenas@example.com,https://linkedin.com/in/swilson,New York,Bachelor's,,17,Apple,"['Cybersecurity', 'HealthTech']",False,False,2019-03-27
founder_115,Kim Ho,dortiz@example.org,https://linkedin.com/in/jonathan20,Atlanta,Master's,Caltech,21,Facebook,"['InsurTech', 'E-commerce']",True,True,2020-11-28
founder_116,Michelle Wilson,mhughes@example.com,https://linkedin.com/in/karenortega,Atlanta,Master's,Stanford,22,Microsoft,"['AgriTech', 'E-commerce', 'IoT']",True,False,2024-11-11
founder_117,Judy Williams,wilsonmegan@example.org,https://linkedin.com/in/ekeller,Portland,Self-taught,Caltech,1,Microsoft,['HealthTech'],True,False,2019-07-31
founder_118,Gregory Scott,taylorjeremy@example.com,https://linkedin.com/in/mooreangelica,Dallas,Master's,Stanford,15,Consulting,['IoT'],True,False,2018-01-05
founder_119,Karen Farmer,dwerner@example.com,https://linkedin.com/in/tonylewis,Miami,Bachelor's,Harvard,22,Finance,"['EdTech', 'SaaS', 'LegalTech']",False,False,2020-12-13
founder_120,Kathy Spears,carriesnyder@example.com,https://linkedin.com/in/zadams,Dallas,Master's,,9,Google,"['E-commerce', 'HRTech']",True,False,2023-05-27
founder_121,Logan Powell,jimenezbrian@example.net,https://linkedin.com/in/lisawood,Seattle,Bachelor's,Caltech,6,Microsoft,"['PropTech', 'Gaming', 'InsurTech']",True,False,2016-01-26
founder_122,Christopher Butler,shanewalker@example.org,https://linkedin.com/in/john03,Seattle,Bachelor's,,18,Tesla,['Blockchain'],True,False,2019-03-17
founder_123,Thomas Andrews,barrerachristopher@example.com,https://linkedin.com/in/xjackson,Portland,PhD,CMU,1,Tesla,"['AgriTech', 'IoT', 'SaaS']",True,False,2018-02-11
founder_124,Joshua Sherman,kelly42@example.com,https://linkedin.com/in/murraypaul,Boston,Self-taught,Harvard,16,Tesla,"['AgriTech', 'SaaS', 'PropTech']",True,False,2020-05-25
founder_125,Johnathan Mills,wilsonrebecca@example.org,https://linkedin.com/in/mthornton,Chicago,Bootcamp,,2,Microsoft,['Blockchain'],True,False,2019-05-11
founder_126,Theresa Abbott,kristenjohnson@example.com,https://linkedin.com/in/fserrano,Portland,Self-taught,CMU,3,Amazon,['FinTech'],False,False,2018-12-16
founder_127,Michael Kelly,mbrown@example.net,https://linkedin.com/in/christina00,San Francisco,Bootcamp,Caltech,0,Startup,"['HealthTech', 'EdTech', 'CleanTech']",False,False,2024-01-11
founder_128,Amy Marshall,antonio76@example.org,https://linkedin.com/in/murphytonya,Nashville,PhD,Caltech,14,Startup,['Gaming'],False,False,2016-02-28
founder_129,Kevin Ramirez,jimmy29@example.org,https://linkedin.com/in/greenmary,Boston,Self-taught,MIT,19,Microsoft,"['EdTech', 'E-commerce']",False,True,2015-12-03
founder_130,Christina Brown,meyerstephanie@example.com,https://linkedin.com/in/currymark,Portland,Self-taught,,21,Amazon,['LegalTech'],True,False,2022-04-05
founder_131,Eric Rubio,justinnguyen@example.org,https://linkedin.com/in/sjackson,Nashville,Bootcamp,Harvard,10,Google,"['InsurTech', 'AI/ML', 'PropTech']",True,False,2020-07-18
founder_132,Karen Jenkins,tylersanchez@example.org,https://linkedin.com/in/adamsaudrey,Portland,Bachelor's,,10,Google,['Blockchain'],False,False,2019-07-30
founder_133,Tracy Jones,tammyzamora@example.com,https://linkedin.com/in/ssalas,Los Angeles,Bootcamp,UC Berkeley,22,Facebook,"['Blockchain', 'FoodTech', 'AI/ML']",True,False,2022-01-09
founder_134,Timothy Davis,sharon63@example.net,https://linkedin.com/in/robert14,New York,Self-taught,Caltech,7,Startup,['MarTech'],True,False,2023-02-12
founder_135,Catherine Smith,sandovalgerald@example.org,https://linkedin.com/in/melissa33,Denver,Master's,Harvard,10,Amazon,"['PropTech', 'FinTech', 'Blockchain']",False,False,2015-12-17
founder_136,Tyler Soto,hfrench@example.org,https://linkedin.com/in/rita19,San Diego,Bachelor's,Other,5,Apple,"['SaaS', 'Cybersecurity', 'EdTech']",True,False,2018-02-17
founder_137,Phillip Hall,brian25@example.com,https://linkedin.com/in/wlewis,Austin,Bootcamp,UC Berkeley,11,Facebook,"['CleanTech', 'SaaS', 'IoT']",False,False,2018-11-29
founder_138,Paula Harris,smithcindy@example.org,https://linkedin.com/in/halenicole,San Diego,Bachelor's,,16,Amazon,"['FoodTech', 'E-commerce', 'Cybersecurity']",False,False,2021-12-30
founder_139,Sonia Ramsey,rmiller@example.net,https://linkedin.com/in/jennifer46,Phoenix,Master's,Stanford,5,Consulting,['AI/ML'],False,True,2016-04-25
founder_140,Jay Davidson,dan66@example.org,https://linkedin.com/in/ricedaisy,Chicago,Bachelor's,,8,Consulting,"['Blockchain', 'SaaS']",False,False,2019-02-05
founder_141,Thomas Romero,bbrown@example.net,https://linkedin.com/in/erinnorton,New York,Self-taught,Other,0,Google,['InsurTech'],False,False,2023-11-15
founder_142,Barbara Thomas,johnsonteresa@example.com,https://linkedin.com/in/wwhite,San Francisco,Self-taught,,11,Google,['Gaming'],True,False,2016-10-04
founder_143,David Skinner,lindsey09@example.org,https://linkedin.com/in/daniel79,Seattle,Master's,UC Berkeley,22,Startup,"['PropTech', 'LegalTech', 'SaaS']",False,True,2019-10-27
founder_144,Patricia Spence,floresmary@example.com,https://linkedin.com/in/phillipserica,Miami,Master's,,8,Tesla,"['FinTech', 'AgriTech', 'Gaming']",True,True,2024-01-13
founder_145,Don Sanchez,kevinconway@example.net,https://linkedin.com/in/tdavid,Austin,Self-taught,Stanford,21,Google,"['FinTech', 'Cybersecurity', 'MarTech']",False,False,2020-01-05
founder_146,Matthew Schmitt,jordan77@example.net,https://linkedin.com/in/fmiddleton,Portland,Master's,UC Berkeley,1,Google,"['LegalTech', 'AI/ML']",True,False,2020-06-24
founder_147,Lauren Richard,daniel82@example.net,https://linkedin.com/in/loriblake,Atlanta,Bachelor's,CMU,18,Facebook,"['InsurTech', 'CleanTech']",True,False,2019-11-26
founder_148,Anna Donovan,howardelizabeth@example.org,https://linkedin.com/in/matthew00,Seattle,PhD,CMU,10,Tesla,"['Gaming', 'MarTech', 'AI/ML']",False,False,2023-09-20
founder_149,Megan Davis,oortega@example.org,https://linkedin.com/in/robert23,Atlanta,Self-taught,CMU,9,Consulting,['PropTech'],False,False,2023-04-07
founder_150,Eddie Lee,ysantiago@example.com,https://linkedin.com/in/baileymary,Austin,Bachelor's,,24,Consulting,['Blockchain'],True,False,2018-04-11
founder_151,Cynthia Tate,nicholasrobinson@example.net,https://linkedin.com/in/colleenmcclain,Chicago,Bachelor's,Other,22,Amazon,"['LegalTech', 'InsurTech', 'Gaming']",False,False,2016-11-25
founder_152,Mitchell Ward,kathy35@example.com,https://linkedin.com/in/williamthomas,Los Angeles,Bachelor's,,4,Tesla,"['SaaS', 'HealthTech']",True,True,2023-11-19
founder_153,Nicole Hayes,taylor95@example.org,https://linkedin.com/in/laura24,Miami,Master's,,1,Startup,"['InsurTech', 'EdTech', 'AI/ML']",True,False,2024-04-23
founder_154,Miguel Cardenas,tiffanystokes@example.net,https://linkedin.com/in/brandygarcia,Denver,Self-taught,,21,Facebook,['EdTech'],True,False,2018-09-19
founder_155,Zachary Sanchez,allenjennifer@example.com,https://linkedin.com/in/susan58,New York,Self-taught,Harvard,15,Google,['InsurTech'],False,False,2016-04-22
founder_156,Clinton Moore,vdavis@example.com,https://linkedin.com/in/collinsjason,San Francisco,Bootcamp,Harvard,5,Tesla,"['PropTech', 'IoT', 'Blockchain']",False,False,2021-04-21
founder_157,Joel Alexander,roliver@example.com,https://linkedin.com/in/hmclaughlin,Nashville,Bootcamp,Other,3,Google,"['FoodTech', 'E-commerce', 'HRTech']",True,True,2016-06-25
founder_158,Laura Freeman,becky70@example.org,https://linkedin.com/in/frazierphillip,San Francisco,Self-taught,,4,Microsoft,"['IoT', 'HRTech']",False,False,2021-08-28
founder_159,James Roberts,eric37@example.org,https://linkedin.com/in/qchavez,San Francisco,PhD,Caltech,1,Amazon,"['E-commerce', 'LegalTech', 'HealthTech']",True,False,2021-09-20
founder_160,Michelle Davis,joshua47@example.com,https://linkedin.com/in/michael02,Philadelphia,Master's,CMU,3,Startup,"['FinTech', 'MarTech', 'IoT']",True,False,2018-05-29
founder_161,Tracy Brady,davisjoshua@example.com,https://linkedin.com/in/robertmoore,Portland,Bootcamp,,14,Amazon,['CleanTech'],False,True,2025-01-27
founder_162,William George,traciemoore@example.org,https://linkedin.com/in/christina94,San Francisco,Master's,,21,Consulting,"['LegalTech', 'FoodTech']",False,False,2020-10-11
founder_163,Thomas Morrison,patricia60@example.net,https://linkedin.com/in/kwilliams,Dallas,Bootcamp,Caltech,10,Startup,"['MarTech', 'HealthTech', 'Cybersecurity']",True,False,2018-10-22
founder_164,Sarah Rogers,wjohnson@example.com,https://linkedin.com/in/xwinters,Los Angeles,PhD,,19,Facebook,"['SaaS', 'FoodTech']",True,False,2023-07-06
founder_165,Robert Delgado,justincollier@example.com,https://linkedin.com/in/johnrios,New York,Self-taught,MIT,3,Facebook,['MarTech'],True,False,2017-07-27
founder_166,Christine Steele,sarah84@example.org,https://linkedin.com/in/erinsmith,Philadelphia,Bachelor's,Other,16,Consulting,"['HealthTech', 'CleanTech', 'EdTech']",False,True,2023-10-23
founder_167,Julia Moore,raymondyoung@example.org,https://linkedin.com/in/harrycooke,Chicago,PhD,,18,Tesla,['Cybersecurity'],True,False,2018-06-24
founder_168,Kyle Wagner,jball@example.org,https://linkedin.com/in/brookemcgee,Philadelphia,Self-taught,,18,Apple,['HRTech'],False,True,2023-12-24
founder_169,Stephanie Vaughn,timothymoore@example.com,https://linkedin.com/in/darin18,New York,Self-taught,Other,1,Tesla,"['CleanTech', 'SaaS']",False,False,2016-06-22
founder_170,James Lee,currymegan@example.com,https://linkedin.com/in/monicawhite,Nashville,Self-taught,,19,Apple,"['CleanTech', 'InsurTech', 'PropTech']",True,False,2017-11-28
founder_171,Tamara Baker,richardcrawford@example.org,https://linkedin.com/in/xclark,Atlanta,Self-taught,,3,Facebook,['AgriTech'],False,False,2023-12-22
founder_172,Holly Garrett,fmorrison@example.com,https://linkedin.com/in/richard88,Austin,Bootcamp,,22,Consulting,"['AI/ML', 'MarTech']",True,False,2024-12-05
founder_173,William Zimmerman,bryantmichael@example.com,https://linkedin.com/in/brandijohnson,Portland,PhD,MIT,2,Google,"['E-commerce', 'EdTech']",True,True,2021-04-21
founder_174,Victoria Reed,alvin21@example.com,https://linkedin.com/in/palmerdesiree,San Francisco,Self-taught,,0,Google,['EdTech'],False,False,2020-01-08
founder_175,Kimberly Goodman,timothymartinez@example.com,https://linkedin.com/in/jessica03,San Francisco,Bachelor's,,5,Finance,['LegalTech'],True,False,2019-01-07
founder_176,Craig Fields,eferguson@example.org,https://linkedin.com/in/benjaminsmith,Miami,Master's,UC Berkeley,19,Microsoft,['LegalTech'],False,False,2017-09-24
founder_177,Alicia Wilson,nicholasnguyen@example.com,https://linkedin.com/in/amanda31,Phoenix,Bachelor's,Other,2,Consulting,['Cybersecurity'],True,False,2025-02-27
founder_178,Yvonne Spencer,megan64@example.org,https://linkedin.com/in/gomezvincent,Denver,Master's,,12,Tesla,"['IoT', 'LegalTech']",False,False,2020-05-16
founder_179,Patrick Whitney,jessica39@example.net,https://linkedin.com/in/william25,Chicago,Bootcamp,Harvard,25,Google,"['InsurTech', 'AI/ML', 'SaaS']",False,False,2016-03-13
founder_180,Allison Watson,john39@example.com,https://linkedin.com/in/rogerelliott,Miami,Self-taught,,14,Google,['PropTech'],True,False,2017-08-03
founder_181,Donald Melton,samanthachan@example.com,https://linkedin.com/in/david90,Boston,Bachelor's,Harvard,0,Amazon,['EdTech'],False,False,2019-05-11
founder_182,Dr. Chelsea Padilla,jessicamiller@example.org,https://linkedin.com/in/samuel17,Chicago,PhD,Other,16,Tesla,"['Gaming', 'MarTech']",True,False,2024-10-07
founder_183,Kimberly Holmes,cwilson@example.com,https://linkedin.com/in/caroline39,San Diego,Master's,UC Berkeley,17,Apple,"['Cybersecurity', 'AI/ML', 'InsurTech']",False,False,2025-01-01
founder_184,Gwendolyn Hines,wbradley@example.com,https://linkedin.com/in/christopher45,Austin,PhD,Stanford,13,Finance,['AI/ML'],True,False,2020-12-10
founder_185,Joseph Perez,swansonanthony@example.org,https://linkedin.com/in/ashleyharmon,Philadelphia,Bachelor's,,6,Microsoft,"['FinTech', 'HealthTech', 'LegalTech']",True,False,2025-04-01
founder_186,Melissa Fischer,angela42@example.org,https://linkedin.com/in/yhuff,Atlanta,Bootcamp,UC Berkeley,12,Microsoft,"['Gaming', 'Cybersecurity', 'AgriTech']",True,True,2023-08-19
founder_187,Mark Carlson,adrian98@example.net,https://linkedin.com/in/millerdavid,San Francisco,Bootcamp,Caltech,19,Finance,['HealthTech'],False,False,2023-12-03
founder_188,Vincent Mitchell,tina00@example.org,https://linkedin.com/in/davidsonronald,Austin,Master's,Other,13,Facebook,"['Blockchain', 'AgriTech', 'InsurTech']",True,True,2020-01-26
founder_189,Carol Johnston,butlerjonathan@example.org,https://linkedin.com/in/kruiz,Portland,Master's,UC Berkeley,15,Apple,['EdTech'],True,False,2018-06-29
founder_190,Donald Ramos,ydelacruz@example.org,https://linkedin.com/in/goodmanjennifer,Los Angeles,Bachelor's,,6,Tesla,"['Cybersecurity', 'E-commerce', 'HRTech']",False,False,2020-02-04
founder_191,Marilyn Smith,newtonnicholas@example.org,https://linkedin.com/in/hillgabrielle,New York,Master's,,1,Startup,"['AgriTech', 'HRTech', 'LegalTech']",True,False,2015-07-29
founder_192,Yvonne Banks DVM,hmorse@example.org,https://linkedin.com/in/hamiltonnathaniel,Phoenix,PhD,CMU,9,Facebook,['HealthTech'],True,True,2024-03-06
founder_193,Dalton Mills,jamesgibson@example.com,https://linkedin.com/in/jonathan16,Seattle,Master's,Caltech,16,Amazon,"['PropTech', 'AgriTech', 'LegalTech']",False,False,2024-09-26
founder_194,Wendy Butler,michellehenderson@example.com,https://linkedin.com/in/maddoxpenny,Chicago,Master's,UC Berkeley,12,Apple,['AgriTech'],False,False,2023-10-27
founder_195,Benjamin Hill,qmedina@example.net,https://linkedin.com/in/fhall,Seattle,Self-taught,Other,9,Microsoft,"['CleanTech', 'HealthTech', 'InsurTech']",False,False,2022-10-08
founder_196,Vanessa Nelson,andrewrichards@example.com,https://linkedin.com/in/awilliams,Dallas,Bachelor's,CMU,22,Facebook,['HealthTech'],True,False,2019-09-06
founder_197,Jennifer Cook,williamscynthia@example.org,https://linkedin.com/in/silvakatherine,New York,Self-taught,Caltech,9,Consulting,['AI/ML'],True,False,2017-06-29
founder_198,Brian Smith,jacobhoffman@example.org,https://linkedin.com/in/david85,Miami,PhD,CMU,10,Startup,"['IoT', 'Cybersecurity']",True,False,2016-06-06
founder_199,Taylor Gibson,fpetersen@example.com,https://linkedin.com/in/dhernandez,Nashville,PhD,MIT,8,Finance,['HealthTech'],False,False,2020-11-19
founder_200,Theresa Kim,matthew99@example.net,https://linkedin.com/in/hardingchristopher,Austin,Bootcamp,,14,Startup,"['Gaming', 'MarTech']",True,True,2016-07-16
founder_201,Gabrielle Clark,christian10@example.net,https://linkedin.com/in/wflores,San Francisco,Master's,,23,Tesla,"['FinTech', 'E-commerce']",True,False,2021-10-30
founder_202,Tiffany Reyes,shortcynthia@example.org,https://linkedin.com/in/whitejames,Denver,Bootcamp,CMU,4,Facebook,['PropTech'],False,True,2019-02-21
founder_203,Glenn Flores,christopherrogers@example.net,https://linkedin.com/in/alexander37,Seattle,Bootcamp,,2,Amazon,"['AgriTech', 'PropTech', 'Cybersecurity']",True,False,2023-05-20
founder_204,Stephanie Skinner,dvillanueva@example.com,https://linkedin.com/in/fraziertracy,Boston,Master's,Stanford,6,Startup,['E-commerce'],False,False,2016-05-22
founder_205,Mark Gardner,frankhall@example.org,https://linkedin.com/in/meghanhaas,New York,PhD,Harvard,24,Consulting,"['SaaS', 'AgriTech']",False,False,2016-01-24
founder_206,Felicia Smith,cpetersen@example.net,https://linkedin.com/in/rjackson,Denver,Self-taught,UC Berkeley,0,Google,"['PropTech', 'SaaS']",False,False,2015-12-26
founder_207,Emily Rodgers,denise45@example.org,https://linkedin.com/in/brianbrooks,Austin,PhD,,23,Google,['Blockchain'],True,False,2022-09-01
founder_208,Jessica Edwards,zjenkins@example.net,https://linkedin.com/in/xpayne,Denver,PhD,Stanford,5,Google,['Gaming'],True,False,2021-05-24
founder_209,Carolyn Villarreal,ehunt@example.net,https://linkedin.com/in/dmiles,Washington DC,Self-taught,MIT,3,Consulting,"['Gaming', 'IoT', 'Cybersecurity']",True,False,2018-03-11
founder_210,Jasmine Jordan,stephaniemurphy@example.net,https://linkedin.com/in/amandawilliams,New York,Master's,Caltech,18,Amazon,['HRTech'],True,False,2018-03-30
founder_211,Amber Vincent,tammy78@example.net,https://linkedin.com/in/ramoswilliam,San Francisco,PhD,Caltech,22,Facebook,"['E-commerce', 'Gaming', 'FinTech']",True,False,2016-10-10
founder_212,Scott Thomas DVM,jonathanbrown@example.net,https://linkedin.com/in/william36,Phoenix,Bachelor's,Stanford,22,Tesla,"['PropTech', 'Gaming', 'SaaS']",True,True,2016-03-11
founder_213,Mary Fields,ejones@example.org,https://linkedin.com/in/kelsey04,Nashville,Master's,UC Berkeley,6,Apple,"['Gaming', 'LegalTech', 'IoT']",True,False,2024-10-24
founder_214,Corey Turner,matthewflores@example.com,https://linkedin.com/in/raymondmarshall,Atlanta,Master's,Stanford,14,Amazon,"['CleanTech', 'Cybersecurity', 'LegalTech']",False,False,2016-09-04
founder_215,Scott Hester,saracummings@example.org,https://linkedin.com/in/abigail99,New York,Bootcamp,Other,22,Google,"['CleanTech', 'AgriTech']",False,False,2019-02-12
founder_216,Kevin Nash,davidlee@example.net,https://linkedin.com/in/james42,New York,Self-taught,UC Berkeley,19,Facebook,"['IoT', 'PropTech', 'HRTech']",False,False,2016-01-15
founder_217,Bradley Rodgers,againes@example.org,https://linkedin.com/in/saradiaz,New York,PhD,UC Berkeley,9,Facebook,"['HealthTech', 'LegalTech', 'IoT']",False,True,2025-03-11
founder_218,Robert Jensen,victoriamurillo@example.org,https://linkedin.com/in/johnedwards,Boston,Bachelor's,Harvard,14,Startup,"['AI/ML', 'LegalTech']",True,False,2019-11-04
founder_219,Abigail Peters,harpernichole@example.net,https://linkedin.com/in/alejandramorgan,Atlanta,PhD,,8,Tesla,"['FinTech', 'HealthTech']",True,False,2017-12-09
founder_220,Louis Robertson,pamela65@example.org,https://linkedin.com/in/danielcopeland,Nashville,PhD,,5,Tesla,"['AI/ML', 'Cybersecurity']",False,False,2023-06-13
founder_221,Jennifer Melton,hodgejuan@example.com,https://linkedin.com/in/saraanderson,Portland,Self-taught,Harvard,16,Microsoft,['FinTech'],False,False,2015-10-24
founder_222,Gary Gonzalez,zprice@example.org,https://linkedin.com/in/matthewwhite,Nashville,Bachelor's,CMU,18,Amazon,"['InsurTech', 'Blockchain']",True,False,2016-12-25
founder_223,Hannah Saunders,jacksonramos@example.org,https://linkedin.com/in/callahanlinda,Atlanta,PhD,,5,Tesla,"['FoodTech', 'LegalTech', 'EdTech']",True,False,2015-08-02
founder_224,Melissa Lopez,karencombs@example.net,https://linkedin.com/in/nicolewhite,Washington DC,Bootcamp,Other,22,Apple,['Blockchain'],True,False,2024-04-24
founder_225,Mark Spears,kingeric@example.com,https://linkedin.com/in/jerrydavis,Los Angeles,Bachelor's,Other,25,Apple,"['HRTech', 'InsurTech', 'PropTech']",True,False,2022-08-10
founder_226,Andrew Gentry,amberali@example.net,https://linkedin.com/in/loribrown,Atlanta,Bootcamp,CMU,24,Finance,"['LegalTech', 'FinTech', 'HealthTech']",True,False,2019-03-06
founder_227,Brett Jones,bryan87@example.net,https://linkedin.com/in/patrick25,Portland,Bachelor's,Other,24,Facebook,"['PropTech', 'Gaming']",False,True,2015-06-14
founder_228,Bryan Smith,jeffrey25@example.com,https://linkedin.com/in/angela16,Philadelphia,Self-taught,,10,Consulting,"['FinTech', 'InsurTech']",True,False,2020-10-07
founder_229,Sally Kennedy,martinezlarry@example.net,https://linkedin.com/in/watkinstyler,Nashville,Self-taught,Stanford,11,Consulting,"['AgriTech', 'CleanTech']",True,False,2017-08-21
founder_230,Gregory Gay,rross@example.com,https://linkedin.com/in/ashley16,Austin,Bootcamp,,1,Amazon,"['CleanTech', 'Blockchain', 'SaaS']",False,False,2023-05-13
founder_231,Vicki Carter,ferickson@example.net,https://linkedin.com/in/kristophercruz,San Diego,PhD,Stanford,0,Google,"['InsurTech', 'Gaming', 'EdTech']",True,False,2019-05-12
founder_232,Alan Howe,duncanjeremy@example.com,https://linkedin.com/in/victoriamiller,Philadelphia,PhD,CMU,17,Startup,"['HealthTech', 'E-commerce', 'InsurTech']",False,True,2018-07-30
founder_233,Joshua Cunningham,ericjohnson@example.net,https://linkedin.com/in/carolgarcia,Nashville,Master's,Stanford,22,Facebook,"['EdTech', 'InsurTech', 'Gaming']",True,False,2023-08-18
founder_234,Martha White,vrodriguez@example.org,https://linkedin.com/in/francisco10,Boston,PhD,Stanford,14,Amazon,"['E-commerce', 'Gaming', 'Blockchain']",False,False,2022-06-23
founder_235,David Obrien,stanleyryan@example.org,https://linkedin.com/in/brittanymartinez,Seattle,Bootcamp,,18,Startup,"['E-commerce', 'AI/ML']",False,True,2024-06-19
founder_236,David Greer,znelson@example.com,https://linkedin.com/in/thomas35,Phoenix,Bootcamp,Other,9,Google,"['FinTech', 'MarTech']",True,False,2017-05-21
founder_237,Alicia Nixon,justinharrison@example.org,https://linkedin.com/in/pevans,Miami,PhD,Other,13,Tesla,['Blockchain'],True,True,2020-07-17
founder_238,Sean Duncan,ithomas@example.net,https://linkedin.com/in/rodney70,San Diego,PhD,MIT,16,Google,"['FoodTech', 'AgriTech']",False,False,2022-09-27
founder_239,Robyn Mcguire,velasquezdavid@example.net,https://linkedin.com/in/gwilson,Austin,Master's,UC Berkeley,9,Facebook,"['IoT', 'CleanTech', 'Cybersecurity']",True,False,2025-03-27
founder_240,Martin Maldonado,paigecortez@example.net,https://linkedin.com/in/vrussell,San Diego,Bootcamp,MIT,3,Tesla,"['HealthTech', 'Gaming', 'EdTech']",False,False,2016-05-29
founder_241,Kevin Hunt,xsoto@example.com,https://linkedin.com/in/danielle79,Austin,PhD,,8,Apple,['IoT'],True,True,2016-02-26
founder_242,Douglas Ortega,cassandra96@example.com,https://linkedin.com/in/jwood,Boston,Bootcamp,MIT,10,Startup,"['FinTech', 'E-commerce']",True,False,2023-11-05
founder_243,Peggy Lewis,gcarpenter@example.net,https://linkedin.com/in/smalltoni,Portland,Bootcamp,Caltech,1,Apple,"['E-commerce', 'SaaS']",True,False,2021-05-22
founder_244,Kristin Padilla,turnerjon@example.net,https://linkedin.com/in/owenjames,Portland,Self-taught,,15,Google,"['FoodTech', 'Gaming', 'AgriTech']",False,False,2021-08-13
founder_245,David Carter,hannahrice@example.net,https://linkedin.com/in/blester,Seattle,Self-taught,Stanford,25,Google,['FinTech'],False,False,2024-02-03
founder_246,Bailey Jones,bporter@example.org,https://linkedin.com/in/hawkinssteve,San Francisco,Bachelor's,Other,8,Amazon,"['SaaS', 'Cybersecurity', 'HealthTech']",True,False,2025-03-23
founder_247,Joshua Duncan,robertsonhayden@example.net,https://linkedin.com/in/stephanie51,Washington DC,Bachelor's,UC Berkeley,13,Consulting,"['PropTech', 'AgriTech', 'MarTech']",False,False,2016-02-21
founder_248,Geoffrey Miller,christina05@example.org,https://linkedin.com/in/woodamanda,Dallas,Self-taught,Caltech,0,Apple,"['MarTech', 'LegalTech', 'IoT']",False,False,2025-03-16
founder_249,Jaime Peterson,emily47@example.net,https://linkedin.com/in/marie89,Chicago,Bachelor's,UC Berkeley,22,Amazon,"['FoodTech', 'FinTech']",True,False,2017-12-07
founder_250,Carl Norris,dyerscott@example.org,https://linkedin.com/in/diana38,Atlanta,PhD,Stanford,1,Facebook,"['Gaming', 'HRTech', 'LegalTech']",True,False,2018-08-05
founder_251,Maria Green,felicia91@example.com,https://linkedin.com/in/lambertcourtney,Portland,Master's,MIT,2,Microsoft,['HRTech'],True,False,2023-06-11
founder_252,Destiny Douglas,tommy75@example.org,https://linkedin.com/in/ushields,San Diego,Master's,Harvard,13,Finance,"['LegalTech', 'HRTech', 'MarTech']",False,False,2023-12-19
founder_253,Benjamin Morris,scottzoe@example.net,https://linkedin.com/in/christopherbird,Phoenix,Bootcamp,MIT,17,Apple,"['PropTech', 'MarTech']",False,False,2019-05-14
founder_254,Scott Holden,sweeneynicholas@example.org,https://linkedin.com/in/hensleyholly,Philadelphia,PhD,,2,Microsoft,['IoT'],True,True,2025-03-13
founder_255,Sheila Diaz,whitesteven@example.com,https://linkedin.com/in/charles35,Boston,PhD,Caltech,0,Microsoft,"['Cybersecurity', 'LegalTech']",True,False,2020-01-27
founder_256,Sarah Lopez,matthewstroy@example.net,https://linkedin.com/in/kylegiles,San Francisco,Master's,Harvard,16,Startup,"['FoodTech', 'FinTech', 'Blockchain']",True,False,2022-09-13
founder_257,Jeffrey Hernandez,adamritter@example.net,https://linkedin.com/in/frazierlindsay,Atlanta,Bachelor's,,8,Google,"['FoodTech', 'Cybersecurity', 'MarTech']",True,False,2024-02-14
founder_258,Cassandra Fischer,dunncharles@example.net,https://linkedin.com/in/richard44,Phoenix,Bachelor's,Caltech,9,Startup,"['LegalTech', 'AI/ML']",True,False,2023-08-23
founder_259,Crystal Donaldson,jon70@example.com,https://linkedin.com/in/bmunoz,Chicago,Bootcamp,Harvard,9,Apple,"['EdTech', 'PropTech', 'E-commerce']",True,False,2017-03-13
founder_260,Joshua Pierce,tharris@example.com,https://linkedin.com/in/kimberly53,Denver,Self-taught,,14,Finance,['CleanTech'],True,True,2023-09-10
founder_261,Kaitlyn Buchanan,lpage@example.net,https://linkedin.com/in/joycejason,San Diego,Bachelor's,MIT,8,Tesla,"['HealthTech', 'EdTech', 'SaaS']",True,False,2017-05-22
founder_262,Wayne Davis,fmiller@example.net,https://linkedin.com/in/angelascott,Austin,PhD,,24,Facebook,"['AgriTech', 'HealthTech']",False,False,2019-08-17
founder_263,Danielle Johnson,buchananamber@example.com,https://linkedin.com/in/vaughnjoshua,Seattle,Master's,CMU,0,Consulting,['MarTech'],True,False,2024-12-31
founder_264,Tina Massey,derrick37@example.com,https://linkedin.com/in/zachary71,Chicago,PhD,,2,Startup,"['MarTech', 'AI/ML', 'AgriTech']",False,False,2022-09-05
founder_265,Courtney Donovan,hcontreras@example.net,https://linkedin.com/in/joseph26,Washington DC,PhD,Other,7,Startup,['Blockchain'],True,False,2018-10-24
founder_266,Gregory Ford,pdavenport@example.org,https://linkedin.com/in/matthewhaynes,Nashville,Master's,Caltech,19,Tesla,['CleanTech'],True,False,2022-12-27
founder_267,Kevin Reynolds,icurtis@example.com,https://linkedin.com/in/john64,San Diego,Bachelor's,Caltech,10,Apple,"['AI/ML', 'Blockchain', 'HealthTech']",False,False,2023-01-18
founder_268,Manuel Cannon,robin89@example.com,https://linkedin.com/in/qparks,Austin,Master's,,10,Microsoft,"['AI/ML', 'InsurTech', 'CleanTech']",False,False,2019-05-19
founder_269,Diana Banks,ygreer@example.org,https://linkedin.com/in/marycollins,San Diego,Master's,,23,Facebook,"['HealthTech', 'EdTech']",False,True,2024-05-07
founder_270,Jeffrey Hall,djordan@example.com,https://linkedin.com/in/graydavid,Boston,Bootcamp,,7,Apple,"['FinTech', 'LegalTech']",True,False,2020-08-29
founder_271,William Jackson,lhuffman@example.com,https://linkedin.com/in/ovasquez,New York,Bootcamp,MIT,15,Apple,"['SaaS', 'AI/ML']",True,False,2018-09-02
founder_272,Karina Taylor,markarroyo@example.net,https://linkedin.com/in/xgilmore,Austin,PhD,,24,Google,['AI/ML'],False,False,2023-02-24
founder_273,Molly Deleon DVM,charles20@example.com,https://linkedin.com/in/james33,Seattle,Bachelor's,,9,Startup,"['Gaming', 'AI/ML']",True,False,2021-12-13
founder_274,Kimberly Morales,crystal97@example.net,https://linkedin.com/in/michaeljenkins,Boston,Bootcamp,UC Berkeley,6,Consulting,"['AI/ML', 'FoodTech']",True,False,2022-04-26
founder_275,Michael Moore,charlesanderson@example.com,https://linkedin.com/in/oparker,San Diego,Bachelor's,Stanford,13,Consulting,"['AI/ML', 'Blockchain', 'HRTech']",True,True,2022-03-02
founder_276,Thomas Martin,qreese@example.com,https://linkedin.com/in/simonjoseph,Washington DC,Bachelor's,,10,Consulting,"['FoodTech', 'Blockchain', 'E-commerce']",True,False,2021-05-04
founder_277,Bryan Lopez,linda06@example.org,https://linkedin.com/in/johnsonwendy,Seattle,Master's,,15,Finance,['InsurTech'],True,False,2023-09-17
founder_278,Matthew Ferguson,greenmichael@example.com,https://linkedin.com/in/calvinriley,Portland,Self-taught,,14,Google,['MarTech'],True,False,2017-10-17
founder_279,Christine Black,afranklin@example.net,https://linkedin.com/in/tina34,Phoenix,Self-taught,,0,Microsoft,['LegalTech'],True,True,2017-09-02
founder_280,Ryan Schultz,hendersonrachel@example.org,https://linkedin.com/in/shunt,Denver,Bootcamp,CMU,16,Facebook,['IoT'],True,False,2021-07-24
founder_281,Austin Li,kstevens@example.net,https://linkedin.com/in/rwilliams,Nashville,Bootcamp,MIT,25,Consulting,"['HRTech', 'Gaming', 'IoT']",False,False,2017-08-10
founder_282,Todd Miller,priceryan@example.net,https://linkedin.com/in/qmartinez,San Francisco,Bachelor's,Caltech,24,Microsoft,['HealthTech'],True,False,2018-01-06
founder_283,Emily Carter,jefferyodonnell@example.net,https://linkedin.com/in/ashleyrobertson,Washington DC,Bachelor's,,11,Apple,"['FinTech', 'Cybersecurity', 'IoT']",False,False,2018-04-24
founder_284,Rebecca Thompson,sextonchristopher@example.org,https://linkedin.com/in/ashley91,Atlanta,Bachelor's,,4,Finance,"['HealthTech', 'HRTech', 'LegalTech']",False,False,2017-06-22
founder_285,Richard Cook,zhunt@example.net,https://linkedin.com/in/earl87,Los Angeles,Self-taught,CMU,1,Microsoft,['FinTech'],True,False,2022-03-03
founder_286,Jasmine Anderson,jacob84@example.net,https://linkedin.com/in/dwilliams,Miami,Self-taught,Other,21,Google,"['Gaming', 'Cybersecurity', 'HealthTech']",False,False,2020-02-05
founder_287,Gregory Garrison,kari77@example.net,https://linkedin.com/in/uroberson,Seattle,PhD,Harvard,3,Consulting,"['Blockchain', 'InsurTech']",True,False,2018-07-10
founder_288,Courtney Wilson,chasekim@example.net,https://linkedin.com/in/martinhines,Phoenix,PhD,,19,Tesla,"['Gaming', 'HRTech', 'IoT']",False,False,2021-08-28
founder_289,George Hampton,christian25@example.org,https://linkedin.com/in/heatherpage,San Diego,Master's,,11,Tesla,['PropTech'],True,True,2024-02-02
founder_290,Matthew Ray,conniejarvis@example.net,https://linkedin.com/in/brittanycharles,Phoenix,PhD,,4,Finance,['Cybersecurity'],False,False,2017-08-18
founder_291,Cassandra Hamilton,vchan@example.com,https://linkedin.com/in/michaelsandoval,Denver,PhD,,19,Tesla,['Gaming'],True,False,2016-05-19
founder_292,Jimmy Wright,christopher10@example.org,https://linkedin.com/in/carlos49,Dallas,Bootcamp,,13,Amazon,"['Gaming', 'HealthTech']",True,False,2024-10-09
founder_293,Amy Cortez,nclark@example.net,https://linkedin.com/in/uacevedo,Atlanta,Bachelor's,,4,Consulting,"['Blockchain', 'CleanTech']",True,False,2021-06-11
founder_294,Leah Henson,chad66@example.com,https://linkedin.com/in/angelicafrye,Philadelphia,Master's,,0,Amazon,['CleanTech'],True,False,2018-03-10
founder_295,Mary Harris,pstrong@example.org,https://linkedin.com/in/nathan34,New York,Self-taught,,23,Tesla,"['InsurTech', 'Gaming', 'IoT']",False,False,2017-01-17
founder_296,Matthew Parker,aaron43@example.com,https://linkedin.com/in/natalie21,Los Angeles,Bootcamp,Harvard,1,Finance,['Blockchain'],True,False,2022-06-11
founder_297,Garrett Clayton,harriskaren@example.com,https://linkedin.com/in/pford,Los Angeles,PhD,,2,Tesla,['Blockchain'],True,False,2018-03-04
founder_298,Gloria Barnes,patrickjohnson@example.org,https://linkedin.com/in/chadalvarez,San Diego,Master's,Caltech,9,Startup,['CleanTech'],True,True,2019-03-08
founder_299,Douglas Phillips,johnathanmiller@example.net,https://linkedin.com/in/sellis,Los Angeles,PhD,,3,Microsoft,"['PropTech', 'IoT']",True,False,2021-08-12
founder_300,Kathy Mullen,ericperez@example.net,https://linkedin.com/in/jonesalice,Phoenix,Master's,,18,Startup,"['EdTech', 'Cybersecurity', 'AgriTech']",True,False,2020-11-04
founder_301,Arthur Joyce,lawrence79@example.net,https://linkedin.com/in/bakerrichard,New York,Bachelor's,,24,Apple,"['E-commerce', 'HealthTech']",True,False,2022-06-23
founder_302,Tiffany Lopez,christopherrobles@example.net,https://linkedin.com/in/staceymay,San Francisco,PhD,Harvard,12,Finance,['IoT'],True,False,2017-03-27
founder_303,Dawn Bailey,kaylasmith@example.com,https://linkedin.com/in/qkline,Austin,Bootcamp,,21,Google,"['CleanTech', 'MarTech', 'InsurTech']",False,False,2023-08-08
founder_304,Brandon Little,hstanley@example.net,https://linkedin.com/in/cheryl94,Los Angeles,Bootcamp,,6,Amazon,"['FoodTech', 'MarTech']",True,False,2023-01-11
founder_305,Robin Lewis,foxmiguel@example.com,https://linkedin.com/in/dorothy87,Miami,Self-taught,Caltech,23,Amazon,"['Cybersecurity', 'LegalTech', 'AI/ML']",True,False,2021-11-18
founder_306,Vanessa Ochoa,bowerswendy@example.net,https://linkedin.com/in/branchkatherine,Atlanta,Master's,,1,Facebook,"['HRTech', 'Blockchain']",False,False,2020-12-04
founder_307,Ruth Benitez,dana31@example.net,https://linkedin.com/in/devin28,Boston,PhD,UC Berkeley,18,Amazon,"['CleanTech', 'AgriTech']",False,False,2018-07-28
founder_308,Shelly Parker,crice@example.net,https://linkedin.com/in/raycindy,New York,Bachelor's,Other,7,Tesla,"['SaaS', 'IoT']",False,True,2022-12-08
founder_309,Donald King,bpark@example.org,https://linkedin.com/in/ashleytaylor,Boston,Bachelor's,Stanford,8,Consulting,"['HRTech', 'EdTech']",True,False,2023-05-19
founder_310,Crystal Faulkner,harrismarcus@example.org,https://linkedin.com/in/mark48,Los Angeles,Self-taught,,13,Google,['FinTech'],False,False,2018-06-29
founder_311,Shannon Ortiz,henry15@example.org,https://linkedin.com/in/kimberly39,Portland,PhD,CMU,8,Amazon,"['CleanTech', 'HealthTech']",False,False,2020-01-09
founder_312,Daniel Scott,vargasjames@example.net,https://linkedin.com/in/michael92,San Diego,Self-taught,Other,19,Amazon,['MarTech'],True,False,2020-01-27
founder_313,George Perez,fritzleslie@example.net,https://linkedin.com/in/cstafford,Atlanta,Master's,CMU,6,Facebook,"['EdTech', 'Blockchain', 'AgriTech']",False,True,2024-04-20
founder_314,Krystal Cruz,stephaniesimon@example.com,https://linkedin.com/in/jermainedelgado,Atlanta,Bachelor's,Stanford,23,Startup,['Blockchain'],True,False,2021-11-22
founder_315,Timothy Mcdonald,nicholasbarker@example.org,https://linkedin.com/in/nortonkristine,Nashville,Self-taught,UC Berkeley,18,Facebook,['AgriTech'],False,False,2022-03-15
founder_316,Dawn Lee,davislinda@example.net,https://linkedin.com/in/williamobrien,Dallas,PhD,Stanford,10,Finance,"['FinTech', 'LegalTech']",True,False,2022-05-17
founder_317,Michael Mcdonald,ymcbride@example.com,https://linkedin.com/in/fchandler,Dallas,Master's,CMU,21,Startup,"['IoT', 'AI/ML']",True,False,2023-03-10
founder_318,Roger Marsh,christinebarber@example.net,https://linkedin.com/in/tsmith,Denver,Bootcamp,Harvard,14,Amazon,"['SaaS', 'MarTech', 'HRTech']",True,False,2020-04-06
founder_319,Sherri Porter,hfoster@example.org,https://linkedin.com/in/patricia58,Nashville,Bootcamp,UC Berkeley,6,Google,"['Cybersecurity', 'FinTech']",True,True,2019-08-16
founder_320,Kristen Collins,bellashley@example.org,https://linkedin.com/in/jessicachoi,Boston,PhD,MIT,0,Finance,"['LegalTech', 'CleanTech', 'Cybersecurity']",True,False,2017-08-16
founder_321,Shawn Fox,kmcclain@example.com,https://linkedin.com/in/leslie99,Austin,Master's,CMU,9,Finance,"['Gaming', 'CleanTech', 'SaaS']",True,True,2020-02-29
founder_322,Daisy Larson,clarkjason@example.com,https://linkedin.com/in/itaylor,Nashville,Self-taught,,13,Facebook,"['E-commerce', 'CleanTech', 'Gaming']",False,False,2020-01-04
founder_323,Erica Marsh,hhughes@example.com,https://linkedin.com/in/michael92,San Francisco,Self-taught,Other,5,Facebook,['AI/ML'],True,False,2023-11-05
founder_324,Logan Terrell,gomezpatty@example.net,https://linkedin.com/in/robertrodgers,San Francisco,Bachelor's,CMU,9,Microsoft,"['PropTech', 'FoodTech']",True,False,2020-07-16
founder_325,Brett Logan,aliciaoliver@example.org,https://linkedin.com/in/fscott,Dallas,Self-taught,CMU,17,Microsoft,"['HRTech', 'FinTech']",True,False,2019-07-12
founder_326,James Noble,juliestone@example.net,https://linkedin.com/in/lawrence18,Chicago,Self-taught,,22,Consulting,"['HealthTech', 'AgriTech', 'Blockchain']",True,False,2018-11-08
founder_327,Samuel Ruiz,charrison@example.net,https://linkedin.com/in/christopher45,Seattle,Self-taught,CMU,15,Consulting,['FinTech'],True,True,2022-10-21
founder_328,Danielle Lane,dale35@example.com,https://linkedin.com/in/barronchad,Nashville,Bootcamp,CMU,0,Apple,"['AgriTech', 'InsurTech', 'MarTech']",False,False,2017-10-06
founder_329,Jenna Krause,jonesdavid@example.org,https://linkedin.com/in/wendy10,San Diego,Bootcamp,,6,Apple,"['IoT', 'AI/ML']",True,False,2017-08-14
founder_330,Amanda James,fitzpatrickwillie@example.org,https://linkedin.com/in/robert55,Denver,Bootcamp,,24,Consulting,['HRTech'],True,False,2023-08-28
founder_331,Julie Lucas,matthewmartin@example.net,https://linkedin.com/in/fmarshall,San Diego,Bachelor's,,25,Microsoft,['SaaS'],False,False,2019-06-09
founder_332,Ronald Gomez,ajones@example.org,https://linkedin.com/in/xcraig,Seattle,PhD,,12,Amazon,"['InsurTech', 'HRTech', 'SaaS']",True,False,2016-05-03
founder_333,Antonio Cook,davidcastillo@example.org,https://linkedin.com/in/wilsondaniel,Denver,PhD,Other,17,Startup,"['SaaS', 'Gaming', 'AI/ML']",True,True,2015-09-05
founder_334,James Erickson,johnsoncarmen@example.net,https://linkedin.com/in/natalie69,New York,PhD,CMU,11,Amazon,"['MarTech', 'SaaS']",True,False,2023-03-06
founder_335,Tiffany Sanchez,durancassandra@example.com,https://linkedin.com/in/herringwilliam,Phoenix,Self-taught,MIT,25,Finance,"['EdTech', 'E-commerce']",True,False,2025-05-30
founder_336,Sabrina Rice,annvalentine@example.net,https://linkedin.com/in/mackashley,Portland,Master's,MIT,10,Finance,['Cybersecurity'],True,True,2023-06-16
founder_337,Karen Hernandez,macdonaldjasmine@example.org,https://linkedin.com/in/andrewholt,Seattle,Bachelor's,Other,16,Tesla,"['CleanTech', 'HealthTech', 'AgriTech']",True,False,2025-02-12
founder_338,Joshua Miller,jonesheather@example.net,https://linkedin.com/in/beckerjacqueline,Dallas,Self-taught,CMU,15,Amazon,"['SaaS', 'IoT', 'FoodTech']",True,False,2016-04-14
founder_339,James Conley,grichards@example.org,https://linkedin.com/in/wjackson,Miami,Bootcamp,Caltech,19,Microsoft,['FoodTech'],True,False,2023-03-03
founder_340,Edward Young,mmaldonado@example.org,https://linkedin.com/in/evansmaria,Seattle,Master's,Other,20,Google,['CleanTech'],False,False,2022-02-18
founder_341,Michael Nelson,keithsmith@example.org,https://linkedin.com/in/gordonelizabeth,Miami,Bootcamp,UC Berkeley,10,Google,['Gaming'],False,False,2025-03-20
founder_342,Kathryn Cox,caldwelljacob@example.net,https://linkedin.com/in/nhatfield,Miami,Bachelor's,MIT,4,Microsoft,['Cybersecurity'],True,False,2021-11-19
founder_343,Cassidy Lopez,ronaldmurphy@example.org,https://linkedin.com/in/matthew52,Seattle,Self-taught,,18,Amazon,"['AgriTech', 'MarTech', 'AI/ML']",True,False,2022-02-11
founder_344,Donald Garner,rhonda11@example.com,https://linkedin.com/in/tylerlong,San Francisco,Bachelor's,Harvard,11,Finance,['SaaS'],False,False,2024-03-27
founder_345,Jon Cook,april40@example.org,https://linkedin.com/in/deanmonica,Miami,Bootcamp,UC Berkeley,3,Tesla,"['CleanTech', 'AI/ML']",True,False,2019-07-10
founder_346,Gerald Torres,maldonadonathaniel@example.net,https://linkedin.com/in/ehernandez,San Diego,PhD,Other,21,Tesla,['EdTech'],False,False,2019-05-01
founder_347,Kaitlyn Williams,dennismoody@example.net,https://linkedin.com/in/juliemorris,Boston,Bootcamp,Other,16,Facebook,"['LegalTech', 'InsurTech']",True,False,2018-09-24
founder_348,Timothy Smith,tphillips@example.com,https://linkedin.com/in/jharrison,Dallas,PhD,MIT,2,Startup,"['Gaming', 'CleanTech']",True,False,2021-11-17
founder_349,Jill Harper,jasonfrye@example.com,https://linkedin.com/in/hgrimes,Nashville,Master's,Stanford,17,Google,"['SaaS', 'PropTech', 'AgriTech']",True,False,2018-10-01
founder_350,Mark Shaw,kwilson@example.org,https://linkedin.com/in/kellerbrian,Denver,Self-taught,,17,Startup,"['AgriTech', 'FoodTech']",False,False,2019-07-23
founder_351,Bryan Hodges,mjohnson@example.com,https://linkedin.com/in/gary41,Portland,Bootcamp,,23,Google,['FoodTech'],True,False,2025-05-26
founder_352,Kelly Scott,ucarter@example.org,https://linkedin.com/in/ryan92,San Francisco,Self-taught,CMU,25,Startup,"['HealthTech', 'Gaming']",False,False,2017-12-30
founder_353,Rachel Chen,englishandrew@example.com,https://linkedin.com/in/kathleenjones,Nashville,Bootcamp,Harvard,3,Google,['FoodTech'],True,False,2016-06-21
founder_354,John Cruz,medinajoseph@example.net,https://linkedin.com/in/kimberly05,Chicago,PhD,Caltech,19,Finance,['FinTech'],True,False,2017-01-09
founder_355,James Pope,espinozamatthew@example.net,https://linkedin.com/in/pamela13,Austin,PhD,MIT,10,Google,"['CleanTech', 'InsurTech']",False,False,2020-04-19
founder_356,Susan Cole,wmcdonald@example.com,https://linkedin.com/in/qwilson,Portland,Bachelor's,Stanford,9,Finance,"['AgriTech', 'SaaS', 'AI/ML']",False,False,2017-10-13
founder_357,Michael Brooks,smithsarah@example.net,https://linkedin.com/in/christopher06,Seattle,PhD,,10,Startup,"['EdTech', 'AgriTech']",True,False,2019-10-29
founder_358,Christy Jenkins,ryan85@example.net,https://linkedin.com/in/valerie28,Chicago,Bootcamp,UC Berkeley,1,Microsoft,"['InsurTech', 'Cybersecurity', 'IoT']",True,False,2018-04-11
founder_359,Kimberly Mullen,pmacdonald@example.net,https://linkedin.com/in/maria26,Miami,Master's,MIT,3,Facebook,"['Cybersecurity', 'CleanTech', 'HealthTech']",True,False,2016-01-05
founder_360,Michael Oliver,isullivan@example.org,https://linkedin.com/in/iirwin,Phoenix,Self-taught,UC Berkeley,6,Amazon,"['FinTech', 'InsurTech']",False,False,2020-05-10
founder_361,Michael Thompson,ewright@example.org,https://linkedin.com/in/murillorobert,San Diego,Master's,,13,Startup,['HRTech'],True,False,2018-08-03
founder_362,Joanne Perez,moonmartha@example.com,https://linkedin.com/in/fmartin,Boston,Master's,MIT,16,Amazon,"['LegalTech', 'IoT']",False,False,2023-09-29
founder_363,Krystal White,veronicabutler@example.com,https://linkedin.com/in/rgray,Washington DC,PhD,Other,21,Google,"['PropTech', 'SaaS', 'E-commerce']",True,False,2020-11-02
founder_364,Denise Arnold,jessica26@example.com,https://linkedin.com/in/evelyn73,San Francisco,Bootcamp,Other,8,Amazon,['LegalTech'],True,True,2016-07-22
founder_365,Dale Arnold,rodriguezchristie@example.com,https://linkedin.com/in/tonyaharris,San Francisco,PhD,UC Berkeley,2,Facebook,['AgriTech'],True,False,2022-09-16
founder_366,Ann Wagner,russelljackson@example.com,https://linkedin.com/in/melissawilliams,Washington DC,Master's,Stanford,1,Tesla,"['IoT', 'FoodTech', 'AgriTech']",False,False,2024-06-29
founder_367,Raymond Scott,barbara27@example.com,https://linkedin.com/in/hharris,Los Angeles,Self-taught,MIT,5,Facebook,"['SaaS', 'Gaming']",False,False,2016-10-01
founder_368,Faith Reed,tadams@example.net,https://linkedin.com/in/katherine86,San Francisco,Bootcamp,CMU,19,Finance,"['FinTech', 'LegalTech']",True,False,2020-04-24
founder_369,Jason Chavez,christopher50@example.net,https://linkedin.com/in/james74,Austin,Self-taught,CMU,10,Finance,"['EdTech', 'HRTech']",True,False,2015-11-18
founder_370,Thomas Pitts,jasmine58@example.org,https://linkedin.com/in/lisasparks,New York,Bootcamp,Other,21,Startup,"['FoodTech', 'AgriTech', 'EdTech']",True,True,2015-08-06
founder_371,Nicole Nichols,jenniferpatrick@example.org,https://linkedin.com/in/mccartydaniel,San Francisco,Self-taught,Harvard,15,Consulting,"['FoodTech', 'LegalTech', 'InsurTech']",False,False,2022-03-22
founder_372,Samantha Middleton,huntlisa@example.net,https://linkedin.com/in/martinezmarissa,Nashville,Bootcamp,Harvard,18,Consulting,"['HealthTech', 'FinTech', 'Blockchain']",True,False,2021-01-08
founder_373,John Kennedy,fmckenzie@example.org,https://linkedin.com/in/veronica94,Phoenix,Bootcamp,Stanford,24,Startup,"['LegalTech', 'IoT']",True,False,2016-02-09
founder_374,Christina Mccoy,jeremy11@example.org,https://linkedin.com/in/melissa69,Washington DC,Bootcamp,,12,Consulting,"['AI/ML', 'IoT', 'Cybersecurity']",True,False,2017-09-16
founder_375,Timothy Frank,kennethlucero@example.net,https://linkedin.com/in/jsmith,Chicago,Master's,Harvard,16,Amazon,['Cybersecurity'],False,False,2022-12-23
founder_376,Lauren Lambert,devinmitchell@example.net,https://linkedin.com/in/simonvernon,San Francisco,Bachelor's,,5,Tesla,"['MarTech', 'FoodTech']",True,False,2016-12-28
founder_377,James Martin,lpruitt@example.org,https://linkedin.com/in/gregoryyoung,San Diego,Self-taught,,1,Amazon,['SaaS'],False,False,2015-12-02
founder_378,Tyler Hudson,angel38@example.com,https://linkedin.com/in/stephanie83,Dallas,PhD,Caltech,22,Consulting,['FinTech'],False,False,2021-03-30
founder_379,Nicholas Kelly,mark81@example.org,https://linkedin.com/in/tsweeney,Boston,PhD,,4,Startup,"['Gaming', 'IoT', 'SaaS']",False,False,2022-01-24
founder_380,Mary Houston,stevensallison@example.net,https://linkedin.com/in/tracymontgomery,Boston,Bachelor's,,14,Google,"['Blockchain', 'InsurTech']",False,False,2024-12-09
founder_381,Brian Patel,derrickpayne@example.com,https://linkedin.com/in/wallacejennifer,San Francisco,Bootcamp,Stanford,15,Tesla,['HRTech'],True,False,2019-12-04
founder_382,Jeremy Davis,joseph60@example.com,https://linkedin.com/in/kanecraig,San Francisco,Bootcamp,CMU,10,Startup,['E-commerce'],True,False,2024-08-26
founder_383,Ashley Jones,stephenholland@example.com,https://linkedin.com/in/lmckee,Dallas,Bootcamp,CMU,8,Facebook,['CleanTech'],True,False,2017-10-05
founder_384,Kathryn Delgado,daniellekramer@example.com,https://linkedin.com/in/xreyes,Boston,Bootcamp,,25,Finance,"['CleanTech', 'Cybersecurity', 'InsurTech']",False,False,2018-01-15
founder_385,Mark Burgess,april83@example.net,https://linkedin.com/in/joseph91,Miami,Master's,Other,21,Startup,['AgriTech'],True,False,2022-02-08
founder_386,Luke Greene,katherinemathis@example.net,https://linkedin.com/in/fisherjoseph,San Francisco,Bootcamp,UC Berkeley,9,Finance,"['InsurTech', 'AgriTech', 'IoT']",True,True,2025-03-20
founder_387,Jeremiah Smith,evargas@example.com,https://linkedin.com/in/shawgregory,Miami,Master's,,2,Finance,"['AgriTech', 'FinTech']",True,False,2022-08-27
founder_388,Vincent Watson,brandonolson@example.org,https://linkedin.com/in/lauralopez,Miami,Self-taught,CMU,3,Google,"['Gaming', 'E-commerce', 'SaaS']",False,False,2020-11-18
founder_389,Christopher Hill,griffinmichelle@example.org,https://linkedin.com/in/sarahhamilton,Phoenix,Master's,Other,23,Microsoft,"['AgriTech', 'AI/ML', 'FoodTech']",True,True,2017-04-14
founder_390,Kristen Ritter,robertmartinez@example.org,https://linkedin.com/in/ryanmoss,Atlanta,Master's,CMU,11,Apple,"['HealthTech', 'HRTech']",True,False,2016-02-05
founder_391,Randy Whitaker,kathleen54@example.org,https://linkedin.com/in/zhuffman,Portland,Bachelor's,Other,2,Startup,['HealthTech'],False,False,2015-07-12
founder_392,Jordan Wilson,briancherry@example.org,https://linkedin.com/in/matthewsjames,New York,PhD,CMU,4,Google,"['HealthTech', 'Gaming', 'MarTech']",False,False,2023-06-24
founder_393,Natasha Rogers,kingcolleen@example.com,https://linkedin.com/in/qpeters,Atlanta,Master's,,20,Apple,"['Gaming', 'HRTech']",True,False,2018-06-22
founder_394,Morgan Cameron,kathrynortiz@example.net,https://linkedin.com/in/jeffrey36,Chicago,Master's,Caltech,5,Facebook,['CleanTech'],True,False,2017-12-14
founder_395,Jeffrey Walton,fhansen@example.com,https://linkedin.com/in/caroline87,Atlanta,Self-taught,MIT,13,Finance,['SaaS'],True,False,2015-07-18
founder_396,Alexander Ballard,jsalinas@example.org,https://linkedin.com/in/mackenzie49,Boston,Master's,Other,5,Microsoft,"['MarTech', 'InsurTech']",True,False,2018-11-04
founder_397,Margaret Perez,shill@example.com,https://linkedin.com/in/psmith,New York,Bachelor's,Harvard,25,Amazon,"['CleanTech', 'HealthTech', 'IoT']",True,False,2022-06-29
founder_398,Mr. Shawn Ray DDS,kellymartinez@example.org,https://linkedin.com/in/jacquelinehernandez,Washington DC,Self-taught,MIT,6,Microsoft,['MarTech'],True,False,2022-12-03
founder_399,Amanda Wang,trevor77@example.net,https://linkedin.com/in/ppark,Dallas,Bachelor's,Harvard,21,Startup,"['AI/ML', 'HRTech', 'Cybersecurity']",True,True,2017-09-16
founder_400,Andrew Wilcox,meyerdavid@example.com,https://linkedin.com/in/anguyen,New York,Bachelor's,CMU,23,Tesla,['AgriTech'],True,False,2023-08-24
founder_401,Christopher Armstrong,heather00@example.com,https://linkedin.com/in/melissawelch,Atlanta,Bootcamp,Stanford,20,Consulting,['AgriTech'],False,True,2020-09-20
founder_402,Benjamin Pratt,stephanie53@example.org,https://linkedin.com/in/ricardo58,Philadelphia,PhD,Harvard,8,Startup,['AI/ML'],True,False,2025-05-17
founder_403,Cassandra Harris,bcarroll@example.com,https://linkedin.com/in/amy71,San Diego,PhD,Other,14,Microsoft,"['E-commerce', 'HRTech']",False,True,2021-06-16
founder_404,Jonathan Juarez,amygutierrez@example.net,https://linkedin.com/in/zkane,Philadelphia,Bootcamp,Caltech,5,Consulting,['CleanTech'],True,False,2015-10-07
founder_405,Edward Brown,clarkkevin@example.org,https://linkedin.com/in/bchavez,Chicago,PhD,Other,23,Startup,"['MarTech', 'Gaming']",False,False,2018-04-20
founder_406,Brett Thompson,scunningham@example.com,https://linkedin.com/in/gracedavis,Seattle,Master's,,25,Tesla,"['CleanTech', 'MarTech']",False,False,2021-09-07
founder_407,Thomas Schaefer,gonzalesbrandon@example.net,https://linkedin.com/in/lisaromero,Austin,Master's,MIT,25,Consulting,"['CleanTech', 'InsurTech', 'Gaming']",True,False,2018-07-18
founder_408,Mrs. Stephanie Singh,william96@example.org,https://linkedin.com/in/brucetim,Los Angeles,Self-taught,Harvard,24,Amazon,"['SaaS', 'HealthTech']",True,False,2022-02-26
founder_409,Donna Boyle,avance@example.net,https://linkedin.com/in/farmerjason,Austin,Bootcamp,,25,Facebook,"['PropTech', 'EdTech', 'AgriTech']",False,False,2016-03-05
founder_410,Lisa Chandler,thomas47@example.net,https://linkedin.com/in/xbrown,Chicago,Master's,MIT,18,Consulting,['EdTech'],False,False,2023-01-27
founder_411,Susan Shaffer,allenwendy@example.com,https://linkedin.com/in/catherine80,Phoenix,Bachelor's,Other,8,Amazon,['CleanTech'],False,False,2023-10-31
founder_412,Marcus Williams,laurawilliams@example.net,https://linkedin.com/in/richardsangela,Dallas,PhD,Harvard,25,Startup,['FinTech'],True,False,2020-06-13
founder_413,Rebecca Sexton,kflynn@example.org,https://linkedin.com/in/tmartin,Chicago,Master's,Harvard,13,Finance,['IoT'],True,True,2025-03-19
founder_414,Renee Jones,mortonjennifer@example.com,https://linkedin.com/in/robertschristopher,Boston,PhD,Caltech,11,Facebook,"['E-commerce', 'Gaming', 'IoT']",False,False,2024-03-13
founder_415,Andre Hill,tayloraudrey@example.net,https://linkedin.com/in/scottlisa,Atlanta,Master's,Harvard,17,Finance,"['AgriTech', 'HRTech', 'SaaS']",False,False,2020-08-24
founder_416,April Montgomery,ray56@example.com,https://linkedin.com/in/kellysharon,Atlanta,Self-taught,UC Berkeley,7,Amazon,"['AI/ML', 'FoodTech', 'FinTech']",False,False,2022-12-11
founder_417,Michael Cline,reedsarah@example.com,https://linkedin.com/in/bobby46,Nashville,Bachelor's,CMU,2,Facebook,"['IoT', 'Blockchain']",True,False,2022-07-13
founder_418,Taylor Stafford,hayleyanderson@example.net,https://linkedin.com/in/kennethparker,Chicago,Master's,,0,Google,['FinTech'],True,False,2018-08-29
founder_419,Robert Pratt,james37@example.net,https://linkedin.com/in/timothymathis,Denver,PhD,UC Berkeley,9,Finance,"['IoT', 'HRTech', 'Blockchain']",True,False,2020-02-13
founder_420,Mark Norton,hardyamanda@example.com,https://linkedin.com/in/davidnorton,Phoenix,Self-taught,Stanford,21,Apple,"['IoT', 'LegalTech', 'PropTech']",True,False,2015-09-04
founder_421,Jennifer Harris PhD,carrollwhitney@example.org,https://linkedin.com/in/victoria08,Phoenix,Master's,,5,Google,"['HRTech', 'AI/ML', 'AgriTech']",False,False,2021-09-21
founder_422,Valerie Doyle,lopezamy@example.net,https://linkedin.com/in/smorrison,Seattle,Self-taught,Other,23,Google,"['LegalTech', 'IoT']",False,False,2024-11-24
founder_423,Antonio Casey,hbarnes@example.com,https://linkedin.com/in/ryancrawford,Washington DC,Bachelor's,,3,Finance,['FinTech'],True,False,2022-01-26
founder_424,Hannah Morgan,porterlisa@example.net,https://linkedin.com/in/guzmancourtney,Denver,Master's,Caltech,3,Google,['FinTech'],False,False,2017-08-17
founder_425,Kerry Hoover,manningtravis@example.com,https://linkedin.com/in/molinaroger,Nashville,Master's,CMU,17,Microsoft,"['PropTech', 'FinTech', 'FoodTech']",True,False,2018-04-01
founder_426,Heather Duncan,markanderson@example.org,https://linkedin.com/in/johnsonheather,Philadelphia,Self-taught,,13,Google,"['SaaS', 'PropTech', 'MarTech']",True,False,2023-07-03
founder_427,Jennifer Pope,anthonywright@example.org,https://linkedin.com/in/barbarawall,Denver,Self-taught,,22,Startup,"['EdTech', 'CleanTech']",True,False,2018-09-29
founder_428,James Mann,carl08@example.org,https://linkedin.com/in/smithjacob,Chicago,Self-taught,UC Berkeley,6,Amazon,['SaaS'],True,False,2015-07-21
founder_429,Mary Atkinson,vanessaedwards@example.com,https://linkedin.com/in/dcortez,Seattle,Bachelor's,CMU,6,Startup,"['HealthTech', 'SaaS', 'Blockchain']",True,False,2024-04-17
founder_430,Scott Scott,spearscurtis@example.net,https://linkedin.com/in/paul63,Philadelphia,PhD,,15,Amazon,['EdTech'],True,False,2022-10-07
founder_431,Glenn Graves,dan88@example.com,https://linkedin.com/in/michaeldawson,New York,Self-taught,Other,20,Google,"['CleanTech', 'HealthTech']",False,False,2024-05-26
founder_432,Juan Zhang,diazgabriel@example.org,https://linkedin.com/in/smithmarissa,New York,PhD,CMU,0,Startup,"['MarTech', 'CleanTech']",False,False,2023-05-11
founder_433,Kimberly Castillo,smithronald@example.org,https://linkedin.com/in/lauren19,Atlanta,Self-taught,UC Berkeley,0,Facebook,"['IoT', 'E-commerce', 'Gaming']",True,True,2021-04-24
founder_434,Jeffrey Bailey,tinarios@example.net,https://linkedin.com/in/michelleramirez,Denver,Bachelor's,Harvard,10,Finance,"['PropTech', 'SaaS']",False,False,2017-08-18
founder_435,Kayla Conley,joyarnold@example.com,https://linkedin.com/in/gforbes,Los Angeles,Self-taught,Caltech,18,Consulting,['Blockchain'],True,False,2018-09-06
founder_436,Aaron Evans,longdaniel@example.org,https://linkedin.com/in/kingjulie,Portland,Bootcamp,CMU,3,Apple,['EdTech'],False,False,2024-05-24
founder_437,James Holmes,danielle72@example.net,https://linkedin.com/in/fwarren,Seattle,Self-taught,,8,Amazon,['LegalTech'],True,False,2016-10-03
founder_438,Daniel Franklin,orrtaylor@example.com,https://linkedin.com/in/ashleybishop,New York,Self-taught,Stanford,13,Google,"['MarTech', 'CleanTech']",True,False,2024-02-10
founder_439,Anthony Rocha,leonardlisa@example.com,https://linkedin.com/in/gburns,San Francisco,Self-taught,CMU,0,Finance,['CleanTech'],True,False,2023-11-30
founder_440,Charles Glover,cochranbradley@example.com,https://linkedin.com/in/smithemily,Dallas,Self-taught,Harvard,5,Startup,['InsurTech'],True,False,2024-12-18
founder_441,Sarah Wilson,victorlamb@example.com,https://linkedin.com/in/rebekah95,New York,PhD,,5,Startup,"['AgriTech', 'FoodTech']",True,False,2016-05-04
founder_442,Linda Davis,staylor@example.com,https://linkedin.com/in/pbaker,San Francisco,Master's,Other,2,Amazon,"['MarTech', 'InsurTech', 'HealthTech']",True,False,2021-09-04
founder_443,Samantha Elliott,ortegavincent@example.net,https://linkedin.com/in/ojones,Philadelphia,PhD,,5,Amazon,"['PropTech', 'Gaming']",False,False,2016-01-06
founder_444,Destiny Cruz,robert15@example.net,https://linkedin.com/in/mullencatherine,Atlanta,Bootcamp,MIT,25,Facebook,"['IoT', 'SaaS']",False,False,2018-03-02
founder_445,Renee Day,zmarshall@example.net,https://linkedin.com/in/pleonard,Austin,Bootcamp,,12,Apple,"['E-commerce', 'FinTech', 'Gaming']",True,False,2018-04-13
founder_446,Brenda Bonilla,dbrown@example.org,https://linkedin.com/in/ytorres,Austin,Self-taught,Stanford,25,Apple,['CleanTech'],False,False,2022-12-21
founder_447,Victor Reid,silvaamy@example.com,https://linkedin.com/in/ldoyle,Seattle,Bachelor's,,18,Microsoft,"['Gaming', 'PropTech', 'Blockchain']",True,False,2024-01-30
founder_448,Stephanie Johnson,james76@example.com,https://linkedin.com/in/michael70,Phoenix,PhD,,20,Facebook,"['CleanTech', 'EdTech']",True,False,2023-09-27
founder_449,Laura Ward,jacob52@example.org,https://linkedin.com/in/jbrown,Los Angeles,PhD,CMU,1,Amazon,['SaaS'],True,False,2024-04-13
founder_450,Kristen Jenkins,evanford@example.org,https://linkedin.com/in/samanthagraham,Austin,PhD,UC Berkeley,14,Startup,['Blockchain'],True,True,2023-12-16
founder_451,Virginia Holland,sjackson@example.net,https://linkedin.com/in/timothy97,Seattle,Bootcamp,,23,Amazon,['Blockchain'],True,True,2023-03-14
founder_452,Todd Best,rebecca17@example.net,https://linkedin.com/in/swalker,Denver,Master's,Stanford,8,Consulting,['PropTech'],True,False,2019-12-30
founder_453,Edward Burke,john13@example.org,https://linkedin.com/in/heather74,Philadelphia,Bachelor's,Stanford,3,Tesla,"['MarTech', 'EdTech']",False,False,2021-01-13
founder_454,Matthew Foster,amy97@example.net,https://linkedin.com/in/briannacallahan,Atlanta,Master's,Caltech,13,Google,"['HRTech', 'E-commerce', 'HealthTech']",False,False,2016-11-26
founder_455,Richard Rojas,martinamanda@example.com,https://linkedin.com/in/alexanderadam,Miami,Self-taught,,6,Startup,"['FinTech', 'HealthTech']",True,False,2017-11-28
founder_456,Justin Oliver,kylegordon@example.net,https://linkedin.com/in/laurendiaz,Washington DC,Master's,Caltech,11,Google,"['LegalTech', 'MarTech']",False,False,2015-09-07
founder_457,Adam Hart,cainvalerie@example.org,https://linkedin.com/in/johnstonfrank,San Francisco,Master's,,7,Microsoft,"['Cybersecurity', 'CleanTech', 'Blockchain']",True,False,2025-06-05
founder_458,Alexander Cruz,oruiz@example.com,https://linkedin.com/in/whitneynguyen,Nashville,PhD,Other,0,Amazon,"['MarTech', 'FinTech', 'E-commerce']",False,False,2024-03-12
founder_459,Ruth Jones,jasonkeller@example.org,https://linkedin.com/in/youngrobert,Nashville,Bachelor's,,24,Finance,"['LegalTech', 'HRTech', 'PropTech']",False,False,2015-10-18
founder_460,Charles Mendoza,stacygonzalez@example.org,https://linkedin.com/in/logan41,Washington DC,Bootcamp,CMU,25,Facebook,['Cybersecurity'],True,False,2025-02-27
founder_461,Kelli Mason,youngbrian@example.org,https://linkedin.com/in/lararicardo,Dallas,Bootcamp,Stanford,2,Apple,"['CleanTech', 'E-commerce']",True,False,2018-01-11
founder_462,Paul Mercer,nicholas94@example.com,https://linkedin.com/in/arroyowanda,Washington DC,Bootcamp,Harvard,2,Amazon,"['IoT', 'Gaming']",True,False,2023-11-14
founder_463,Eric Gonzalez,sdean@example.com,https://linkedin.com/in/parkerchristine,Miami,Bootcamp,Stanford,11,Finance,"['IoT', 'HealthTech']",True,False,2020-07-23
founder_464,Sherri Gates,ejohnson@example.org,https://linkedin.com/in/bradleywinters,Denver,PhD,MIT,5,Consulting,"['MarTech', 'SaaS', 'Blockchain']",False,False,2018-05-13
founder_465,Anita Anderson,james59@example.com,https://linkedin.com/in/uchang,Denver,Self-taught,CMU,1,Apple,"['FoodTech', 'AgriTech']",False,False,2019-10-25
founder_466,Scott Rivera,andersonedward@example.net,https://linkedin.com/in/adrianramirez,New York,PhD,,6,Facebook,['AI/ML'],False,False,2025-01-01
founder_467,Karen Mckinney,jerome58@example.com,https://linkedin.com/in/wardlaura,Atlanta,Bachelor's,,1,Apple,"['LegalTech', 'SaaS', 'HealthTech']",True,False,2022-06-30
founder_468,Michelle Peterson,obrienjason@example.net,https://linkedin.com/in/michael90,San Francisco,Bachelor's,UC Berkeley,12,Microsoft,['SaaS'],True,False,2019-12-13
founder_469,Robert Hernandez,kevin14@example.com,https://linkedin.com/in/kendra01,Miami,Master's,CMU,16,Microsoft,['SaaS'],True,True,2020-08-28
founder_470,Kathryn Stone,harrygreene@example.com,https://linkedin.com/in/craig72,Los Angeles,Master's,UC Berkeley,18,Google,['FoodTech'],True,False,2020-07-15
founder_471,Cynthia Black,kellymathew@example.org,https://linkedin.com/in/david01,Boston,Self-taught,MIT,9,Startup,"['AI/ML', 'LegalTech', 'SaaS']",True,False,2019-12-10
founder_472,John Chavez,gpoole@example.com,https://linkedin.com/in/javier16,New York,Self-taught,Caltech,4,Finance,"['FinTech', 'HRTech']",False,False,2024-12-01
founder_473,Kevin Davies,sharonmitchell@example.com,https://linkedin.com/in/adam86,Seattle,PhD,UC Berkeley,7,Facebook,['PropTech'],False,False,2024-02-14
founder_474,Carla Murphy,alexisrobertson@example.net,https://linkedin.com/in/howemichelle,Seattle,PhD,Caltech,20,Google,['SaaS'],True,False,2023-11-09
founder_475,Robert Green,crystalconway@example.net,https://linkedin.com/in/rachel16,Austin,PhD,Stanford,2,Google,"['HealthTech', 'MarTech', 'E-commerce']",False,True,2016-08-27
founder_476,Rodney Stephens,reginald82@example.net,https://linkedin.com/in/dwalters,Austin,PhD,Stanford,7,Amazon,['PropTech'],True,False,2024-07-12
founder_477,Tara Shannon,andrew36@example.com,https://linkedin.com/in/brendasnyder,Philadelphia,Master's,Harvard,23,Amazon,"['FinTech', 'AI/ML', 'SaaS']",False,False,2024-09-27
founder_478,Joseph Glenn,jessicasparks@example.org,https://linkedin.com/in/stephanie13,Atlanta,Master's,UC Berkeley,23,Consulting,"['SaaS', 'EdTech']",True,False,2018-05-09
founder_479,Antonio Harris,martinjeffrey@example.org,https://linkedin.com/in/crichardson,Miami,Self-taught,MIT,8,Microsoft,"['InsurTech', 'HRTech']",True,False,2015-09-16
founder_480,Melissa Scott,joneill@example.org,https://linkedin.com/in/nancyflores,Boston,Master's,Harvard,21,Apple,['FoodTech'],True,False,2021-10-19
founder_481,Alison Jackson,ufrazier@example.net,https://linkedin.com/in/moranryan,Seattle,Bachelor's,CMU,8,Consulting,['AgriTech'],True,False,2017-09-26
founder_482,Christopher Dominguez,kcooper@example.org,https://linkedin.com/in/hdorsey,Austin,Master's,Caltech,12,Microsoft,"['InsurTech', 'CleanTech', 'FoodTech']",True,False,2021-08-31
founder_483,Chelsea Parker,debbie34@example.com,https://linkedin.com/in/mendezthomas,Portland,PhD,Stanford,20,Google,['PropTech'],True,False,2018-09-13
founder_484,Ashley Camacho,jamieoliver@example.net,https://linkedin.com/in/roger63,Washington DC,Bachelor's,Caltech,5,Facebook,"['Blockchain', 'SaaS', 'PropTech']",False,False,2019-08-15
founder_485,Dorothy Conley,john20@example.com,https://linkedin.com/in/pnguyen,Austin,PhD,,19,Apple,['HRTech'],True,False,2024-12-30
founder_486,Mackenzie Holt,uanderson@example.org,https://linkedin.com/in/jacquelinesalazar,Seattle,Bachelor's,UC Berkeley,6,Microsoft,['IoT'],True,False,2024-02-03
founder_487,Bobby Becker,ueverett@example.net,https://linkedin.com/in/molly03,Los Angeles,Self-taught,,16,Apple,"['FinTech', 'SaaS']",False,False,2020-03-01
founder_488,Edward Edwards,ggaines@example.net,https://linkedin.com/in/jeremy09,Nashville,Master's,CMU,11,Facebook,['E-commerce'],True,True,2020-05-14
founder_489,Kristin Dunn,georgegregory@example.org,https://linkedin.com/in/cmcconnell,New York,Self-taught,Harvard,9,Facebook,['MarTech'],True,False,2022-09-29
founder_490,Barbara Wall,lisa48@example.org,https://linkedin.com/in/trowland,San Diego,PhD,Stanford,9,Apple,"['E-commerce', 'FinTech']",True,False,2020-12-20
founder_491,Carlos Hull,albert55@example.com,https://linkedin.com/in/brett61,Boston,Bachelor's,Harvard,1,Amazon,['FinTech'],True,False,2020-07-11
founder_492,Anita Herring,emilykirby@example.org,https://linkedin.com/in/vchavez,Nashville,Bachelor's,Stanford,8,Amazon,"['AgriTech', 'LegalTech']",False,False,2018-06-10
founder_493,Hailey Washington,heidiward@example.org,https://linkedin.com/in/cacosta,Boston,Bachelor's,UC Berkeley,2,Facebook,['E-commerce'],True,False,2015-06-16
founder_494,Timothy Johnson,felicia55@example.com,https://linkedin.com/in/cranebernard,Philadelphia,PhD,,9,Microsoft,"['MarTech', 'FoodTech']",True,False,2018-01-10
founder_495,Steven Kennedy,gstewart@example.com,https://linkedin.com/in/iharrington,Austin,Self-taught,,8,Apple,"['AI/ML', 'HealthTech', 'Gaming']",True,False,2016-04-25
founder_496,Cody Guzman,cgonzales@example.com,https://linkedin.com/in/cookheather,Austin,Bootcamp,MIT,11,Finance,"['Gaming', 'EdTech']",True,False,2017-08-27
founder_497,Alexander Raymond,okirk@example.org,https://linkedin.com/in/brookemeyer,Phoenix,Master's,,10,Amazon,"['AgriTech', 'Cybersecurity']",False,False,2025-03-28
founder_498,Carrie Osborn,nathanielharrington@example.com,https://linkedin.com/in/jill79,Austin,Self-taught,,9,Startup,"['SaaS', 'HRTech']",False,False,2017-09-14
founder_499,Brian Evans,joshua22@example.org,https://linkedin.com/in/jgreen,Seattle,Master's,MIT,11,Finance,"['FoodTech', 'E-commerce']",False,False,2024-06-06
founder_500,Andrea Kane,amanda27@example.org,https://linkedin.com/in/jonathanparker,Dallas,Master's,,25,Microsoft,"['IoT', 'EdTech', 'AgriTech']",True,False,2020-05-10
founder_501,Margaret Roach,amcdonald@example.org,https://linkedin.com/in/greenluis,Portland,Bachelor's,,22,Amazon,"['HealthTech', 'Gaming']",False,False,2016-08-09
founder_502,Rachel Dennis,tfox@example.net,https://linkedin.com/in/annette27,Dallas,PhD,Other,7,Microsoft,"['IoT', 'FoodTech', 'Blockchain']",True,False,2018-03-06
founder_503,Alexis Robinson,myerskristy@example.net,https://linkedin.com/in/justinkim,San Francisco,PhD,Other,13,Google,"['MarTech', 'Cybersecurity']",True,False,2020-03-23
founder_504,Elizabeth Snyder,rkane@example.net,https://linkedin.com/in/longjoseph,Philadelphia,Master's,Harvard,17,Amazon,"['Gaming', 'HRTech', 'FinTech']",True,False,2021-02-14
founder_505,David Clark,williamsthomas@example.org,https://linkedin.com/in/sgarcia,Philadelphia,Bachelor's,Stanford,24,Microsoft,['E-commerce'],False,False,2024-07-11
founder_506,Travis Brown,charles91@example.org,https://linkedin.com/in/maciasphillip,Philadelphia,Master's,Other,19,Consulting,"['AgriTech', 'Gaming']",True,False,2016-08-03
founder_507,Kevin Gay,raymondboyer@example.org,https://linkedin.com/in/bryantkatelyn,Austin,Bootcamp,Caltech,20,Amazon,"['PropTech', 'HealthTech', 'Cybersecurity']",False,True,2021-11-27
founder_508,Becky Peterson,kathryn77@example.com,https://linkedin.com/in/elizabeth43,Dallas,Bachelor's,,16,Google,"['LegalTech', 'AI/ML']",True,False,2017-03-21
founder_509,Mr. Dustin Hernandez DVM,kevincruz@example.org,https://linkedin.com/in/william06,San Diego,Self-taught,CMU,24,Amazon,['FoodTech'],True,False,2021-07-24
founder_510,Kenneth Hall,jhowell@example.net,https://linkedin.com/in/sandovaljohn,Nashville,Master's,UC Berkeley,16,Apple,"['Cybersecurity', 'AgriTech']",True,False,2022-11-11
founder_511,Daniel Perry,kevin92@example.net,https://linkedin.com/in/fvazquez,Chicago,Bachelor's,Other,8,Tesla,['Blockchain'],True,False,2022-11-15
founder_512,Cheryl Anderson,david09@example.com,https://linkedin.com/in/coffeythomas,Washington DC,PhD,CMU,16,Amazon,"['Gaming', 'CleanTech']",False,False,2024-09-11
founder_513,Marcus Pineda,julie99@example.org,https://linkedin.com/in/stephanie14,New York,Bootcamp,UC Berkeley,0,Consulting,['Cybersecurity'],True,True,2015-10-12
founder_514,Darrell Chambers,shirley85@example.com,https://linkedin.com/in/davidjones,New York,Master's,,25,Amazon,"['FinTech', 'FoodTech', 'EdTech']",True,False,2016-07-01
founder_515,Jason Mcclain,hannah66@example.org,https://linkedin.com/in/michelle41,Chicago,Master's,,20,Apple,"['HealthTech', 'FinTech']",False,False,2024-11-19
founder_516,Matthew Sandoval,ellen30@example.org,https://linkedin.com/in/jacobsandrew,Dallas,Master's,Caltech,15,Tesla,"['Gaming', 'PropTech', 'Blockchain']",False,False,2021-04-08
founder_517,Julie Henry,calebandersen@example.com,https://linkedin.com/in/michelle81,Dallas,Bootcamp,Harvard,14,Amazon,"['LegalTech', 'FinTech']",False,False,2021-06-19
founder_518,Sandy Hernandez,rsmith@example.net,https://linkedin.com/in/hdavis,San Francisco,Bachelor's,,3,Finance,"['Gaming', 'HealthTech']",True,False,2021-07-13
founder_519,Jordan James,lindsey26@example.org,https://linkedin.com/in/scott71,Austin,Master's,UC Berkeley,0,Apple,"['LegalTech', 'AI/ML']",True,True,2016-05-07
founder_520,Nicholas Jackson,reedanthony@example.org,https://linkedin.com/in/ele,Los Angeles,Master's,CMU,11,Tesla,"['LegalTech', 'MarTech']",True,False,2024-05-05
founder_521,Robert Howard,michael84@example.net,https://linkedin.com/in/janice38,New York,Master's,,20,Startup,['PropTech'],False,False,2021-07-21
founder_522,Christopher Mccormick,xsloan@example.com,https://linkedin.com/in/kyliemartinez,New York,Self-taught,Stanford,12,Startup,"['CleanTech', 'AI/ML']",True,False,2018-01-25
founder_523,Michael Castillo,gscott@example.net,https://linkedin.com/in/salazarkimberly,Austin,Self-taught,Stanford,16,Finance,['SaaS'],False,False,2018-05-26
founder_524,Sergio Reynolds,smithjames@example.net,https://linkedin.com/in/yrivera,New York,Bachelor's,Caltech,10,Consulting,"['E-commerce', 'FoodTech', 'Blockchain']",True,False,2016-12-14
founder_525,Cynthia Yang,michele01@example.org,https://linkedin.com/in/armstrongscott,Miami,Bachelor's,Harvard,4,Startup,"['AI/ML', 'FoodTech']",False,False,2025-01-01
founder_526,Donald Mcintyre,ynguyen@example.net,https://linkedin.com/in/arussell,Dallas,PhD,Other,3,Facebook,['FoodTech'],True,False,2024-09-06
founder_527,Desiree Lewis,randerson@example.com,https://linkedin.com/in/rileymatthew,Portland,Bachelor's,,7,Microsoft,['PropTech'],False,False,2021-03-30
founder_528,Brittany Harris,weberjoanne@example.net,https://linkedin.com/in/jeremiah82,Seattle,PhD,Harvard,3,Microsoft,"['FinTech', 'HealthTech', 'InsurTech']",True,False,2016-07-31
founder_529,Kimberly Burke,martha21@example.com,https://linkedin.com/in/mmendoza,Nashville,Self-taught,MIT,2,Microsoft,['AI/ML'],True,True,2018-01-26
founder_530,Joseph Villegas,scottparker@example.org,https://linkedin.com/in/qberry,Portland,Bachelor's,,10,Startup,"['MarTech', 'PropTech', 'FoodTech']",False,False,2015-12-30
founder_531,Susan Edwards,rebecca38@example.org,https://linkedin.com/in/ojones,Austin,PhD,,12,Apple,"['AI/ML', 'InsurTech']",True,False,2023-11-03
founder_532,Katrina Lee,jason40@example.com,https://linkedin.com/in/julie53,Chicago,Bootcamp,Stanford,15,Consulting,['IoT'],True,False,2017-03-21
founder_533,Steven Butler,grant30@example.com,https://linkedin.com/in/dunlapdiane,San Francisco,PhD,MIT,1,Finance,['E-commerce'],False,False,2024-08-28
founder_534,William Foley,ashleypitts@example.net,https://linkedin.com/in/michaelstephens,Denver,Bootcamp,Stanford,12,Google,"['IoT', 'PropTech', 'LegalTech']",False,False,2020-02-16
founder_535,Teresa James,jason19@example.org,https://linkedin.com/in/barretterin,San Francisco,Bootcamp,CMU,13,Consulting,['PropTech'],False,False,2017-09-03
founder_536,Patricia Martin,ycastillo@example.com,https://linkedin.com/in/floresjeffrey,Miami,Self-taught,Stanford,7,Finance,['AI/ML'],True,False,2020-12-23
founder_537,Cynthia Garcia,nicolephillips@example.org,https://linkedin.com/in/sarah13,Philadelphia,PhD,,17,Facebook,"['CleanTech', 'LegalTech', 'HealthTech']",False,False,2019-05-27
founder_538,Richard Smith,madelinemclaughlin@example.org,https://linkedin.com/in/bryantjane,Phoenix,Bachelor's,Caltech,7,Microsoft,"['FoodTech', 'Blockchain']",False,False,2019-12-29
founder_539,Randy Tyler,matthew60@example.com,https://linkedin.com/in/michaeljohnson,Portland,Master's,UC Berkeley,12,Apple,['FinTech'],True,False,2025-02-09
founder_540,Tamara Bullock,andreamoon@example.org,https://linkedin.com/in/qjordan,San Francisco,Self-taught,Other,13,Amazon,"['FoodTech', 'HRTech']",True,True,2020-12-19
founder_541,Nicholas Henry,john25@example.org,https://linkedin.com/in/charleshancock,Boston,Bootcamp,Stanford,22,Amazon,"['CleanTech', 'AgriTech']",True,False,2021-12-02
founder_542,Michael Campbell,sandy36@example.com,https://linkedin.com/in/linda35,Austin,Bachelor's,,2,Consulting,"['CleanTech', 'Cybersecurity', 'HRTech']",False,False,2018-11-29
founder_543,James Gibbs,laurie25@example.com,https://linkedin.com/in/mcconnellsteven,San Diego,Bootcamp,Harvard,18,Microsoft,['LegalTech'],False,False,2022-07-18
founder_544,Kaylee Heath,tyler15@example.net,https://linkedin.com/in/gloverjacob,New York,Master's,Other,21,Consulting,['MarTech'],True,False,2016-12-27
founder_545,Tina Garrett,brownkaren@example.org,https://linkedin.com/in/jameswalker,Nashville,Master's,Other,21,Amazon,"['E-commerce', 'HealthTech']",False,False,2015-06-25
founder_546,Paul Barron,amberwagner@example.com,https://linkedin.com/in/wallbrenda,Phoenix,Master's,Other,0,Microsoft,"['InsurTech', 'E-commerce']",True,False,2021-08-03
founder_547,Justin Schneider,kramirez@example.com,https://linkedin.com/in/ianbryant,Los Angeles,Bachelor's,CMU,16,Apple,['LegalTech'],True,False,2024-11-24
founder_548,William Smith,ulowe@example.com,https://linkedin.com/in/ianderson,New York,PhD,,5,Amazon,"['E-commerce', 'SaaS', 'HealthTech']",True,False,2016-06-20
founder_549,Zachary Barnes,erickelly@example.org,https://linkedin.com/in/markgriffin,San Francisco,PhD,,23,Startup,"['IoT', 'AgriTech']",True,False,2019-02-26
founder_550,Anne Hayes,wellsbrian@example.net,https://linkedin.com/in/carla72,Phoenix,Bachelor's,Stanford,15,Google,['FinTech'],False,False,2016-01-19
founder_551,John Martinez,johnny46@example.org,https://linkedin.com/in/perezjoanne,Denver,Bootcamp,Stanford,5,Apple,['FinTech'],True,False,2022-02-23
founder_552,Shelby Johnson,kwilliams@example.net,https://linkedin.com/in/wpollard,New York,Master's,MIT,6,Amazon,"['InsurTech', 'PropTech']",False,True,2018-11-22
founder_553,Douglas Ortiz,diana22@example.org,https://linkedin.com/in/nancy35,Chicago,Master's,CMU,4,Tesla,"['HealthTech', 'AI/ML', 'FinTech']",False,False,2021-12-02
founder_554,Nicole Thomas,alexwilliams@example.com,https://linkedin.com/in/zlarson,Washington DC,PhD,Stanford,1,Apple,"['Gaming', 'EdTech', 'E-commerce']",True,False,2021-02-12
founder_555,Joseph Woods,anita08@example.com,https://linkedin.com/in/kelly58,Boston,PhD,Harvard,25,Startup,['PropTech'],True,False,2022-05-26
founder_556,Jonathan Cardenas,brandon06@example.org,https://linkedin.com/in/johnsonmichele,Nashville,Self-taught,Other,13,Finance,"['Blockchain', 'PropTech']",True,False,2024-02-18
founder_557,Kevin Reynolds,lindahamilton@example.org,https://linkedin.com/in/tylerramirez,New York,Bachelor's,,3,Apple,['PropTech'],False,False,2023-06-26
founder_558,Angel Graham,phardy@example.net,https://linkedin.com/in/ghoward,Phoenix,PhD,UC Berkeley,14,Consulting,"['Gaming', 'HealthTech', 'Cybersecurity']",False,True,2016-10-02
founder_559,Ian Vasquez,donna55@example.net,https://linkedin.com/in/fconley,New York,Master's,CMU,16,Amazon,"['CleanTech', 'Gaming']",False,False,2019-11-28
founder_560,Mr. Patrick Huber,johnsonmarc@example.org,https://linkedin.com/in/xanderson,San Francisco,PhD,,8,Google,['CleanTech'],True,False,2018-01-28
founder_561,Jason Eaton,christinewilliams@example.net,https://linkedin.com/in/brittneybaker,Philadelphia,PhD,,10,Tesla,"['E-commerce', 'AI/ML', 'FoodTech']",True,False,2022-08-06
founder_562,Adam Schneider,ysmith@example.org,https://linkedin.com/in/fmoran,Phoenix,Self-taught,,16,Startup,"['InsurTech', 'Cybersecurity']",False,False,2023-02-05
founder_563,Christina Tran,david69@example.org,https://linkedin.com/in/csmith,Chicago,Self-taught,,6,Startup,"['LegalTech', 'AgriTech']",True,False,2019-11-09
founder_564,Sarah Gilbert,danielpark@example.net,https://linkedin.com/in/xwalker,Atlanta,PhD,Harvard,14,Tesla,"['LegalTech', 'InsurTech', 'CleanTech']",True,False,2018-03-15
founder_565,Mr. Jared Smith MD,laura98@example.com,https://linkedin.com/in/fulleraaron,New York,Bootcamp,Stanford,7,Consulting,"['Gaming', 'InsurTech', 'HealthTech']",False,False,2015-06-17
founder_566,Antonio Johnson,wellison@example.com,https://linkedin.com/in/twade,Boston,Bachelor's,Other,8,Consulting,"['E-commerce', 'LegalTech']",False,False,2021-01-02
founder_567,Paul Hale,adammccoy@example.org,https://linkedin.com/in/lisayoung,Austin,Self-taught,,5,Finance,"['AI/ML', 'IoT', 'HealthTech']",True,False,2020-12-24
founder_568,Lauren Torres,mcclurebonnie@example.com,https://linkedin.com/in/pgentry,San Francisco,Self-taught,,11,Google,"['CleanTech', 'Cybersecurity']",True,True,2019-06-07
founder_569,Shannon Roberts,comptonemily@example.com,https://linkedin.com/in/adamjenkins,Nashville,Self-taught,Harvard,0,Microsoft,"['Blockchain', 'E-commerce', 'HealthTech']",True,True,2023-11-06
founder_570,Sharon Logan,thomas14@example.com,https://linkedin.com/in/catherinesoto,Chicago,Self-taught,Stanford,24,Finance,"['SaaS', 'EdTech']",True,False,2023-04-06
founder_571,Stacy Thomas,harriskenneth@example.net,https://linkedin.com/in/meganjackson,Boston,Master's,Other,6,Microsoft,"['LegalTech', 'Cybersecurity', 'Gaming']",False,False,2016-05-03
founder_572,Sharon Mcmahon,bishoptimothy@example.net,https://linkedin.com/in/matthewwilliams,Chicago,Bootcamp,Stanford,12,Microsoft,"['MarTech', 'HRTech', 'CleanTech']",True,True,2018-01-06
founder_573,Amber Green,kellymoore@example.net,https://linkedin.com/in/wolfematthew,Portland,Self-taught,,7,Finance,"['PropTech', 'IoT']",True,False,2018-05-18
founder_574,Antonio Wheeler,michaelorozco@example.net,https://linkedin.com/in/andrew52,Portland,Bachelor's,Stanford,5,Startup,"['InsurTech', 'FoodTech', 'HealthTech']",True,True,2024-08-31
founder_575,Cassandra Nichols,amandamurillo@example.com,https://linkedin.com/in/scotthuerta,Los Angeles,Bachelor's,Other,17,Microsoft,"['Blockchain', 'LegalTech']",True,False,2024-02-21
founder_576,Christine Leonard,samantha32@example.net,https://linkedin.com/in/sarah36,Washington DC,PhD,Harvard,24,Tesla,"['MarTech', 'FoodTech', 'EdTech']",True,False,2017-02-27
founder_577,Patricia Smith,dknox@example.com,https://linkedin.com/in/zachary29,New York,Bachelor's,Other,23,Facebook,['FinTech'],True,False,2017-10-30
founder_578,Tanya Cole,john23@example.net,https://linkedin.com/in/jennifer40,Austin,Bachelor's,,22,Tesla,['MarTech'],False,False,2019-02-04
founder_579,Stacey Hester,frederickdaniel@example.com,https://linkedin.com/in/phensley,Portland,Self-taught,Caltech,24,Startup,"['FinTech', 'AgriTech', 'FoodTech']",True,False,2018-11-05
founder_580,James Grimes,latasha35@example.com,https://linkedin.com/in/josephpeters,Austin,Bachelor's,Stanford,10,Amazon,"['SaaS', 'HRTech', 'CleanTech']",True,False,2020-03-12
founder_581,Valerie Franklin,christopherwilliams@example.net,https://linkedin.com/in/jeffreyalexander,San Francisco,Bootcamp,MIT,6,Facebook,['Gaming'],False,True,2015-07-23
founder_582,Taylor Dominguez,scott36@example.org,https://linkedin.com/in/christopher98,Seattle,PhD,CMU,3,Consulting,"['HealthTech', 'LegalTech', 'HRTech']",False,False,2021-02-16
founder_583,Amy Mueller,coxmartin@example.org,https://linkedin.com/in/anna65,Atlanta,Bachelor's,,22,Tesla,['Cybersecurity'],False,False,2018-10-10
founder_584,Scott Phillips,jamesmcgee@example.com,https://linkedin.com/in/atkinsonjohn,Chicago,PhD,Other,13,Microsoft,"['Gaming', 'HealthTech']",False,False,2015-09-25
founder_585,Veronica Jones,wjimenez@example.org,https://linkedin.com/in/michelle52,Austin,Bachelor's,,19,Consulting,"['HRTech', 'FinTech', 'Gaming']",True,False,2025-03-11
founder_586,Patrick Rich,maysmatthew@example.org,https://linkedin.com/in/frank10,Boston,Bachelor's,Stanford,3,Facebook,['Cybersecurity'],False,False,2023-10-05
founder_587,Sophia Montgomery,hannahpowell@example.org,https://linkedin.com/in/michaelkim,San Francisco,Self-taught,Harvard,19,Facebook,['Blockchain'],True,True,2023-05-03
founder_588,Michael Becker,amygarcia@example.net,https://linkedin.com/in/arnolddiana,Phoenix,Master's,,1,Startup,"['CleanTech', 'Blockchain']",True,False,2023-01-26
founder_589,Shane Pratt,laurie41@example.net,https://linkedin.com/in/adamsalejandro,Phoenix,Bachelor's,Stanford,7,Microsoft,"['FinTech', 'PropTech']",False,False,2015-09-21
founder_590,Russell George,bnelson@example.net,https://linkedin.com/in/john75,Atlanta,Bootcamp,,25,Consulting,"['CleanTech', 'AgriTech', 'PropTech']",True,True,2021-04-20
founder_591,Bryan Carey,natasha52@example.org,https://linkedin.com/in/mmorales,Austin,Bachelor's,,13,Apple,"['Blockchain', 'Cybersecurity', 'LegalTech']",False,True,2023-06-29
founder_592,Jason Jennings,tiffany00@example.com,https://linkedin.com/in/hroberts,Dallas,Bootcamp,,22,Apple,"['FoodTech', 'HealthTech', 'FinTech']",False,False,2022-04-21
founder_593,Jesus Davis,jeannetyler@example.net,https://linkedin.com/in/maryfriedman,Chicago,Bachelor's,MIT,23,Facebook,"['AI/ML', 'PropTech', 'Gaming']",True,False,2024-06-10
founder_594,Tiffany Wood,jwaters@example.org,https://linkedin.com/in/larry96,Nashville,Bootcamp,,11,Microsoft,"['MarTech', 'AI/ML', 'CleanTech']",True,False,2021-06-23
founder_595,Leslie Lopez,randydavis@example.org,https://linkedin.com/in/rhonda28,Denver,Master's,,21,Tesla,['FoodTech'],True,False,2021-06-15
founder_596,Jordan Gonzalez,moraleschristine@example.com,https://linkedin.com/in/harriscourtney,Phoenix,Bootcamp,,16,Startup,['HRTech'],True,False,2020-09-28
founder_597,Anita Williams,donald66@example.net,https://linkedin.com/in/wrightchristian,San Diego,Bootcamp,Other,12,Startup,"['HealthTech', 'AI/ML']",True,False,2022-03-11
founder_598,Kevin Beard,curtis12@example.org,https://linkedin.com/in/mark82,Austin,Self-taught,Harvard,5,Facebook,['AgriTech'],True,True,2025-05-02
founder_599,Sarah Chapman,jessica24@example.org,https://linkedin.com/in/bradley21,Dallas,Bachelor's,,6,Startup,"['Gaming', 'IoT', 'Cybersecurity']",True,True,2020-02-16
founder_600,Cristina Rogers,lchavez@example.com,https://linkedin.com/in/ojimenez,San Francisco,Bootcamp,,23,Google,"['MarTech', 'AgriTech', 'InsurTech']",True,True,2020-03-26
founder_601,Lauren Lopez,ariana67@example.net,https://linkedin.com/in/jessica40,Philadelphia,Bachelor's,UC Berkeley,12,Finance,"['IoT', 'LegalTech', 'CleanTech']",False,False,2017-04-27
founder_602,Alexander Conner,lefrank@example.net,https://linkedin.com/in/orozcojohn,Phoenix,Self-taught,Harvard,15,Microsoft,"['InsurTech', 'EdTech', 'Blockchain']",True,False,2022-08-20
founder_603,William Branch,tiffany06@example.net,https://linkedin.com/in/victorparker,Phoenix,Bootcamp,,7,Apple,"['LegalTech', 'CleanTech']",False,False,2024-06-24
founder_604,Jessica Anderson,lori05@example.org,https://linkedin.com/in/cody60,Denver,Bootcamp,,10,Apple,"['InsurTech', 'IoT', 'LegalTech']",True,True,2022-09-20
founder_605,Caleb Jones,aleon@example.org,https://linkedin.com/in/cruzdaniel,Seattle,Master's,Harvard,18,Apple,"['Blockchain', 'Cybersecurity', 'AI/ML']",True,False,2019-05-27
founder_606,Alison Scott,macevedo@example.net,https://linkedin.com/in/robert16,Denver,Bootcamp,,0,Consulting,['HRTech'],True,True,2016-05-22
founder_607,William Morales,victoriagardner@example.org,https://linkedin.com/in/eburns,Atlanta,Master's,UC Berkeley,2,Startup,['Cybersecurity'],True,False,2018-08-13
founder_608,Tyler Smith,brenda58@example.com,https://linkedin.com/in/stevensbrenda,Nashville,Bachelor's,Caltech,20,Tesla,"['HRTech', 'EdTech']",False,False,2015-10-07
founder_609,Maria Newman,tammymason@example.org,https://linkedin.com/in/richardhernandez,Chicago,Bachelor's,Harvard,7,Amazon,"['AI/ML', 'SaaS']",False,False,2023-10-01
founder_610,Bailey Schaefer,ann54@example.org,https://linkedin.com/in/tylersullivan,San Diego,Master's,Caltech,19,Microsoft,"['E-commerce', 'HealthTech']",False,False,2022-04-10
founder_611,Matthew Rodriguez,swilson@example.com,https://linkedin.com/in/charmon,Miami,Bootcamp,Caltech,21,Finance,"['CleanTech', 'E-commerce']",False,False,2022-06-04
founder_612,David West,calderonjessica@example.net,https://linkedin.com/in/tyler50,Denver,Master's,,14,Google,"['E-commerce', 'EdTech']",True,False,2021-09-27
founder_613,Kimberly Morris,frice@example.org,https://linkedin.com/in/jgilmore,Philadelphia,PhD,Other,20,Startup,"['E-commerce', 'FoodTech']",False,False,2020-06-26
founder_614,Ronald Roberts,lisa34@example.com,https://linkedin.com/in/brownbeth,Miami,Master's,,12,Google,"['E-commerce', 'LegalTech']",False,False,2022-04-21
founder_615,Mary Douglas,angela74@example.org,https://linkedin.com/in/heathersalazar,Austin,Bootcamp,,19,Apple,"['Gaming', 'E-commerce']",False,True,2017-02-21
founder_616,Steven Andrews,coxdouglas@example.org,https://linkedin.com/in/kimberly21,Phoenix,Bachelor's,,3,Startup,"['LegalTech', 'FinTech', 'E-commerce']",True,False,2022-07-31
founder_617,Phillip Holland,tara74@example.org,https://linkedin.com/in/egarcia,Phoenix,PhD,Harvard,8,Facebook,"['InsurTech', 'EdTech']",False,False,2023-06-05
founder_618,Tyler Daniel,ericagillespie@example.net,https://linkedin.com/in/alyssacoleman,Boston,Bachelor's,Harvard,2,Facebook,['IoT'],True,False,2016-11-14
founder_619,Julie Richardson,nancy71@example.org,https://linkedin.com/in/ronald44,Phoenix,Bootcamp,,25,Microsoft,"['IoT', 'InsurTech']",True,False,2018-08-07
founder_620,Katherine Harper,nancy73@example.net,https://linkedin.com/in/tlopez,Dallas,PhD,,18,Startup,"['CleanTech', 'AI/ML']",False,False,2015-10-27
founder_621,Christopher Gomez,benjaminnolan@example.org,https://linkedin.com/in/jennifer69,Philadelphia,Master's,,25,Apple,['PropTech'],False,False,2019-03-27
founder_622,Kenneth Tran Jr.,fbecker@example.org,https://linkedin.com/in/costapaula,Nashville,Bootcamp,Other,6,Apple,"['PropTech', 'FinTech']",True,False,2019-09-30
founder_623,Bonnie Freeman,william73@example.org,https://linkedin.com/in/dmartinez,Dallas,Master's,,14,Finance,"['LegalTech', 'IoT', 'FoodTech']",True,False,2019-06-23
founder_624,Monica Warner,kimjames@example.org,https://linkedin.com/in/michaelgarcia,Dallas,Self-taught,CMU,17,Startup,"['AgriTech', 'SaaS', 'Gaming']",True,False,2022-01-21
founder_625,Virginia Shepard,david23@example.com,https://linkedin.com/in/glasserin,Portland,Bachelor's,MIT,12,Amazon,['E-commerce'],True,False,2021-11-02
founder_626,Matthew Torres,virginiathomas@example.org,https://linkedin.com/in/dlee,Washington DC,Bachelor's,CMU,15,Startup,"['SaaS', 'AI/ML']",True,True,2023-09-07
founder_627,Michael Ross,lcarter@example.net,https://linkedin.com/in/qromero,Nashville,Master's,,25,Facebook,"['CleanTech', 'IoT']",False,False,2016-07-06
founder_628,Curtis Williams,vduarte@example.org,https://linkedin.com/in/clarktimothy,San Francisco,Self-taught,Caltech,11,Tesla,"['AgriTech', 'SaaS', 'PropTech']",True,False,2017-10-23
founder_629,Carla Davis,melaniebenson@example.net,https://linkedin.com/in/oneallisa,Austin,Self-taught,Caltech,19,Amazon,"['PropTech', 'EdTech']",True,False,2021-06-05
founder_630,Amber Payne,jenkinssylvia@example.org,https://linkedin.com/in/kelly80,Dallas,Self-taught,,1,Facebook,['Gaming'],False,False,2022-01-07
founder_631,Jessica Fischer,brandonmartinez@example.com,https://linkedin.com/in/ryan78,Boston,Self-taught,UC Berkeley,0,Consulting,"['EdTech', 'LegalTech', 'Cybersecurity']",True,False,2020-08-16
founder_632,Mrs. Maria Higgins DDS,kimberly85@example.net,https://linkedin.com/in/pzimmerman,Miami,PhD,,18,Tesla,"['CleanTech', 'IoT']",True,False,2022-08-21
founder_633,Mark Maldonado,stevenstrong@example.com,https://linkedin.com/in/james37,Atlanta,Bachelor's,CMU,4,Google,"['LegalTech', 'HealthTech', 'AI/ML']",True,False,2020-01-08
founder_634,Aaron Martinez,joneslynn@example.org,https://linkedin.com/in/valeriewright,Los Angeles,Bootcamp,Stanford,7,Finance,"['HRTech', 'AI/ML']",True,False,2022-07-05
founder_635,Ricky Davis,valerie17@example.org,https://linkedin.com/in/asmith,Nashville,Master's,Stanford,10,Facebook,['FinTech'],True,False,2015-07-04
founder_636,Carol Herrera,nathaniel65@example.com,https://linkedin.com/in/kimberlyramos,Denver,Bachelor's,,13,Microsoft,"['EdTech', 'Gaming', 'FoodTech']",True,True,2018-08-04
founder_637,Bryan Fields,alan24@example.net,https://linkedin.com/in/ambercastillo,Miami,PhD,,19,Tesla,"['FoodTech', 'MarTech']",False,True,2020-10-07
founder_638,Matthew Peterson,mramos@example.org,https://linkedin.com/in/richardstewart,Nashville,PhD,Other,8,Startup,"['Cybersecurity', 'FinTech', 'Gaming']",False,True,2022-01-26
founder_639,Dawn Crawford,iperkins@example.org,https://linkedin.com/in/pharmon,Portland,Master's,,5,Microsoft,"['FoodTech', 'AI/ML', 'Blockchain']",True,False,2016-06-17
founder_640,Heather Armstrong,audrey80@example.org,https://linkedin.com/in/melissabailey,San Francisco,Master's,,5,Microsoft,"['HRTech', 'EdTech', 'IoT']",False,False,2020-04-14
founder_641,Alexandra Franklin,christinahubbard@example.net,https://linkedin.com/in/bgarza,Portland,PhD,Harvard,1,Facebook,['Blockchain'],False,False,2016-06-13
founder_642,Christopher Johnson,terri89@example.net,https://linkedin.com/in/wangjulie,Washington DC,PhD,MIT,9,Startup,"['AI/ML', 'AgriTech', 'InsurTech']",True,False,2025-05-29
founder_643,William Huerta,kquinn@example.com,https://linkedin.com/in/wagnerandrew,Denver,Bachelor's,Stanford,5,Amazon,"['HealthTech', 'IoT']",True,False,2019-11-05
founder_644,Douglas Rodriguez,fwarren@example.com,https://linkedin.com/in/jeffreyoconnor,New York,PhD,Harvard,16,Facebook,"['E-commerce', 'MarTech']",True,False,2016-05-31
founder_645,Ashley Miller,rrobinson@example.com,https://linkedin.com/in/maureen06,San Diego,Master's,UC Berkeley,9,Consulting,['InsurTech'],True,False,2021-03-17
founder_646,Richard Patel,allenerika@example.org,https://linkedin.com/in/vasquezcynthia,Chicago,Bachelor's,Stanford,10,Startup,['CleanTech'],True,False,2025-01-16
founder_647,Dana Foster,michaela43@example.org,https://linkedin.com/in/hpowers,Phoenix,Bootcamp,Harvard,4,Finance,['AI/ML'],True,True,2023-06-14
founder_648,Laura Moon,phartman@example.org,https://linkedin.com/in/kerrmichael,Denver,PhD,UC Berkeley,24,Finance,"['CleanTech', 'EdTech']",True,False,2024-05-16
founder_649,Joshua Gilbert,gallegoscarolyn@example.net,https://linkedin.com/in/brownmarissa,Portland,PhD,Stanford,8,Consulting,['FoodTech'],False,False,2020-11-09
founder_650,Dennis Phillips,kevin14@example.org,https://linkedin.com/in/ayersadam,Phoenix,Self-taught,Stanford,13,Startup,['E-commerce'],True,False,2025-05-28
founder_651,Kristen Miller,umack@example.org,https://linkedin.com/in/angela59,Austin,PhD,Stanford,13,Microsoft,"['Gaming', 'FoodTech']",False,False,2024-03-02
founder_652,Kelly Morse,katelynkrause@example.org,https://linkedin.com/in/smithterry,Washington DC,Bootcamp,Stanford,17,Startup,"['Blockchain', 'LegalTech', 'FoodTech']",True,False,2025-03-20
founder_653,Amanda Hunter,stantonsharon@example.org,https://linkedin.com/in/molly56,Seattle,Self-taught,Other,22,Startup,"['Blockchain', 'PropTech', 'MarTech']",False,False,2018-09-19
founder_654,Jeffrey Ward,sandra78@example.com,https://linkedin.com/in/cruzharold,Dallas,Master's,CMU,19,Consulting,"['LegalTech', 'IoT']",False,False,2022-10-12
founder_655,Debbie Yu,wallacephillip@example.org,https://linkedin.com/in/costajudith,Miami,Master's,Stanford,0,Google,"['EdTech', 'FinTech']",True,False,2017-09-25
founder_656,Crystal Bell,chad04@example.org,https://linkedin.com/in/youngcameron,Miami,Bootcamp,Other,12,Amazon,"['Blockchain', 'Cybersecurity']",True,False,2024-05-18
founder_657,David Kelley,tracysmith@example.org,https://linkedin.com/in/wardmatthew,San Francisco,Master's,Caltech,12,Amazon,"['CleanTech', 'IoT']",True,False,2018-03-16
founder_658,Joshua Carter,julie59@example.org,https://linkedin.com/in/hhernandez,San Francisco,Bootcamp,Other,23,Tesla,"['HRTech', 'InsurTech']",True,False,2018-11-25
founder_659,Brett Johnson,joseph30@example.net,https://linkedin.com/in/adamseric,San Francisco,Bachelor's,Stanford,25,Amazon,"['MarTech', 'Blockchain']",True,False,2019-12-13
founder_660,Robin Hayes,terryjohn@example.org,https://linkedin.com/in/zamorasheryl,Los Angeles,Bachelor's,Other,6,Microsoft,['MarTech'],False,False,2024-05-06
founder_661,Larry Mullins,charlesward@example.net,https://linkedin.com/in/jbishop,Phoenix,Master's,,7,Amazon,"['IoT', 'Blockchain', 'HRTech']",True,False,2022-10-10
founder_662,Joshua Hernandez,heather18@example.org,https://linkedin.com/in/johnespinoza,Los Angeles,Bootcamp,Stanford,16,Microsoft,['FinTech'],False,False,2021-12-28
founder_663,Donna Hurst,eanderson@example.com,https://linkedin.com/in/ryancopeland,Dallas,Bachelor's,Harvard,13,Finance,"['LegalTech', 'InsurTech']",True,False,2023-12-08
founder_664,Geoffrey Williams,lauren97@example.net,https://linkedin.com/in/jonathanstein,Chicago,Master's,,3,Google,"['LegalTech', 'SaaS']",True,False,2021-07-23
founder_665,Anita Ray,coxtiffany@example.org,https://linkedin.com/in/kellerjessica,Washington DC,Self-taught,UC Berkeley,22,Tesla,"['LegalTech', 'SaaS', 'E-commerce']",False,False,2016-04-22
founder_666,Joseph Haas,lisa97@example.com,https://linkedin.com/in/lisawilliams,Dallas,PhD,,3,Facebook,['SaaS'],True,True,2015-09-12
founder_667,Heather Newton,sara45@example.com,https://linkedin.com/in/ocarlson,Denver,Master's,,1,Amazon,"['Cybersecurity', 'HRTech', 'MarTech']",True,False,2020-05-12
founder_668,Darryl Jimenez,ichavez@example.net,https://linkedin.com/in/cartersandra,San Diego,PhD,CMU,1,Finance,"['SaaS', 'HRTech']",False,False,2025-05-01
founder_669,Micheal Juarez,marcus39@example.net,https://linkedin.com/in/paulakelly,New York,Self-taught,Stanford,16,Microsoft,['FinTech'],False,False,2023-01-20
founder_670,Dwayne Martin,angelasmith@example.com,https://linkedin.com/in/katelyn13,San Diego,Bachelor's,,13,Apple,"['MarTech', 'InsurTech', 'HealthTech']",False,False,2020-08-26
founder_671,Diana Ashley,nicholasparker@example.org,https://linkedin.com/in/anthony46,Miami,Bootcamp,Stanford,10,Startup,"['MarTech', 'FoodTech']",False,False,2024-03-24
founder_672,Melissa Merritt,april86@example.org,https://linkedin.com/in/melissa84,Miami,Bachelor's,,7,Google,['CleanTech'],True,False,2024-10-28
founder_673,Megan Mcknight,david03@example.com,https://linkedin.com/in/rodneyyoung,Nashville,Master's,Stanford,16,Google,['LegalTech'],False,False,2020-02-04
founder_674,Amy Taylor,anthonybradford@example.org,https://linkedin.com/in/browncatherine,Portland,Self-taught,,23,Apple,"['FinTech', 'E-commerce', 'FoodTech']",False,False,2022-06-01
founder_675,Linda Neal,amandajohnson@example.org,https://linkedin.com/in/shernandez,Philadelphia,Bachelor's,Stanford,23,Facebook,"['E-commerce', 'InsurTech']",True,False,2024-04-30
founder_676,Chelsea Ford,neilnelson@example.net,https://linkedin.com/in/tyler80,Los Angeles,PhD,,19,Consulting,"['Blockchain', 'InsurTech']",True,False,2023-06-10
founder_677,Ryan Bowman,smithalyssa@example.net,https://linkedin.com/in/lbrown,Philadelphia,PhD,Caltech,13,Tesla,"['EdTech', 'HRTech']",False,False,2016-08-12
founder_678,Jeffrey Barajas,joshua05@example.org,https://linkedin.com/in/bakerjames,Miami,Bachelor's,UC Berkeley,0,Apple,"['MarTech', 'Gaming']",True,False,2023-11-10
founder_679,Rebecca Bonilla,elove@example.com,https://linkedin.com/in/stevenwalker,Miami,Bootcamp,,1,Amazon,['AgriTech'],True,True,2018-08-17
founder_680,Connor Hall,jonessteven@example.net,https://linkedin.com/in/tracywilliams,Dallas,Bootcamp,Stanford,16,Finance,"['MarTech', 'Cybersecurity']",False,False,2019-08-14
founder_681,Clinton Watson,john74@example.org,https://linkedin.com/in/manuel95,San Diego,PhD,UC Berkeley,19,Apple,"['CleanTech', 'E-commerce']",False,False,2016-01-08
founder_682,Monica Cohen,michaelhoward@example.org,https://linkedin.com/in/mitchellkatelyn,Atlanta,Bachelor's,Other,12,Microsoft,['FoodTech'],False,False,2024-10-13
founder_683,Sarah Jackson,rachael69@example.com,https://linkedin.com/in/jeremyharris,San Francisco,Master's,MIT,18,Apple,"['Gaming', 'AgriTech', 'EdTech']",True,False,2018-09-11
founder_684,Kevin Cochran,damon88@example.net,https://linkedin.com/in/fmeyer,Austin,Bachelor's,MIT,3,Google,"['FinTech', 'Cybersecurity']",True,False,2016-10-26
founder_685,Hannah Jacobs MD,allenkent@example.net,https://linkedin.com/in/washingtonshannon,Denver,Master's,MIT,1,Microsoft,"['Gaming', 'AgriTech']",True,False,2018-02-16
founder_686,James Bell,benitezpaul@example.net,https://linkedin.com/in/alexandriamartinez,Portland,Master's,UC Berkeley,11,Consulting,"['SaaS', 'PropTech', 'HealthTech']",True,False,2022-11-13
founder_687,Amber Watson,jonathanherrera@example.com,https://linkedin.com/in/rrangel,Austin,Bootcamp,Caltech,17,Microsoft,"['InsurTech', 'IoT', 'CleanTech']",False,False,2025-01-20
founder_688,Zachary Jefferson,teresa88@example.net,https://linkedin.com/in/amy43,San Francisco,Self-taught,,21,Google,"['Blockchain', 'CleanTech']",True,False,2017-09-09
founder_689,David Wolfe,hpoole@example.net,https://linkedin.com/in/iclark,Seattle,Bachelor's,Caltech,13,Consulting,"['FoodTech', 'HRTech', 'CleanTech']",False,False,2022-01-20
founder_690,Cody Williams,michellehernandez@example.net,https://linkedin.com/in/wanderson,Denver,Master's,Other,25,Consulting,"['LegalTech', 'MarTech']",True,False,2021-10-16
founder_691,Ashley Murray,ksheppard@example.com,https://linkedin.com/in/daughertyrachel,Portland,Bachelor's,,15,Finance,"['Gaming', 'Blockchain']",True,False,2023-03-24
founder_692,Joseph Roberson,frederick93@example.org,https://linkedin.com/in/imarsh,Washington DC,Master's,Stanford,13,Google,"['Cybersecurity', 'PropTech']",False,True,2017-01-22
founder_693,Anthony Bradley,carpenternancy@example.com,https://linkedin.com/in/kristinhall,Miami,Self-taught,Other,1,Google,"['E-commerce', 'Gaming']",True,False,2022-09-24
founder_694,Dana Myers,jimmymeyer@example.com,https://linkedin.com/in/danielclark,Atlanta,Master's,Caltech,1,Finance,"['Cybersecurity', 'PropTech']",True,False,2015-11-20
founder_695,Connor Morales,joshuaschneider@example.net,https://linkedin.com/in/jodyyoung,Atlanta,Bootcamp,,6,Amazon,['HealthTech'],True,False,2024-06-26
founder_696,Brenda Campbell,justin12@example.net,https://linkedin.com/in/vklein,Philadelphia,Master's,MIT,22,Microsoft,"['LegalTech', 'Gaming', 'CleanTech']",True,False,2022-08-22
founder_697,Michael Guerrero,wileyalbert@example.org,https://linkedin.com/in/ihenry,San Diego,PhD,Stanford,4,Tesla,"['Gaming', 'FinTech', 'Cybersecurity']",True,False,2024-10-31
founder_698,Craig Allen,pamelapugh@example.org,https://linkedin.com/in/qwalker,New York,Master's,UC Berkeley,2,Apple,"['HRTech', 'Cybersecurity', 'Gaming']",True,False,2025-04-14
founder_699,Amy Lam,villaelizabeth@example.com,https://linkedin.com/in/fjackson,Dallas,Self-taught,,18,Tesla,['FinTech'],True,False,2018-02-21
founder_700,Linda Williams,martinariel@example.com,https://linkedin.com/in/marissaaustin,Boston,PhD,MIT,12,Consulting,"['SaaS', 'E-commerce']",True,False,2023-11-23
founder_701,David Martinez,margaretphillips@example.com,https://linkedin.com/in/tanya39,Seattle,Master's,,25,Apple,"['E-commerce', 'HealthTech']",False,False,2021-01-03
founder_702,Alyssa Smith,vthornton@example.org,https://linkedin.com/in/bethsharp,Washington DC,Bachelor's,,19,Amazon,"['AI/ML', 'HRTech', 'FinTech']",False,True,2016-06-03
founder_703,Amanda Garcia,marie09@example.com,https://linkedin.com/in/johnwalter,Seattle,PhD,CMU,25,Microsoft,"['SaaS', 'AI/ML']",True,True,2021-11-05
founder_704,Brandon Ryan,markdavila@example.org,https://linkedin.com/in/cooperlindsey,Boston,Bachelor's,Other,19,Startup,['HRTech'],True,False,2017-06-28
founder_705,Mary Horton,crodriguez@example.com,https://linkedin.com/in/jose18,Denver,Bachelor's,,7,Microsoft,"['FoodTech', 'HRTech', 'Gaming']",False,True,2016-04-24
founder_706,Michael Smith,masoncarroll@example.org,https://linkedin.com/in/sowens,Portland,Self-taught,,5,Apple,"['FinTech', 'FoodTech', 'AI/ML']",False,False,2016-12-23
founder_707,Johnny Torres,rrose@example.org,https://linkedin.com/in/townsendteresa,Chicago,Bachelor's,UC Berkeley,11,Microsoft,['FoodTech'],True,True,2024-11-21
founder_708,Nichole Stone,anthony13@example.org,https://linkedin.com/in/robert13,Dallas,Bootcamp,,25,Apple,"['PropTech', 'AgriTech']",False,False,2019-08-13
founder_709,Sarah Moore,igarrison@example.org,https://linkedin.com/in/othomas,Portland,PhD,UC Berkeley,20,Google,"['PropTech', 'FinTech', 'InsurTech']",False,True,2022-11-18
founder_710,Justin Robbins,smithwesley@example.org,https://linkedin.com/in/aperkins,Boston,Bachelor's,Other,4,Startup,"['AgriTech', 'E-commerce', 'SaaS']",False,False,2017-08-08
founder_711,Kim Lee,rhonda49@example.com,https://linkedin.com/in/diana86,New York,Self-taught,CMU,4,Startup,"['HRTech', 'Gaming']",True,False,2021-11-11
founder_712,Cynthia Jackson,oyoung@example.org,https://linkedin.com/in/jorge30,Miami,Bootcamp,Caltech,10,Tesla,"['MarTech', 'FoodTech', 'EdTech']",True,False,2019-12-18
founder_713,Marvin Thomas,ecalhoun@example.org,https://linkedin.com/in/adamsalyssa,Nashville,PhD,Caltech,24,Microsoft,"['MarTech', 'FoodTech']",False,False,2024-09-02
founder_714,James Ramos,smartinez@example.com,https://linkedin.com/in/diane91,Philadelphia,Self-taught,,1,Microsoft,"['FoodTech', 'InsurTech', 'EdTech']",True,False,2020-10-19
founder_715,James Ramirez,eric76@example.net,https://linkedin.com/in/rebekahcurtis,Seattle,Self-taught,Harvard,5,Finance,"['HRTech', 'Gaming', 'LegalTech']",False,True,2018-09-10
founder_716,John Alvarado,mhowell@example.org,https://linkedin.com/in/triciamartinez,Washington DC,Bootcamp,CMU,17,Consulting,"['PropTech', 'EdTech', 'InsurTech']",True,False,2023-02-24
founder_717,Andrew Stone,andrew69@example.com,https://linkedin.com/in/bethkennedy,Seattle,Master's,Harvard,4,Microsoft,['AI/ML'],True,False,2020-09-02
founder_718,Tanya Johns,maciastrevor@example.net,https://linkedin.com/in/kenneth67,Denver,Self-taught,,23,Tesla,['PropTech'],True,False,2015-11-10
founder_719,Evan Murray,amber98@example.com,https://linkedin.com/in/justinmartinez,Dallas,Master's,MIT,18,Amazon,['LegalTech'],False,False,2022-11-28
founder_720,Raymond Williams,gyoung@example.com,https://linkedin.com/in/george00,Chicago,Bachelor's,UC Berkeley,9,Microsoft,"['IoT', 'LegalTech']",False,True,2018-01-13
founder_721,Matthew Campbell,cwolf@example.org,https://linkedin.com/in/ryan55,New York,Bootcamp,UC Berkeley,15,Facebook,['MarTech'],False,False,2018-10-05
founder_722,Bethany Guzman,gbartlett@example.org,https://linkedin.com/in/sgonzalez,Atlanta,Master's,,15,Startup,"['MarTech', 'SaaS']",True,False,2022-05-15
founder_723,Alex Snow,jessica72@example.net,https://linkedin.com/in/hendrixcameron,San Diego,Bachelor's,Caltech,18,Consulting,"['E-commerce', 'SaaS']",False,True,2017-06-05
founder_724,Deborah Hull,alexanderdonovan@example.net,https://linkedin.com/in/jeremy78,Portland,Bootcamp,,14,Startup,"['EdTech', 'HealthTech']",False,False,2018-11-13
founder_725,William Ho,qconley@example.org,https://linkedin.com/in/blairariana,Seattle,PhD,,15,Tesla,['SaaS'],True,False,2016-10-18
founder_726,Crystal Fernandez,martinezashley@example.com,https://linkedin.com/in/morrowdebbie,Portland,Master's,UC Berkeley,23,Startup,"['Cybersecurity', 'SaaS']",False,False,2016-12-11
founder_727,Kenneth Fisher,hughesmartin@example.net,https://linkedin.com/in/phillipquinn,Atlanta,Master's,Other,3,Microsoft,['EdTech'],True,False,2018-04-28
founder_728,Javier Thomas,gibsonrebecca@example.org,https://linkedin.com/in/thomasbenitez,Los Angeles,Self-taught,,3,Startup,"['Gaming', 'Blockchain', 'E-commerce']",False,False,2019-08-29
founder_729,Jennifer Davis,jkennedy@example.com,https://linkedin.com/in/gjones,San Diego,Master's,CMU,19,Microsoft,"['HRTech', 'E-commerce', 'AI/ML']",True,False,2025-01-27
founder_730,Deanna Torres,gthompson@example.org,https://linkedin.com/in/kevin03,San Francisco,Self-taught,,12,Facebook,"['MarTech', 'HRTech']",False,False,2017-05-13
founder_731,Willie Armstrong,pjohnson@example.org,https://linkedin.com/in/lihannah,Portland,PhD,Other,19,Consulting,"['InsurTech', 'IoT', 'EdTech']",True,True,2019-08-09
founder_732,Amber Brown,singletonrussell@example.net,https://linkedin.com/in/castrokent,Washington DC,Bachelor's,Harvard,9,Microsoft,"['Cybersecurity', 'CleanTech', 'IoT']",False,False,2016-05-24
founder_733,Daniel Taylor,santostimothy@example.org,https://linkedin.com/in/gonzalezrachel,Portland,Self-taught,UC Berkeley,23,Google,['SaaS'],True,False,2023-04-09
founder_734,Isabel Garcia,robertgeorge@example.com,https://linkedin.com/in/christopher62,Portland,Master's,MIT,13,Startup,"['PropTech', 'LegalTech']",False,False,2020-07-31
founder_735,Ronald Johnson,stephaniejuarez@example.com,https://linkedin.com/in/harrisjeremy,Seattle,PhD,MIT,22,Tesla,['E-commerce'],False,False,2023-07-17
founder_736,Stephanie Mckinney,nhaney@example.com,https://linkedin.com/in/harriskatherine,New York,Self-taught,Caltech,24,Google,"['AgriTech', 'Blockchain', 'LegalTech']",True,False,2016-01-30
founder_737,Logan Fox,david17@example.com,https://linkedin.com/in/rachellopez,Dallas,PhD,Caltech,5,Amazon,"['Cybersecurity', 'EdTech']",False,False,2015-09-28
founder_738,Ralph Rose,rodriguezjames@example.org,https://linkedin.com/in/shatfield,Miami,Bachelor's,Other,22,Consulting,"['InsurTech', 'PropTech']",False,False,2016-11-05
founder_739,Brenda House,ncarter@example.net,https://linkedin.com/in/stephanie82,Chicago,Master's,UC Berkeley,0,Apple,['AgriTech'],False,False,2019-11-27
founder_740,Marissa Parrish,hhouse@example.com,https://linkedin.com/in/nicholas43,San Diego,PhD,,4,Startup,"['FinTech', 'AI/ML', 'HealthTech']",False,False,2016-08-08
founder_741,Benjamin Cole,masonpatrick@example.com,https://linkedin.com/in/zrobinson,Nashville,Self-taught,CMU,18,Consulting,"['SaaS', 'FinTech']",True,False,2016-12-03
founder_742,Theresa Martinez,phillipsangela@example.com,https://linkedin.com/in/rebeccabryant,Atlanta,Self-taught,Stanford,18,Apple,"['Cybersecurity', 'Blockchain']",False,False,2016-12-08
founder_743,Donald Jones,cindycunningham@example.com,https://linkedin.com/in/paulgarcia,Nashville,Master's,UC Berkeley,5,Startup,['Gaming'],True,False,2019-02-28
founder_744,Matthew Allen,ruizrobert@example.com,https://linkedin.com/in/nathanielkhan,Denver,Bachelor's,Harvard,3,Google,"['SaaS', 'Cybersecurity']",True,False,2018-08-18
founder_745,Corey Reeves,megan90@example.net,https://linkedin.com/in/nicholasshaw,Chicago,Bachelor's,CMU,2,Tesla,"['CleanTech', 'AgriTech']",True,False,2021-04-22
founder_746,Sharon Fox,tiffanymyers@example.com,https://linkedin.com/in/dwayne68,San Diego,Bachelor's,Other,7,Microsoft,"['EdTech', 'InsurTech']",False,False,2023-10-21
founder_747,Antonio Thompson,basschristopher@example.com,https://linkedin.com/in/vferguson,Washington DC,PhD,,24,Consulting,"['CleanTech', 'E-commerce']",False,False,2020-11-14
founder_748,Kyle Johnson,tracybray@example.com,https://linkedin.com/in/ellisjoshua,Nashville,PhD,Stanford,15,Tesla,"['HRTech', 'AI/ML', 'LegalTech']",True,False,2019-08-03
founder_749,Tara Francis,johnsonbrandon@example.com,https://linkedin.com/in/rmeyer,San Francisco,Bachelor's,,18,Microsoft,"['HRTech', 'Blockchain', 'EdTech']",True,False,2017-11-05
founder_750,Melinda Mccarthy,esmith@example.net,https://linkedin.com/in/brianmitchell,Dallas,Self-taught,Stanford,2,Google,['Cybersecurity'],False,False,2016-12-15
founder_751,Sarah Hill,davidgarner@example.com,https://linkedin.com/in/davidhogan,Washington DC,Bachelor's,Caltech,19,Facebook,"['MarTech', 'FinTech', 'Gaming']",True,False,2019-04-08
founder_752,Andrea Ibarra,peggy90@example.org,https://linkedin.com/in/billyaguirre,Phoenix,Bachelor's,,0,Finance,"['HealthTech', 'SaaS']",False,False,2024-02-22
founder_753,Christopher Mathis,nataliegutierrez@example.org,https://linkedin.com/in/jonathanmaldonado,Washington DC,PhD,Caltech,19,Startup,['InsurTech'],False,True,2022-06-25
founder_754,Carrie Brown,josephvelasquez@example.org,https://linkedin.com/in/bellbrian,San Francisco,Bachelor's,,25,Facebook,['CleanTech'],True,False,2022-10-01
founder_755,Jason Owens,jacobray@example.org,https://linkedin.com/in/raymondwilliams,Portland,Bachelor's,Stanford,3,Tesla,"['HRTech', 'FinTech']",True,False,2021-08-01
founder_756,Hunter Cox,robertkaufman@example.net,https://linkedin.com/in/john66,San Diego,Bachelor's,,21,Apple,['E-commerce'],True,False,2024-12-06
founder_757,David Peterson,buchananruth@example.net,https://linkedin.com/in/melissahaynes,Boston,Bachelor's,CMU,14,Amazon,"['FinTech', 'HRTech', 'Blockchain']",True,False,2018-05-22
founder_758,Morgan Peterson,johnerickson@example.org,https://linkedin.com/in/jonessarah,Phoenix,Self-taught,MIT,2,Finance,['CleanTech'],True,False,2017-05-01
founder_759,Susan Lyons,john63@example.net,https://linkedin.com/in/amy81,Austin,Bachelor's,,11,Consulting,"['IoT', 'Gaming']",True,False,2021-02-20
founder_760,Alexander Kelly,jimmy68@example.org,https://linkedin.com/in/cody97,Washington DC,Master's,Other,19,Tesla,"['HealthTech', 'HRTech', 'PropTech']",True,False,2025-01-05
founder_761,Kyle Scott,kinggregory@example.com,https://linkedin.com/in/danieljacobs,Chicago,Bachelor's,Other,22,Google,"['IoT', 'E-commerce', 'Gaming']",False,False,2024-11-01
founder_762,Jesse Oconnell,acostatodd@example.com,https://linkedin.com/in/zchavez,Seattle,PhD,Stanford,11,Consulting,"['Cybersecurity', 'MarTech', 'IoT']",True,True,2016-04-07
founder_763,Christopher Brooks,johnroach@example.org,https://linkedin.com/in/jacksonrobert,Dallas,Bachelor's,Stanford,14,Microsoft,['EdTech'],True,False,2022-03-22
founder_764,Joy Chavez,morrowalyssa@example.net,https://linkedin.com/in/sheppardmarie,Phoenix,Self-taught,CMU,16,Facebook,"['SaaS', 'E-commerce', 'Cybersecurity']",True,False,2017-11-15
founder_765,Michael Clark,uchen@example.org,https://linkedin.com/in/sbrown,Austin,Bootcamp,,4,Facebook,['FinTech'],True,False,2016-02-22
founder_766,Ann Harris,jamesmccall@example.net,https://linkedin.com/in/katherinejackson,San Francisco,PhD,,17,Microsoft,['EdTech'],False,False,2023-11-17
founder_767,Brianna West,martin04@example.org,https://linkedin.com/in/crystalcarpenter,Denver,Bachelor's,Harvard,6,Startup,"['LegalTech', 'CleanTech']",False,True,2022-03-29
founder_768,Lindsay Maldonado,sarahmurphy@example.net,https://linkedin.com/in/connie11,San Diego,Bootcamp,Stanford,11,Startup,['FinTech'],False,False,2022-02-15
founder_769,Dawn Guzman,whitepatricia@example.com,https://linkedin.com/in/kimbethany,Dallas,Self-taught,Stanford,16,Google,"['PropTech', 'InsurTech', 'SaaS']",True,False,2022-09-20
founder_770,William Beard,joseph98@example.net,https://linkedin.com/in/amymitchell,Miami,Bachelor's,,18,Tesla,"['MarTech', 'EdTech']",False,False,2022-09-22
founder_771,Emily Kelley,michele66@example.org,https://linkedin.com/in/staylor,Atlanta,Self-taught,MIT,5,Tesla,"['EdTech', 'FinTech', 'E-commerce']",True,False,2023-05-02
founder_772,Jose Hines,bradleykevin@example.org,https://linkedin.com/in/christopher77,Chicago,Bachelor's,Harvard,21,Apple,"['InsurTech', 'AI/ML']",True,False,2018-10-16
founder_773,April Stewart,brianna32@example.com,https://linkedin.com/in/jwolfe,San Francisco,PhD,MIT,21,Finance,"['Gaming', 'PropTech']",True,False,2019-10-19
founder_774,Terry Novak,jomiranda@example.com,https://linkedin.com/in/thomasmary,Austin,PhD,,20,Google,"['AI/ML', 'FoodTech', 'IoT']",False,False,2021-09-02
founder_775,Melissa Lopez,christian21@example.com,https://linkedin.com/in/gmartinez,Washington DC,Bachelor's,MIT,23,Finance,"['FoodTech', 'PropTech']",False,False,2017-01-02
founder_776,David Jackson,rwatts@example.org,https://linkedin.com/in/umorrison,Denver,PhD,,4,Consulting,['HRTech'],True,False,2016-07-21
founder_777,Shelley Hunter,april26@example.net,https://linkedin.com/in/chase99,Dallas,Bachelor's,,17,Apple,['IoT'],False,False,2017-05-06
founder_778,Brandy King,dwhitaker@example.com,https://linkedin.com/in/qedwards,Washington DC,Master's,Caltech,18,Microsoft,['Cybersecurity'],True,True,2023-04-13
founder_779,Stacy Gaines,pbuck@example.org,https://linkedin.com/in/hahnlauren,Phoenix,PhD,CMU,14,Facebook,"['AgriTech', 'Blockchain']",False,False,2021-05-02
founder_780,Robert Friedman,garciakathy@example.com,https://linkedin.com/in/ufarrell,New York,Master's,UC Berkeley,1,Amazon,"['AI/ML', 'LegalTech', 'IoT']",False,False,2020-05-22
founder_781,Karen Johnson,twalton@example.net,https://linkedin.com/in/sarahgarcia,San Diego,Self-taught,Other,23,Facebook,['FinTech'],False,False,2015-12-11
founder_782,Alyssa Harrell,jeffrey60@example.org,https://linkedin.com/in/xcohen,New York,Bachelor's,,18,Apple,"['MarTech', 'LegalTech', 'AI/ML']",True,False,2019-10-14
founder_783,Stephanie Martin,parkeradrian@example.net,https://linkedin.com/in/zwade,Philadelphia,Bootcamp,Caltech,6,Amazon,"['EdTech', 'LegalTech']",True,False,2025-02-21
founder_784,Kristin Yang,marysullivan@example.com,https://linkedin.com/in/melissa04,Boston,Self-taught,,2,Tesla,"['Gaming', 'Cybersecurity', 'PropTech']",False,False,2022-09-14
founder_785,Adam Dominguez,mark52@example.org,https://linkedin.com/in/housejamie,Austin,PhD,,21,Tesla,"['IoT', 'InsurTech']",True,False,2016-10-02
founder_786,Daniel Pace,mendezrandy@example.com,https://linkedin.com/in/zmerritt,Chicago,Master's,Stanford,23,Consulting,"['PropTech', 'IoT', 'HealthTech']",False,False,2016-06-30
founder_787,Benjamin Miles,walkerelizabeth@example.net,https://linkedin.com/in/craigjones,San Diego,Master's,Stanford,25,Startup,"['Cybersecurity', 'Gaming', 'CleanTech']",False,False,2024-04-06
founder_788,Ronald Thornton DDS,catherine53@example.com,https://linkedin.com/in/colemannicole,San Francisco,Bachelor's,CMU,24,Apple,['FinTech'],True,True,2020-10-01
founder_789,Natalie Garrison,myersjulie@example.net,https://linkedin.com/in/snydermichelle,Philadelphia,Bootcamp,MIT,1,Apple,['EdTech'],True,True,2020-03-04
founder_790,Jacqueline Torres,jenniferbrown@example.org,https://linkedin.com/in/tsanders,New York,Bachelor's,Stanford,4,Consulting,"['LegalTech', 'Cybersecurity', 'HRTech']",True,False,2020-02-14
founder_791,Sara Murillo,randallrosario@example.org,https://linkedin.com/in/kjames,San Diego,Bachelor's,,10,Startup,"['HealthTech', 'MarTech']",True,False,2016-06-20
founder_792,Cassandra Osborne,jcollins@example.org,https://linkedin.com/in/martin05,Seattle,Bachelor's,UC Berkeley,10,Microsoft,['HRTech'],False,False,2017-09-14
founder_793,Juan Tate,kingamber@example.com,https://linkedin.com/in/rdean,San Francisco,Bootcamp,UC Berkeley,1,Facebook,"['AI/ML', 'LegalTech', 'FinTech']",True,False,2019-05-03
founder_794,Robert George,pattersongregory@example.net,https://linkedin.com/in/wmeyers,Boston,Bootcamp,Stanford,22,Tesla,"['AgriTech', 'FoodTech', 'FinTech']",True,False,2020-05-30
founder_795,Brittney Mccall,harpercassandra@example.org,https://linkedin.com/in/johnsongavin,Austin,Bootcamp,,0,Tesla,"['EdTech', 'LegalTech']",False,False,2019-03-26
founder_796,Mark Hudson,uconway@example.com,https://linkedin.com/in/zwhite,Los Angeles,PhD,Other,4,Apple,"['LegalTech', 'Gaming']",True,False,2024-05-18
founder_797,Lisa Jackson,thompsonelizabeth@example.com,https://linkedin.com/in/qlyons,San Diego,Master's,Other,25,Google,"['MarTech', 'IoT']",False,False,2018-08-21
founder_798,Anthony Young,xcastro@example.net,https://linkedin.com/in/nrobinson,Miami,Bootcamp,CMU,20,Finance,"['MarTech', 'LegalTech', 'IoT']",False,False,2020-01-14
founder_799,Stephanie Martinez,ufoster@example.com,https://linkedin.com/in/tgarcia,Chicago,Self-taught,MIT,17,Microsoft,"['AI/ML', 'AgriTech', 'InsurTech']",True,False,2018-09-14
founder_800,Katherine Hurst,john99@example.net,https://linkedin.com/in/david34,Denver,Bootcamp,Harvard,12,Apple,['FinTech'],True,False,2016-02-28
founder_801,Robert Henry,cheryl55@example.net,https://linkedin.com/in/barberwilliam,Dallas,Bachelor's,Harvard,15,Tesla,['AgriTech'],True,False,2023-02-02
founder_802,Eric Newman,millereric@example.org,https://linkedin.com/in/mpatton,Washington DC,Self-taught,,20,Facebook,['Cybersecurity'],True,False,2022-04-21
founder_803,James Ramirez,adrian06@example.com,https://linkedin.com/in/kkelly,Atlanta,Self-taught,UC Berkeley,10,Finance,['CleanTech'],False,False,2018-05-16
founder_804,Joshua Olsen,ascott@example.net,https://linkedin.com/in/williamslisa,Washington DC,Self-taught,,6,Consulting,"['SaaS', 'InsurTech']",True,False,2021-05-02
founder_805,Amanda Hines,suttonbrianna@example.net,https://linkedin.com/in/sarahhernandez,Nashville,Bachelor's,Other,23,Facebook,['LegalTech'],True,False,2018-03-15
founder_806,Tanya Garcia,jeremynunez@example.com,https://linkedin.com/in/martineztracie,Nashville,Bachelor's,,6,Facebook,['PropTech'],True,False,2020-07-27
founder_807,Christopher Lucas,birdterri@example.org,https://linkedin.com/in/lauramiller,Seattle,Bootcamp,Other,24,Google,"['LegalTech', 'FoodTech']",True,False,2025-01-10
founder_808,Steven Kim,greenmichael@example.org,https://linkedin.com/in/swise,Philadelphia,PhD,,23,Facebook,"['IoT', 'HealthTech', 'FoodTech']",True,False,2025-06-01
founder_809,Olivia Barnes,kimberlyrollins@example.com,https://linkedin.com/in/ymurray,Portland,Bootcamp,Stanford,22,Finance,"['IoT', 'FoodTech', 'FinTech']",False,False,2018-01-10
founder_810,Kimberly Zamora,samanthawilliams@example.net,https://linkedin.com/in/mcclainjocelyn,San Diego,Master's,,0,Tesla,"['EdTech', 'HealthTech']",True,False,2024-08-01
founder_811,Kimberly Harris,kingtina@example.net,https://linkedin.com/in/nicolesmith,New York,Self-taught,,21,Tesla,"['PropTech', 'EdTech', 'HealthTech']",False,True,2022-04-15
founder_812,Krista Rivera,ssanchez@example.com,https://linkedin.com/in/oedwards,Denver,Bachelor's,MIT,25,Google,"['HealthTech', 'MarTech']",True,False,2018-05-17
founder_813,Lisa Riddle,andrew89@example.net,https://linkedin.com/in/washingtonalexandra,Phoenix,Bootcamp,,10,Finance,['InsurTech'],True,False,2017-08-03
founder_814,Valerie Shaw,kelli44@example.org,https://linkedin.com/in/medinajames,San Diego,PhD,MIT,14,Apple,['HRTech'],False,False,2015-07-01
founder_815,Andrew Kim,brownjerry@example.net,https://linkedin.com/in/stefanie98,Denver,Master's,,8,Startup,"['InsurTech', 'LegalTech']",False,False,2021-04-08
founder_816,Matthew Robinson,josephmartin@example.org,https://linkedin.com/in/iday,Washington DC,Master's,Other,2,Tesla,"['AgriTech', 'LegalTech', 'IoT']",False,False,2016-11-29
founder_817,Terri Davis,shirleysnyder@example.com,https://linkedin.com/in/amoreno,Nashville,PhD,UC Berkeley,18,Startup,['AI/ML'],True,False,2021-03-10
founder_818,Jonathan Schroeder,tjohnson@example.com,https://linkedin.com/in/christinabutler,New York,Bachelor's,CMU,12,Amazon,"['FinTech', 'CleanTech', 'HealthTech']",False,False,2015-08-01
founder_819,Jacob Chavez,iwilliams@example.com,https://linkedin.com/in/katie23,Los Angeles,Bachelor's,Other,7,Facebook,"['InsurTech', 'MarTech']",False,True,2024-03-09
founder_820,Sandra Cole,rogerslauren@example.org,https://linkedin.com/in/lawsoncarolyn,Washington DC,Master's,Harvard,23,Amazon,['AgriTech'],True,False,2021-07-23
founder_821,Dustin Wallace,terri37@example.net,https://linkedin.com/in/nicoletownsend,San Francisco,PhD,CMU,17,Google,"['InsurTech', 'Gaming', 'E-commerce']",False,True,2023-07-28
founder_822,Janet Price,cheryl67@example.com,https://linkedin.com/in/jefferyroberts,Phoenix,Self-taught,CMU,6,Finance,['CleanTech'],True,False,2018-04-19
founder_823,William Pierce,timothysosa@example.com,https://linkedin.com/in/tarasimpson,Miami,Master's,CMU,24,Google,['MarTech'],False,False,2019-03-30
founder_824,Mary Stokes,kimberly31@example.org,https://linkedin.com/in/jacobsoncheryl,New York,Master's,CMU,8,Finance,"['Cybersecurity', 'EdTech']",True,False,2016-05-27
founder_825,Leslie Roberts,halljanet@example.net,https://linkedin.com/in/usilva,Seattle,Bachelor's,Harvard,18,Consulting,"['SaaS', 'HealthTech', 'LegalTech']",False,False,2020-06-17
founder_826,Dennis Larsen,nicolejones@example.org,https://linkedin.com/in/mlang,Washington DC,Bachelor's,,15,Google,"['MarTech', 'AgriTech']",False,True,2024-08-27
founder_827,Andrea Delgado MD,ericwright@example.com,https://linkedin.com/in/jose54,Portland,PhD,,13,Amazon,"['InsurTech', 'MarTech', 'EdTech']",True,False,2024-08-17
founder_828,Brian Holmes,agordon@example.com,https://linkedin.com/in/twilliams,Phoenix,Bootcamp,,19,Finance,"['SaaS', 'FoodTech']",True,True,2022-11-18
founder_829,John Wright,christopherdillon@example.org,https://linkedin.com/in/millerjeremy,Los Angeles,Master's,Harvard,6,Google,"['Cybersecurity', 'CleanTech', 'PropTech']",True,False,2021-04-16
founder_830,Caleb Snyder,briley@example.com,https://linkedin.com/in/jeremy10,San Diego,Self-taught,,1,Facebook,['PropTech'],True,False,2023-04-08
founder_831,Destiny Scott,brian53@example.org,https://linkedin.com/in/nvaughan,Austin,Bootcamp,UC Berkeley,15,Google,"['EdTech', 'AI/ML']",True,False,2024-05-22
founder_832,Megan Cole,smithdevin@example.org,https://linkedin.com/in/molly93,Nashville,Master's,CMU,10,Google,['Blockchain'],True,False,2022-12-29
founder_833,Lisa Patrick,dgarcia@example.com,https://linkedin.com/in/michael47,Philadelphia,Self-taught,CMU,4,Apple,['InsurTech'],True,False,2021-03-26
founder_834,Beverly Smith,weberalyssa@example.net,https://linkedin.com/in/adamslisa,Miami,Self-taught,,7,Apple,['FinTech'],True,False,2024-09-28
founder_835,Kyle Rosario,amiller@example.org,https://linkedin.com/in/stephen15,Phoenix,Master's,,21,Amazon,['E-commerce'],True,False,2016-03-13
founder_836,Nancy Richardson,harperlori@example.net,https://linkedin.com/in/cynthia27,Denver,Master's,,17,Startup,"['FoodTech', 'PropTech', 'FinTech']",False,False,2020-08-01
founder_837,Angela Jackson PhD,burnsmichael@example.com,https://linkedin.com/in/michael29,Chicago,Master's,Stanford,1,Microsoft,['SaaS'],False,False,2018-11-25
founder_838,Daniel Parks,jasonwilliams@example.org,https://linkedin.com/in/reedmercedes,Miami,PhD,CMU,25,Consulting,"['AI/ML', 'HealthTech']",True,False,2018-03-09
founder_839,Scott Hernandez PhD,danielmoody@example.net,https://linkedin.com/in/ysilva,Boston,Master's,UC Berkeley,19,Facebook,"['IoT', 'LegalTech']",True,True,2023-10-01
founder_840,Matthew Goodman,pmeyers@example.net,https://linkedin.com/in/catherinekrueger,New York,Self-taught,Other,9,Startup,"['EdTech', 'Blockchain']",True,False,2022-08-02
founder_841,Carla Edwards,omoses@example.net,https://linkedin.com/in/ofreeman,Nashville,Self-taught,CMU,20,Finance,"['HRTech', 'HealthTech', 'Gaming']",False,False,2022-04-01
founder_842,William Moore,donna62@example.org,https://linkedin.com/in/oadams,Miami,Bachelor's,Harvard,16,Amazon,['MarTech'],True,False,2020-11-26
founder_843,Jeffrey Schmidt,cherylsantiago@example.com,https://linkedin.com/in/tmejia,Denver,PhD,Other,11,Tesla,"['CleanTech', 'InsurTech', 'Cybersecurity']",False,False,2025-05-09
founder_844,Anna Haynes,briancrawford@example.org,https://linkedin.com/in/lindseyswanson,New York,Self-taught,Stanford,6,Tesla,['Blockchain'],False,False,2016-10-12
founder_845,Christian James,joshua12@example.com,https://linkedin.com/in/yhiggins,Philadelphia,PhD,UC Berkeley,25,Facebook,"['SaaS', 'HealthTech']",True,True,2024-12-29
founder_846,Catherine Reese MD,wrightdaniel@example.org,https://linkedin.com/in/kelly06,Portland,PhD,,3,Amazon,['PropTech'],False,True,2023-11-02
founder_847,Edward Johnson,jjensen@example.org,https://linkedin.com/in/thomassmith,Chicago,Master's,Caltech,24,Apple,"['HRTech', 'AI/ML']",False,False,2021-12-18
founder_848,Eric Brown,conleyamanda@example.com,https://linkedin.com/in/ryanperez,Miami,Bootcamp,UC Berkeley,10,Facebook,"['AI/ML', 'IoT', 'HRTech']",False,False,2017-05-20
founder_849,Peter Stein,camachoedward@example.com,https://linkedin.com/in/andersonmary,Nashville,Master's,UC Berkeley,13,Google,"['EdTech', 'HRTech', 'AI/ML']",True,False,2021-10-26
founder_850,Julie Smith,vsmith@example.org,https://linkedin.com/in/maciastheresa,Denver,Master's,MIT,0,Microsoft,"['HRTech', 'AgriTech', 'IoT']",False,False,2025-01-12
founder_851,Donald Brown,penny09@example.org,https://linkedin.com/in/schroederscott,Philadelphia,Bachelor's,CMU,11,Microsoft,['E-commerce'],True,False,2017-07-30
founder_852,Karen Gregory,nforbes@example.net,https://linkedin.com/in/torresjulia,San Francisco,PhD,Other,14,Finance,"['PropTech', 'AgriTech', 'Gaming']",True,False,2023-01-05
founder_853,Heather Ritter,susanperez@example.net,https://linkedin.com/in/jonesshawn,Washington DC,Self-taught,Stanford,16,Microsoft,"['MarTech', 'EdTech', 'FoodTech']",True,False,2024-11-30
founder_854,James Allen,riveradawn@example.org,https://linkedin.com/in/joshuaponce,San Francisco,Self-taught,Caltech,1,Facebook,['FoodTech'],True,False,2021-12-31
founder_855,David Cuevas,ambergross@example.net,https://linkedin.com/in/christophercalderon,Boston,PhD,,7,Apple,"['FoodTech', 'AgriTech', 'E-commerce']",True,True,2019-04-18
founder_856,Victoria Smith MD,gdeleon@example.org,https://linkedin.com/in/crodriguez,Nashville,Master's,,16,Consulting,['MarTech'],True,False,2025-01-07
founder_857,Mitchell Robinson,petersencindy@example.net,https://linkedin.com/in/tonyaschneider,Los Angeles,Bootcamp,MIT,12,Facebook,"['PropTech', 'MarTech']",True,False,2019-03-08
founder_858,Jeffrey Young,wilsonthomas@example.org,https://linkedin.com/in/brooksjoseph,Austin,PhD,CMU,0,Google,['CleanTech'],True,False,2016-10-20
founder_859,Teresa Henderson,alejandro78@example.net,https://linkedin.com/in/robertsangel,Denver,Bachelor's,Stanford,13,Apple,"['FoodTech', 'FinTech', 'EdTech']",True,False,2020-09-27
founder_860,Mary Hanna,pattersonadam@example.org,https://linkedin.com/in/qstewart,New York,PhD,Other,1,Apple,"['AI/ML', 'Blockchain']",False,False,2024-01-10
founder_861,Ashley Chambers,herrerajonathan@example.org,https://linkedin.com/in/cblair,New York,Bachelor's,Harvard,18,Startup,['AgriTech'],True,True,2020-07-30
founder_862,Alexander Charles,linda68@example.net,https://linkedin.com/in/gilbertchristopher,Denver,Bachelor's,,7,Google,"['CleanTech', 'E-commerce', 'HealthTech']",True,False,2019-12-21
founder_863,Linda George,harold26@example.net,https://linkedin.com/in/daniel49,Washington DC,Bachelor's,Stanford,19,Microsoft,"['InsurTech', 'IoT', 'AgriTech']",False,False,2017-12-25
founder_864,Brandon Taylor,edavis@example.com,https://linkedin.com/in/garciamatthew,Philadelphia,Self-taught,,25,Startup,"['EdTech', 'HRTech']",True,False,2016-01-29
founder_865,John Murray,sarah04@example.net,https://linkedin.com/in/ccraig,Boston,PhD,UC Berkeley,10,Tesla,"['InsurTech', 'AI/ML']",True,True,2015-06-09
founder_866,Patricia Casey,jessica28@example.net,https://linkedin.com/in/peterkeller,Miami,Bachelor's,UC Berkeley,14,Apple,"['SaaS', 'Gaming']",True,False,2019-10-08
founder_867,Elizabeth Gilbert,manuel63@example.com,https://linkedin.com/in/william83,Phoenix,PhD,Other,20,Startup,"['AgriTech', 'LegalTech', 'IoT']",True,False,2021-10-28
founder_868,Nicholas Foster,breanna41@example.com,https://linkedin.com/in/michaelmiller,Portland,Master's,Stanford,0,Amazon,"['InsurTech', 'SaaS', 'FinTech']",False,True,2020-12-06
founder_869,Megan Fitzgerald,thomas11@example.net,https://linkedin.com/in/amanda07,Washington DC,Bootcamp,,9,Google,"['PropTech', 'FoodTech', 'MarTech']",False,False,2023-06-17
founder_870,Roger Brown,shannonlee@example.net,https://linkedin.com/in/harrisdanielle,Philadelphia,Self-taught,Stanford,24,Consulting,"['FinTech', 'HRTech']",False,False,2018-02-21
founder_871,Darren Velasquez,justinbrown@example.net,https://linkedin.com/in/james83,Boston,PhD,CMU,15,Tesla,"['Gaming', 'Cybersecurity']",True,False,2015-07-23
founder_872,Jessica Ingram,ramseykelly@example.com,https://linkedin.com/in/eddie56,Los Angeles,Bachelor's,Stanford,15,Google,"['PropTech', 'AgriTech']",True,False,2019-02-28
founder_873,Latoya Anderson,campbelldarren@example.com,https://linkedin.com/in/ehoover,Miami,Bootcamp,,8,Consulting,"['FoodTech', 'Gaming']",True,False,2021-03-08
founder_874,Thomas Houston,eric59@example.org,https://linkedin.com/in/penningtondawn,Los Angeles,Master's,MIT,24,Startup,"['MarTech', 'CleanTech', 'LegalTech']",True,False,2019-06-26
founder_875,Peter Shaw,suttonjohn@example.net,https://linkedin.com/in/xnelson,Philadelphia,Master's,,14,Consulting,"['Gaming', 'FoodTech']",False,False,2018-11-15
founder_876,Vincent Ferguson,matthewpitts@example.com,https://linkedin.com/in/angela34,San Diego,Bachelor's,,14,Google,"['MarTech', 'PropTech', 'Blockchain']",False,False,2023-09-16
founder_877,Dave Sullivan PhD,lindsaygriffin@example.net,https://linkedin.com/in/derrick42,Portland,Bachelor's,Caltech,10,Finance,"['E-commerce', 'IoT', 'Cybersecurity']",False,False,2025-02-18
founder_878,Ashley Gray,josephwhite@example.com,https://linkedin.com/in/laurenwatts,Austin,Bootcamp,Stanford,20,Google,"['Cybersecurity', 'HealthTech', 'MarTech']",True,True,2019-09-21
founder_879,Mark Carroll,gwatts@example.org,https://linkedin.com/in/bhorn,New York,PhD,Other,6,Microsoft,"['Blockchain', 'CleanTech']",True,False,2023-06-04
founder_880,James Smith,kmerritt@example.com,https://linkedin.com/in/paynechristina,Atlanta,Bachelor's,,14,Amazon,"['FinTech', 'InsurTech', 'HRTech']",False,False,2017-04-27
founder_881,Jill Alexander,mariacollins@example.org,https://linkedin.com/in/richard56,Portland,Bootcamp,Caltech,15,Facebook,"['HealthTech', 'InsurTech']",False,False,2017-07-10
founder_882,Joseph Williams,candacegarcia@example.org,https://linkedin.com/in/catherinesmith,Nashville,PhD,UC Berkeley,6,Facebook,"['MarTech', 'InsurTech', 'AI/ML']",True,False,2017-04-24
founder_883,Danielle Harris,jessica88@example.net,https://linkedin.com/in/rhondasnyder,Los Angeles,PhD,,2,Consulting,"['Gaming', 'Cybersecurity', 'E-commerce']",False,False,2021-03-20
founder_884,Stephanie Oconnor,velliott@example.net,https://linkedin.com/in/gregoryhowell,Nashville,Master's,UC Berkeley,16,Tesla,"['CleanTech', 'HealthTech']",True,False,2020-11-04
founder_885,Benjamin Ramos,ppennington@example.com,https://linkedin.com/in/wendy19,Miami,Master's,,2,Microsoft,"['LegalTech', 'HealthTech']",False,True,2021-10-05
founder_886,Olivia Stafford,tinasantiago@example.org,https://linkedin.com/in/patriciaallen,San Francisco,PhD,Other,15,Facebook,['InsurTech'],True,False,2017-05-15
founder_887,Edward Jones,melissadelgado@example.net,https://linkedin.com/in/marktapia,San Diego,Bootcamp,Other,4,Google,['AI/ML'],True,False,2016-08-25
founder_888,Ms. Jacqueline Davis DVM,susan88@example.org,https://linkedin.com/in/christina77,San Diego,Self-taught,CMU,11,Consulting,"['EdTech', 'Blockchain']",False,False,2024-09-10
founder_889,Martin Gray,connor94@example.net,https://linkedin.com/in/brianking,Phoenix,PhD,Caltech,11,Startup,"['HealthTech', 'SaaS', 'FinTech']",True,True,2022-03-12
founder_890,Theodore Carson,laura74@example.org,https://linkedin.com/in/lynn58,Nashville,PhD,,16,Facebook,"['HRTech', 'SaaS']",False,True,2022-04-24
founder_891,Heather Phillips,jameslawson@example.com,https://linkedin.com/in/scottmicheal,Portland,Bachelor's,UC Berkeley,18,Apple,"['AgriTech', 'FinTech', 'IoT']",False,False,2022-06-19
founder_892,Stephen Gill PhD,edward66@example.com,https://linkedin.com/in/keithrobinson,Atlanta,PhD,MIT,13,Apple,"['HealthTech', 'HRTech']",True,False,2020-02-29
founder_893,Jeremy Mitchell,paige31@example.com,https://linkedin.com/in/smithallison,Denver,Self-taught,Stanford,20,Consulting,"['Blockchain', 'FinTech', 'MarTech']",True,False,2020-06-29
founder_894,Travis Bates,john09@example.com,https://linkedin.com/in/hramirez,San Francisco,Bachelor's,Caltech,12,Tesla,"['PropTech', 'HealthTech', 'LegalTech']",False,False,2020-03-13
founder_895,Tiffany Baxter,brookselijah@example.com,https://linkedin.com/in/john49,Los Angeles,Master's,CMU,1,Microsoft,['Blockchain'],True,False,2018-04-24
founder_896,David Bolton,teresa71@example.com,https://linkedin.com/in/robertsonbeth,Dallas,PhD,,14,Microsoft,"['AI/ML', 'FinTech']",True,True,2023-02-15
founder_897,Tammy Mcmahon,spearsamanda@example.org,https://linkedin.com/in/kevin52,Phoenix,Master's,CMU,6,Tesla,"['CleanTech', 'AI/ML', 'InsurTech']",True,True,2019-04-08
founder_898,Stacey Boyd,ramirezrichard@example.org,https://linkedin.com/in/howellrobert,Chicago,Master's,,0,Microsoft,"['PropTech', 'SaaS']",True,False,2019-08-24
founder_899,David Hardin,charles90@example.net,https://linkedin.com/in/john76,Dallas,Master's,,16,Facebook,"['LegalTech', 'AI/ML']",True,True,2015-08-27
founder_900,Kyle Haynes,robert20@example.com,https://linkedin.com/in/larry64,San Francisco,Bachelor's,Other,21,Microsoft,"['EdTech', 'Cybersecurity', 'MarTech']",False,False,2021-08-07
founder_901,Angela Bentley,clarkshari@example.com,https://linkedin.com/in/schmidtfelicia,Miami,Master's,,2,Tesla,['IoT'],True,False,2017-04-26
founder_902,Michael Obrien,seanjohnson@example.org,https://linkedin.com/in/andrew11,Boston,PhD,Other,9,Facebook,"['FoodTech', 'Gaming']",True,False,2021-07-24
founder_903,Kelly Simmons,millerrussell@example.com,https://linkedin.com/in/sethtran,Portland,Master's,CMU,22,Microsoft,"['Cybersecurity', 'AgriTech']",False,False,2021-09-09
founder_904,Michelle Kim,ksoto@example.com,https://linkedin.com/in/derekbrown,Atlanta,Bachelor's,Harvard,6,Facebook,"['FoodTech', 'FinTech', 'AI/ML']",True,False,2023-08-19
founder_905,Timothy Pierce,gcox@example.org,https://linkedin.com/in/iedwards,Denver,Self-taught,,13,Apple,"['SaaS', 'E-commerce', 'MarTech']",False,False,2017-04-13
founder_906,Javier Campos,brittney72@example.net,https://linkedin.com/in/fperez,Nashville,Self-taught,Harvard,1,Finance,"['Cybersecurity', 'InsurTech']",True,False,2021-12-21
founder_907,Robert Mason,mgonzalez@example.net,https://linkedin.com/in/snichols,Seattle,Master's,,18,Startup,"['FoodTech', 'FinTech', 'Gaming']",True,False,2020-10-18
founder_908,Timothy Watson,michaelolson@example.org,https://linkedin.com/in/melissapitts,Boston,Bachelor's,MIT,17,Apple,"['IoT', 'AgriTech']",True,False,2020-11-21
founder_909,Beth Miller,ucarter@example.org,https://linkedin.com/in/mpowell,New York,Master's,,1,Microsoft,"['MarTech', 'AI/ML']",False,False,2015-08-18
founder_910,Brenda Harris,toddbrown@example.org,https://linkedin.com/in/thomas48,New York,PhD,UC Berkeley,6,Amazon,['IoT'],False,True,2019-05-14
founder_911,Nathaniel Norton,jenniferhicks@example.com,https://linkedin.com/in/karenrocha,Seattle,Self-taught,Harvard,3,Startup,"['LegalTech', 'HRTech']",True,False,2021-03-13
founder_912,Cassidy Parrish,thomassean@example.net,https://linkedin.com/in/anthony48,San Diego,Self-taught,UC Berkeley,14,Microsoft,"['E-commerce', 'IoT']",False,False,2019-04-21
founder_913,Hannah Rose,turnerclinton@example.net,https://linkedin.com/in/boneill,Boston,Self-taught,,1,Google,"['AgriTech', 'E-commerce']",False,False,2017-01-03
founder_914,Katrina Brown,georgestark@example.com,https://linkedin.com/in/oscar43,Boston,PhD,Other,6,Google,"['Cybersecurity', 'IoT']",False,False,2018-08-19
founder_915,Lindsay Singleton,marybrown@example.net,https://linkedin.com/in/clarkcourtney,Dallas,PhD,Caltech,22,Amazon,"['InsurTech', 'Cybersecurity', 'E-commerce']",False,False,2021-03-06
founder_916,Earl Allen,deanna52@example.net,https://linkedin.com/in/erodriguez,Denver,Master's,Other,24,Facebook,"['E-commerce', 'Cybersecurity']",True,False,2020-02-12
founder_917,Dillon Vaughn,bmartinez@example.org,https://linkedin.com/in/joshuarogers,San Francisco,Master's,,22,Amazon,"['Cybersecurity', 'CleanTech']",True,True,2021-11-06
founder_918,David House,davidserrano@example.com,https://linkedin.com/in/melaniefigueroa,Nashville,Self-taught,,24,Tesla,['Blockchain'],True,False,2024-02-02
founder_919,Eric Morales,carlastephens@example.net,https://linkedin.com/in/elizabeth79,Phoenix,PhD,,19,Apple,['PropTech'],False,False,2019-10-07
founder_920,Stacy Cox,meyermichael@example.com,https://linkedin.com/in/ohill,Los Angeles,Self-taught,Other,4,Microsoft,"['AgriTech', 'IoT']",False,False,2021-09-30
founder_921,Barry Alexander,john03@example.org,https://linkedin.com/in/michael50,Philadelphia,Master's,MIT,8,Microsoft,"['AI/ML', 'EdTech']",True,False,2021-04-28
founder_922,Jason Mccoy,vdavis@example.com,https://linkedin.com/in/kimberlywilliams,Portland,Bachelor's,UC Berkeley,7,Amazon,['Blockchain'],False,False,2020-02-07
founder_923,Kevin Jones,xpittman@example.net,https://linkedin.com/in/williamsonjessica,Washington DC,Bachelor's,Caltech,21,Startup,"['AI/ML', 'AgriTech', 'MarTech']",False,False,2017-01-11
founder_924,Jeffery Frey,cartertina@example.com,https://linkedin.com/in/moorebridget,San Diego,Bachelor's,,11,Consulting,"['Gaming', 'PropTech']",True,True,2019-06-10
founder_925,Renee Smith,jenniferklein@example.com,https://linkedin.com/in/lucasstout,Austin,Bootcamp,,11,Consulting,['Cybersecurity'],True,False,2021-04-15
founder_926,Aaron Chavez,tammymullins@example.com,https://linkedin.com/in/richardmelendez,New York,Bootcamp,Other,9,Microsoft,['Cybersecurity'],False,False,2022-01-02
founder_927,Lori Baker,franklinmary@example.net,https://linkedin.com/in/wallacesarah,Miami,Bachelor's,Harvard,10,Google,"['FinTech', 'AI/ML', 'Blockchain']",False,False,2023-07-17
founder_928,Desiree Cameron,josephbennett@example.com,https://linkedin.com/in/collinsmario,Nashville,Master's,Harvard,20,Google,['AI/ML'],True,False,2016-10-20
founder_929,Zachary Miller,fparrish@example.com,https://linkedin.com/in/pamela67,Austin,Master's,,2,Tesla,['FoodTech'],True,False,2021-04-19
founder_930,Gregory Robertson,elizabethgutierrez@example.com,https://linkedin.com/in/jsmith,Philadelphia,PhD,MIT,22,Finance,"['Cybersecurity', 'AgriTech']",False,False,2015-12-27
founder_931,Joseph Romero,joshua12@example.net,https://linkedin.com/in/richardschneider,Seattle,Bootcamp,UC Berkeley,5,Amazon,"['FinTech', 'IoT', 'HRTech']",True,False,2020-01-26
founder_932,Robert Duke,sara35@example.org,https://linkedin.com/in/michaelsnyder,Atlanta,Self-taught,UC Berkeley,19,Consulting,"['MarTech', 'HealthTech']",False,False,2019-07-24
founder_933,Zachary Thomas,jacquelinemoore@example.net,https://linkedin.com/in/troy46,Denver,Self-taught,Harvard,2,Facebook,['AI/ML'],False,False,2016-02-05
founder_934,Alexis Ortiz,heather87@example.net,https://linkedin.com/in/waterssummer,Atlanta,PhD,,13,Tesla,['E-commerce'],False,False,2022-05-04
founder_935,Tonya Matthews,josephlaura@example.net,https://linkedin.com/in/melissa60,Nashville,Bachelor's,,4,Tesla,"['CleanTech', 'HealthTech', 'SaaS']",False,True,2018-03-20
founder_936,Carlos Ibarra,mark25@example.org,https://linkedin.com/in/jjones,San Diego,Bootcamp,,2,Amazon,"['LegalTech', 'Blockchain']",True,False,2024-05-01
founder_937,Kyle Walker,rickywallace@example.com,https://linkedin.com/in/garrett68,San Francisco,Master's,UC Berkeley,19,Consulting,"['AgriTech', 'FoodTech']",True,False,2017-11-16
founder_938,Connie Smith,nicholas11@example.net,https://linkedin.com/in/browndeanna,Seattle,Self-taught,Caltech,19,Finance,"['CleanTech', 'FoodTech']",True,False,2016-05-13
founder_939,Melanie Stephenson,karenbeck@example.org,https://linkedin.com/in/hartmaneric,Chicago,Self-taught,,2,Apple,['LegalTech'],False,True,2017-01-19
founder_940,Ashley Olsen,rthompson@example.org,https://linkedin.com/in/zwise,Austin,PhD,,7,Facebook,"['FoodTech', 'Gaming', 'InsurTech']",True,False,2017-08-13
founder_941,Tina Lopez,saracain@example.net,https://linkedin.com/in/donaldduffy,Atlanta,Master's,,17,Google,"['CleanTech', 'PropTech', 'IoT']",False,False,2024-06-24
founder_942,Stephanie Strong DDS,nhernandez@example.net,https://linkedin.com/in/elizabeth21,Boston,Self-taught,CMU,4,Tesla,['E-commerce'],True,False,2017-12-25
founder_943,Hector Douglas,shernandez@example.net,https://linkedin.com/in/donna52,Philadelphia,Self-taught,Harvard,19,Apple,"['MarTech', 'EdTech', 'AgriTech']",False,False,2024-08-03
founder_944,Mrs. Christine Weaver MD,obradshaw@example.net,https://linkedin.com/in/thomas91,Los Angeles,Bootcamp,Harvard,6,Tesla,['Gaming'],True,False,2016-07-24
founder_945,Brittany Ingram,brandonnorton@example.com,https://linkedin.com/in/wileynathan,San Francisco,PhD,CMU,16,Amazon,"['HRTech', 'InsurTech', 'CleanTech']",True,False,2019-04-19
founder_946,Aaron Brown,scottthomas@example.org,https://linkedin.com/in/atkinsonsean,New York,Master's,Other,24,Startup,['Blockchain'],False,False,2023-02-19
founder_947,John Roth,megan33@example.net,https://linkedin.com/in/hnewman,San Francisco,Bootcamp,Stanford,6,Apple,"['SaaS', 'InsurTech', 'HRTech']",True,False,2020-07-15
founder_948,Melissa Roman,changcurtis@example.org,https://linkedin.com/in/wferguson,Phoenix,Master's,,8,Amazon,['HealthTech'],True,True,2019-08-25
founder_949,Ian Erickson,kgomez@example.com,https://linkedin.com/in/changcraig,Washington DC,PhD,UC Berkeley,16,Tesla,['FoodTech'],True,False,2017-10-06
founder_950,Brian Rice,gonzalezmarvin@example.com,https://linkedin.com/in/lfowler,Atlanta,PhD,UC Berkeley,20,Amazon,['PropTech'],True,False,2018-11-21
founder_951,Lindsay Rodriguez,mike38@example.com,https://linkedin.com/in/jjuarez,Atlanta,PhD,Other,21,Finance,"['FinTech', 'EdTech']",True,False,2016-03-18
founder_952,Steven Johnston,april02@example.net,https://linkedin.com/in/wnelson,Portland,Master's,,6,Tesla,"['AgriTech', 'HealthTech', 'LegalTech']",False,False,2018-07-28
founder_953,Erica Perkins,andrewryan@example.org,https://linkedin.com/in/sarah08,Philadelphia,Bootcamp,,23,Finance,"['PropTech', 'FinTech']",False,False,2019-07-31
founder_954,Norman Alvarez,edwardstammie@example.org,https://linkedin.com/in/jenniferevans,Dallas,Master's,CMU,6,Facebook,['Blockchain'],False,False,2018-01-19
founder_955,Dalton Ruiz,elizabeth04@example.org,https://linkedin.com/in/pricebrandy,Portland,PhD,UC Berkeley,23,Apple,"['HealthTech', 'InsurTech', 'E-commerce']",True,False,2024-12-12
founder_956,Bryan Rodriguez,stewartjason@example.com,https://linkedin.com/in/nicholas00,Portland,Bootcamp,MIT,9,Tesla,"['AI/ML', 'MarTech', 'PropTech']",True,False,2024-08-07
founder_957,Ms. Kristina Johnston MD,melissaclark@example.org,https://linkedin.com/in/williamsjulie,Chicago,Master's,CMU,17,Google,"['E-commerce', 'InsurTech', 'FinTech']",False,False,2016-07-05
founder_958,Amy Montgomery,pamelamcdonald@example.org,https://linkedin.com/in/xgraham,Nashville,PhD,,7,Tesla,['Blockchain'],True,False,2018-07-25
founder_959,Mary Smith,xoconnor@example.org,https://linkedin.com/in/jacobscourtney,San Diego,Bootcamp,Caltech,9,Consulting,"['Cybersecurity', 'Blockchain', 'IoT']",True,False,2021-07-25
founder_960,Christina Romero,aandrews@example.com,https://linkedin.com/in/johngarrett,Chicago,Self-taught,,0,Google,"['E-commerce', 'SaaS']",True,False,2023-02-23
founder_961,Thomas Johnson,andrew74@example.org,https://linkedin.com/in/hicksemily,Austin,Bootcamp,CMU,9,Apple,"['HealthTech', 'Gaming', 'CleanTech']",False,True,2024-09-12
founder_962,Edwin Krause,stewartjustin@example.net,https://linkedin.com/in/acarter,Philadelphia,Bootcamp,,4,Facebook,"['Blockchain', 'EdTech']",False,False,2016-04-19
founder_963,Lindsey Adkins,lauraandersen@example.org,https://linkedin.com/in/daniel67,Seattle,Bachelor's,Harvard,18,Consulting,['Gaming'],True,False,2023-03-16
founder_964,James Krueger,jamesburns@example.net,https://linkedin.com/in/katherine96,San Diego,PhD,Other,0,Facebook,['SaaS'],False,False,2023-10-07
founder_965,Sharon Green,tina97@example.net,https://linkedin.com/in/anita99,San Diego,Self-taught,Other,1,Finance,"['AgriTech', 'Cybersecurity']",False,False,2018-08-17
founder_966,Steven Lambert,fbrady@example.com,https://linkedin.com/in/byrdmaria,Washington DC,Self-taught,UC Berkeley,8,Finance,"['Gaming', 'AI/ML']",True,False,2023-01-26
founder_967,Steven Stewart,nrogers@example.org,https://linkedin.com/in/walkerchristopher,Portland,Master's,Stanford,5,Google,"['E-commerce', 'Gaming']",True,True,2020-04-17
founder_968,Ashlee Wilson,mccallsara@example.net,https://linkedin.com/in/david32,Phoenix,Master's,,10,Startup,"['EdTech', 'SaaS']",True,False,2018-04-23
founder_969,Paul Hughes,umiller@example.net,https://linkedin.com/in/christophersmith,Phoenix,Bootcamp,,19,Microsoft,"['Blockchain', 'FinTech']",True,False,2024-04-15
founder_970,Nancy Allen,ricematthew@example.com,https://linkedin.com/in/hudsonmichael,Portland,Bootcamp,CMU,14,Amazon,['PropTech'],False,False,2024-04-27
founder_971,Walter Green,james64@example.com,https://linkedin.com/in/russell38,Austin,Master's,Other,7,Facebook,"['Gaming', 'PropTech', 'AI/ML']",True,False,2020-07-02
founder_972,Melissa Pratt,robertsmelanie@example.net,https://linkedin.com/in/danielramirez,New York,PhD,Stanford,11,Google,['PropTech'],True,False,2023-03-18
founder_973,Christopher Valenzuela,hbrown@example.org,https://linkedin.com/in/jasonpeterson,Portland,PhD,MIT,9,Finance,"['HealthTech', 'IoT', 'E-commerce']",True,True,2018-05-07
founder_974,John Mack,amandawilliamson@example.org,https://linkedin.com/in/gregwright,Phoenix,Bootcamp,UC Berkeley,17,Amazon,"['Cybersecurity', 'InsurTech']",True,False,2020-02-15
founder_975,Zachary Jackson,meghan18@example.org,https://linkedin.com/in/daviesgregory,Dallas,PhD,MIT,6,Consulting,"['SaaS', 'Gaming']",True,False,2015-07-20
founder_976,Kathleen Mcintyre,lesliecobb@example.net,https://linkedin.com/in/stephanie95,New York,Self-taught,UC Berkeley,23,Amazon,['AI/ML'],True,False,2022-10-28
founder_977,Erica Williams,michaelpayne@example.org,https://linkedin.com/in/gomezbeth,Philadelphia,PhD,MIT,22,Startup,"['FinTech', 'IoT', 'FoodTech']",True,False,2016-10-16
founder_978,Rebecca Potter,christophermendoza@example.org,https://linkedin.com/in/ryan68,Washington DC,Self-taught,Caltech,23,Tesla,['CleanTech'],True,False,2025-02-04
founder_979,Randall Williams,jimenezpatty@example.com,https://linkedin.com/in/mrogers,Miami,Master's,UC Berkeley,3,Google,['FinTech'],True,False,2016-04-06
founder_980,Joshua Schaefer,cmccall@example.net,https://linkedin.com/in/sullivanemma,Chicago,PhD,MIT,0,Facebook,['FinTech'],True,False,2023-04-03
founder_981,Kevin Hubbard,monica04@example.org,https://linkedin.com/in/andrew41,Miami,PhD,,10,Microsoft,"['AI/ML', 'FinTech', 'HRTech']",False,True,2015-12-03
founder_982,Tracy Sanders,mcphersondaniel@example.com,https://linkedin.com/in/bshaw,New York,Bootcamp,UC Berkeley,8,Finance,"['AI/ML', 'Cybersecurity', 'Blockchain']",True,True,2021-12-21
founder_983,Kimberly Cole,smithmichael@example.com,https://linkedin.com/in/pbecker,New York,Master's,Stanford,8,Tesla,"['IoT', 'CleanTech']",True,False,2024-12-26
founder_984,Dana Potter MD,davidsexton@example.org,https://linkedin.com/in/elizabethwatson,Austin,Self-taught,,9,Amazon,"['AgriTech', 'Blockchain', 'CleanTech']",True,False,2017-10-15
founder_985,Kristi White,wgibson@example.com,https://linkedin.com/in/ashleymartinez,Miami,PhD,Caltech,24,Finance,"['Gaming', 'LegalTech', 'HRTech']",False,False,2024-08-28
founder_986,Julian Smith,haydenjonathan@example.net,https://linkedin.com/in/smithrichard,Los Angeles,Self-taught,Caltech,14,Microsoft,['HRTech'],True,False,2025-03-16
founder_987,Derrick Fields,asherman@example.org,https://linkedin.com/in/cruzmark,Dallas,Self-taught,Other,18,Microsoft,"['E-commerce', 'PropTech']",True,False,2015-11-01
founder_988,Ana Barrera,qlee@example.com,https://linkedin.com/in/rickyjimenez,Austin,Bachelor's,,9,Tesla,"['InsurTech', 'FoodTech', 'SaaS']",True,False,2019-12-23
founder_989,Keith Farmer,crawfordjennifer@example.org,https://linkedin.com/in/calebjacobs,Dallas,Bachelor's,CMU,1,Startup,['AgriTech'],False,False,2018-01-11
founder_990,Cynthia Stewart,sortiz@example.net,https://linkedin.com/in/simpsonstacey,Denver,Bachelor's,Other,25,Consulting,"['Gaming', 'FinTech', 'LegalTech']",True,False,2015-10-23
founder_991,Rebecca Bowman,johnsonbrandon@example.net,https://linkedin.com/in/cassandra96,New York,Master's,Harvard,10,Google,"['Blockchain', 'PropTech', 'IoT']",False,False,2018-09-02
founder_992,Julian Vargas,angelapatton@example.net,https://linkedin.com/in/leegregory,Portland,Bachelor's,CMU,20,Amazon,['EdTech'],True,False,2021-08-14
founder_993,Rachel Cordova,dennis63@example.net,https://linkedin.com/in/steventaylor,Seattle,Bachelor's,Stanford,16,Apple,"['FinTech', 'Blockchain']",True,False,2024-04-04
founder_994,Rodney Bird,grahamkimberly@example.net,https://linkedin.com/in/williampacheco,Austin,Master's,Other,13,Microsoft,"['AI/ML', 'E-commerce']",False,False,2023-10-02
founder_995,Lee Harris,ashleypayne@example.com,https://linkedin.com/in/harmoncharles,Atlanta,Bachelor's,Caltech,15,Finance,"['AI/ML', 'PropTech']",False,False,2023-01-24
founder_996,Sandra Jennings,tiffanyglenn@example.net,https://linkedin.com/in/barbara08,San Diego,Bachelor's,,4,Tesla,['PropTech'],False,False,2025-02-22
founder_997,Robert Lucas,byrdregina@example.org,https://linkedin.com/in/blawrence,Philadelphia,Bachelor's,CMU,21,Startup,['AI/ML'],True,False,2025-03-04
founder_998,Deanna Cardenas,cmartin@example.net,https://linkedin.com/in/cjohnston,Nashville,Self-taught,Stanford,3,Amazon,['SaaS'],False,False,2017-04-05
founder_999,Emily Wilson,cwilliams@example.com,https://linkedin.com/in/dakota51,Portland,Bachelor's,,18,Startup,"['LegalTech', 'E-commerce']",True,False,2016-01-28
founder_1000,Nancy Dunn,alexispowell@example.com,https://linkedin.com/in/ashleycohen,Dallas,Master's,UC Berkeley,18,Microsoft,"['Gaming', 'EdTech', 'SaaS']",False,False,2022-07-05
founder_1001,Mackenzie Powell,amber86@example.org,https://linkedin.com/in/bryanfranklin,Seattle,Master's,Harvard,22,Consulting,"['PropTech', 'HRTech', 'Gaming']",False,False,2019-05-01
founder_1002,Yvonne Pugh,campbelljesus@example.net,https://linkedin.com/in/sabrinaguzman,Dallas,PhD,CMU,25,Facebook,['Cybersecurity'],False,False,2018-08-05
founder_1003,Christina Waters,sarahpowell@example.org,https://linkedin.com/in/lowechristina,Atlanta,Bootcamp,,2,Finance,"['SaaS', 'FoodTech']",False,True,2017-11-03
founder_1004,Lucas Bradshaw,ghess@example.org,https://linkedin.com/in/matthew76,San Francisco,Master's,UC Berkeley,19,Facebook,"['CleanTech', 'Gaming']",True,True,2017-12-10
founder_1005,Emily Smith,bradleyphillips@example.com,https://linkedin.com/in/patricia72,Dallas,PhD,Stanford,18,Tesla,"['HRTech', 'Blockchain', 'FoodTech']",True,False,2021-01-25
founder_1006,Jessica Mckee,khanmario@example.com,https://linkedin.com/in/heather74,Miami,Bootcamp,Stanford,18,Startup,"['EdTech', 'Cybersecurity']",False,False,2022-12-26
founder_1007,Ann Bowen,chrissaunders@example.com,https://linkedin.com/in/raymondavila,Nashville,Master's,,18,Google,"['AgriTech', 'SaaS', 'Cybersecurity']",True,False,2022-08-06
founder_1008,Bridget Davis,nicole00@example.org,https://linkedin.com/in/anguyen,Washington DC,Bachelor's,,7,Apple,"['PropTech', 'E-commerce', 'Gaming']",True,False,2020-08-27
founder_1009,Caleb Moore,cynthia61@example.org,https://linkedin.com/in/dylanpena,Nashville,Self-taught,CMU,19,Facebook,"['Gaming', 'InsurTech', 'Blockchain']",True,False,2024-12-08
founder_1010,Mariah Forbes,cantukelly@example.org,https://linkedin.com/in/uwilliams,Philadelphia,Bachelor's,,15,Apple,"['MarTech', 'Blockchain', 'InsurTech']",False,False,2023-01-31
founder_1011,John Garcia,jennifersmith@example.org,https://linkedin.com/in/huberbrett,New York,Bachelor's,,19,Amazon,['Blockchain'],True,False,2023-06-13
founder_1012,James Mendoza,hlee@example.net,https://linkedin.com/in/garciabrandon,Phoenix,PhD,,4,Microsoft,['E-commerce'],True,False,2021-08-25
founder_1013,Michael Garrison,kimberlybrown@example.com,https://linkedin.com/in/alexandervalerie,Miami,Self-taught,MIT,2,Finance,"['E-commerce', 'FoodTech', 'HealthTech']",True,False,2020-09-25
founder_1014,Leah Barnes,maryjohnson@example.net,https://linkedin.com/in/jacquelinegonzalez,New York,PhD,Stanford,14,Finance,"['HealthTech', 'LegalTech']",True,False,2020-06-05
founder_1015,Rachel Richards,brownjoshua@example.org,https://linkedin.com/in/hwhitehead,Washington DC,Bachelor's,UC Berkeley,25,Apple,"['HRTech', 'AgriTech']",True,True,2016-10-31
founder_1016,Patricia Barnett,davidmcdonald@example.net,https://linkedin.com/in/shawn61,Austin,Self-taught,MIT,24,Facebook,"['CleanTech', 'IoT']",True,True,2018-11-25
founder_1017,Barbara Mitchell,jessicanewman@example.org,https://linkedin.com/in/erica74,Washington DC,Self-taught,Stanford,11,Tesla,"['HRTech', 'FinTech', 'CleanTech']",True,False,2024-03-29
founder_1018,Lauren Briggs,vwatson@example.org,https://linkedin.com/in/lindsay07,Austin,PhD,MIT,16,Consulting,['IoT'],True,False,2018-04-22
founder_1019,Jessica Ford,rodriguezcarol@example.com,https://linkedin.com/in/zlopez,Atlanta,Self-taught,MIT,11,Microsoft,"['MarTech', 'HRTech', 'FoodTech']",False,False,2020-10-19
founder_1020,Craig Simpson,christianmunoz@example.com,https://linkedin.com/in/andrewmurphy,San Diego,Bootcamp,MIT,20,Microsoft,"['Blockchain', 'SaaS', 'MarTech']",True,False,2016-12-13
founder_1021,Crystal English,eatonjohn@example.org,https://linkedin.com/in/weaverrobert,New York,Self-taught,MIT,12,Apple,"['AI/ML', 'IoT', 'EdTech']",True,False,2018-12-20
founder_1022,Helen Goodman,cunninghamvalerie@example.org,https://linkedin.com/in/alisonreynolds,Los Angeles,Self-taught,Other,4,Tesla,['Blockchain'],False,False,2019-12-20
founder_1023,Robert Long,ricardolynch@example.org,https://linkedin.com/in/felicialarson,Philadelphia,Bachelor's,CMU,17,Tesla,"['Cybersecurity', 'IoT', 'FoodTech']",True,False,2025-05-31
founder_1024,Shawn Melton,colleen68@example.org,https://linkedin.com/in/watsonaaron,Nashville,Self-taught,MIT,19,Consulting,"['AI/ML', 'E-commerce']",True,True,2021-01-23
founder_1025,Joseph Valenzuela,lindseyandrea@example.com,https://linkedin.com/in/maxwelldwayne,Washington DC,Master's,Harvard,20,Facebook,"['HRTech', 'FinTech']",True,False,2023-05-17
founder_1026,David Kennedy,wattsmark@example.org,https://linkedin.com/in/jshea,Nashville,Bootcamp,Caltech,2,Tesla,"['EdTech', 'AgriTech', 'FoodTech']",False,False,2018-02-05
founder_1027,Robert Turner,caldwellrussell@example.com,https://linkedin.com/in/hmcguire,New York,Bachelor's,CMU,14,Finance,"['PropTech', 'MarTech']",False,False,2021-12-07
founder_1028,Gloria Long,kurt17@example.net,https://linkedin.com/in/charlesjones,San Diego,Bachelor's,,6,Consulting,"['HealthTech', 'AgriTech', 'Blockchain']",True,False,2019-07-11
founder_1029,Tiffany Oliver,sarahsellers@example.org,https://linkedin.com/in/mortonkaren,Nashville,Self-taught,UC Berkeley,3,Consulting,['FoodTech'],True,False,2020-06-13
founder_1030,Travis Moran,perezdouglas@example.com,https://linkedin.com/in/wcaldwell,New York,Self-taught,CMU,21,Tesla,"['FinTech', 'PropTech', 'AI/ML']",False,True,2017-08-29
founder_1031,Krystal Hernandez,martin48@example.org,https://linkedin.com/in/daniel15,Nashville,Self-taught,UC Berkeley,3,Amazon,['FinTech'],True,False,2017-11-04
founder_1032,Jared Boyle,stacymarquez@example.net,https://linkedin.com/in/cherylking,Washington DC,Self-taught,CMU,3,Startup,"['CleanTech', 'FoodTech']",False,True,2019-04-22
founder_1033,Holly Vargas,jenniferparrish@example.com,https://linkedin.com/in/brownjames,Chicago,Bachelor's,MIT,16,Startup,['Gaming'],True,False,2018-02-05
founder_1034,Colleen Clark,vtucker@example.org,https://linkedin.com/in/davidtran,Nashville,Master's,,21,Apple,"['EdTech', 'HRTech', 'AgriTech']",True,False,2017-09-18
founder_1035,Vincent Baker,riosrachel@example.org,https://linkedin.com/in/lorijohnson,Atlanta,Self-taught,Caltech,18,Consulting,"['E-commerce', 'HRTech', 'AgriTech']",True,False,2016-11-01
founder_1036,Sean Payne,daltonanthony@example.net,https://linkedin.com/in/ann07,Chicago,Bachelor's,Stanford,20,Amazon,['FoodTech'],True,False,2019-03-23
founder_1037,Terri Bryan,gholloway@example.com,https://linkedin.com/in/millerjennifer,San Francisco,Self-taught,,9,Amazon,"['MarTech', 'Cybersecurity', 'EdTech']",True,False,2017-08-29
founder_1038,Sean Smith,kayleegreen@example.net,https://linkedin.com/in/jacobsjoel,Dallas,Self-taught,,22,Facebook,['SaaS'],True,False,2022-12-09
founder_1039,Frederick Mckay,rose24@example.org,https://linkedin.com/in/valdezsuzanne,Austin,Bootcamp,MIT,7,Startup,"['Blockchain', 'PropTech']",False,False,2016-04-25
founder_1040,Haley Bass,andrewguzman@example.com,https://linkedin.com/in/davisangela,San Francisco,Self-taught,MIT,4,Amazon,['E-commerce'],False,False,2017-05-29
founder_1041,Todd Harris,sergiodaniel@example.net,https://linkedin.com/in/ddavis,Denver,Bootcamp,MIT,13,Apple,"['LegalTech', 'HRTech', 'CleanTech']",False,False,2020-11-08
founder_1042,Mark Golden,wjohnson@example.org,https://linkedin.com/in/padillakevin,Los Angeles,Bachelor's,Caltech,8,Amazon,"['LegalTech', 'PropTech']",False,False,2024-10-15
founder_1043,Angela Walker,larsenrebecca@example.org,https://linkedin.com/in/michaeljohnson,Washington DC,Self-taught,Stanford,19,Microsoft,"['SaaS', 'Gaming']",False,True,2020-03-06
founder_1044,Christopher Mora,pwhitney@example.org,https://linkedin.com/in/kimberly35,Atlanta,PhD,Harvard,1,Amazon,['FoodTech'],False,False,2021-04-09
founder_1045,Spencer Jordan,paynemiranda@example.com,https://linkedin.com/in/mary78,Phoenix,PhD,CMU,10,Startup,['CleanTech'],True,False,2019-08-10
founder_1046,Katherine Kane,millerrobert@example.net,https://linkedin.com/in/mperez,Chicago,Bachelor's,Other,6,Startup,"['HRTech', 'InsurTech', 'HealthTech']",True,True,2022-10-08
founder_1047,Karen Miller,paula25@example.net,https://linkedin.com/in/vkent,Seattle,PhD,MIT,15,Apple,"['FinTech', 'EdTech', 'InsurTech']",True,False,2021-08-21
founder_1048,Ryan Flores,amandabrown@example.com,https://linkedin.com/in/michaelodonnell,Philadelphia,Self-taught,,23,Startup,"['HRTech', 'AI/ML']",True,True,2019-04-30
founder_1049,Veronica Robinson,nwallace@example.com,https://linkedin.com/in/dhall,Philadelphia,PhD,CMU,13,Google,['LegalTech'],True,False,2022-08-02
founder_1050,Dr. Christina Davenport,thomaswashington@example.org,https://linkedin.com/in/malonericky,Phoenix,Self-taught,CMU,14,Apple,"['InsurTech', 'Gaming', 'IoT']",True,False,2018-04-26
founder_1051,Christina Powell,smithjames@example.org,https://linkedin.com/in/austin87,Portland,Self-taught,CMU,22,Microsoft,"['InsurTech', 'EdTech', 'MarTech']",True,False,2017-06-29
founder_1052,Dawn Mendoza,fboone@example.com,https://linkedin.com/in/clarkronald,Boston,Master's,CMU,22,Consulting,['Gaming'],False,False,2024-10-12
founder_1053,Christina Steele,griffithrobert@example.org,https://linkedin.com/in/fwatson,Washington DC,Bootcamp,CMU,10,Finance,"['PropTech', 'IoT']",True,False,2020-01-01
founder_1054,Kathleen Wilson,zacharymarshall@example.net,https://linkedin.com/in/denise05,Miami,Self-taught,UC Berkeley,5,Tesla,['PropTech'],True,False,2015-06-07
founder_1055,Vanessa Zavala,bosborne@example.org,https://linkedin.com/in/houstonjohn,Philadelphia,Bachelor's,,5,Apple,"['Cybersecurity', 'AgriTech']",False,False,2019-04-30
founder_1056,Joseph Freeman,ronnie16@example.org,https://linkedin.com/in/christophermora,Seattle,Self-taught,Stanford,12,Facebook,['Cybersecurity'],True,False,2017-10-27
founder_1057,Matthew Boyle,swallace@example.net,https://linkedin.com/in/alewis,Dallas,Bachelor's,,25,Apple,"['Gaming', 'E-commerce', 'AI/ML']",False,False,2022-07-20
founder_1058,Javier Brown,curtis14@example.org,https://linkedin.com/in/schroederstanley,Philadelphia,Bachelor's,Harvard,17,Facebook,['EdTech'],False,False,2020-04-01
founder_1059,Tammy Allen,isalazar@example.org,https://linkedin.com/in/trivera,Denver,Master's,,7,Tesla,"['PropTech', 'LegalTech']",True,False,2024-01-09
founder_1060,Edward Johnson,evansisaac@example.com,https://linkedin.com/in/danielle65,New York,PhD,Caltech,7,Microsoft,"['SaaS', 'MarTech', 'HealthTech']",True,False,2021-08-06
founder_1061,Stephanie Smith,marklawrence@example.org,https://linkedin.com/in/hodom,Miami,Bootcamp,Stanford,17,Google,"['AgriTech', 'FinTech', 'PropTech']",True,False,2020-03-16
founder_1062,Jeffrey Blake,russobriana@example.org,https://linkedin.com/in/whitestephen,Nashville,Bachelor's,Other,13,Google,"['E-commerce', 'FoodTech']",False,False,2015-08-07
founder_1063,Brett Larson,crystal91@example.org,https://linkedin.com/in/rachel41,Austin,Bachelor's,,19,Google,"['HealthTech', 'PropTech', 'Blockchain']",True,False,2025-03-04
founder_1064,Catherine Martin,melindajones@example.org,https://linkedin.com/in/codylong,Miami,Master's,UC Berkeley,13,Finance,['CleanTech'],True,False,2015-09-28
founder_1065,Zachary Smith,vgordon@example.net,https://linkedin.com/in/ibrown,Nashville,Self-taught,Other,7,Amazon,"['CleanTech', 'InsurTech']",False,False,2018-07-04
founder_1066,Crystal Faulkner,angela91@example.net,https://linkedin.com/in/chloe65,Washington DC,Self-taught,CMU,2,Microsoft,"['HRTech', 'HealthTech', 'EdTech']",False,False,2023-10-06
founder_1067,Jane Gordon,andrea71@example.com,https://linkedin.com/in/umay,Portland,Bachelor's,Other,1,Startup,"['Blockchain', 'HealthTech', 'CleanTech']",False,False,2017-05-31
founder_1068,Erin Coffey,xsmith@example.org,https://linkedin.com/in/vperry,New York,PhD,MIT,9,Tesla,"['MarTech', 'FoodTech']",True,False,2021-09-18
founder_1069,Karen Hall,popekelli@example.org,https://linkedin.com/in/jacqueline75,Miami,PhD,,23,Amazon,"['HRTech', 'CleanTech']",False,False,2020-12-31
founder_1070,Jeanne Brown,baileygregory@example.com,https://linkedin.com/in/nortoncarolyn,Nashville,Master's,Harvard,18,Apple,"['SaaS', 'InsurTech']",True,False,2017-09-17
founder_1071,Daniel Moore,joycerhodes@example.net,https://linkedin.com/in/burkealan,Portland,PhD,,6,Apple,"['HRTech', 'AI/ML']",False,False,2023-06-23
founder_1072,Wesley Schmidt,anthonypatrick@example.net,https://linkedin.com/in/steven40,Los Angeles,PhD,CMU,6,Consulting,"['LegalTech', 'E-commerce']",False,False,2015-12-12
founder_1073,Kristin Hamilton,ryan72@example.org,https://linkedin.com/in/smithisaac,Phoenix,Master's,Other,13,Amazon,['CleanTech'],False,False,2023-09-22
founder_1074,Colin Bryan,courtney40@example.net,https://linkedin.com/in/joseph82,Denver,Bootcamp,Caltech,7,Apple,['LegalTech'],True,False,2017-05-03
founder_1075,Jonathan Lee,smitherin@example.net,https://linkedin.com/in/davidclark,Seattle,Bootcamp,Other,7,Finance,"['EdTech', 'AgriTech']",True,False,2017-11-27
founder_1076,Crystal Cooper,robinmichael@example.com,https://linkedin.com/in/xwilliams,New York,PhD,Stanford,19,Apple,"['AgriTech', 'MarTech']",False,False,2022-10-18
founder_1077,Stephanie Wang,josephorr@example.net,https://linkedin.com/in/jameshunter,Denver,Bachelor's,CMU,14,Microsoft,"['AgriTech', 'CleanTech', 'LegalTech']",False,False,2017-12-07
founder_1078,Vickie Jimenez MD,zbarton@example.net,https://linkedin.com/in/rickymartin,San Diego,Bachelor's,,16,Google,"['IoT', 'HRTech', 'LegalTech']",True,False,2016-05-25
founder_1079,Candice Leon,ngarcia@example.net,https://linkedin.com/in/thomasdavies,Boston,PhD,CMU,0,Startup,"['Gaming', 'E-commerce']",True,False,2018-03-17
founder_1080,John Jackson,samantha85@example.net,https://linkedin.com/in/sara74,San Francisco,Self-taught,Harvard,22,Apple,"['E-commerce', 'AI/ML']",False,False,2020-05-23
founder_1081,Steven Clark,campbellsydney@example.com,https://linkedin.com/in/carol99,San Diego,PhD,,4,Facebook,['FoodTech'],True,True,2025-01-19
founder_1082,Sandra Taylor,nicholaslane@example.net,https://linkedin.com/in/mckinneynancy,Los Angeles,Master's,Caltech,22,Tesla,['LegalTech'],True,False,2017-03-29
founder_1083,Michele Garner,rmolina@example.org,https://linkedin.com/in/lawrenceray,Austin,Self-taught,Other,21,Facebook,"['E-commerce', 'CleanTech']",True,False,2015-11-02
founder_1084,Sheri Jones,melanie33@example.net,https://linkedin.com/in/mhammond,San Diego,Self-taught,Harvard,6,Startup,"['E-commerce', 'AI/ML', 'Gaming']",False,False,2016-05-14
founder_1085,Gregory Harrell,stewartdaniel@example.com,https://linkedin.com/in/mitchell89,Nashville,Bachelor's,Other,20,Amazon,"['AgriTech', 'Blockchain']",False,False,2018-06-21
founder_1086,Emily Mccullough,clarkedward@example.net,https://linkedin.com/in/rodriguezdavid,Nashville,PhD,Other,1,Finance,['HRTech'],True,False,2024-11-29
founder_1087,Jason Jarvis,sherrybrewer@example.net,https://linkedin.com/in/ifrazier,Nashville,Bachelor's,UC Berkeley,3,Finance,"['SaaS', 'HealthTech']",False,False,2020-10-16
founder_1088,Jennifer Powell,umeyers@example.net,https://linkedin.com/in/rrodriguez,Miami,Master's,,13,Microsoft,['Cybersecurity'],False,False,2023-03-15
founder_1089,Sarah Burgess,isaac29@example.net,https://linkedin.com/in/yjenkins,Dallas,Bachelor's,UC Berkeley,1,Consulting,['Gaming'],True,False,2015-08-17
founder_1090,Willie Peterson,laura47@example.com,https://linkedin.com/in/rosstoni,Washington DC,PhD,,22,Finance,['FinTech'],True,True,2017-06-02
founder_1091,Joel Salinas,moniquebaker@example.org,https://linkedin.com/in/jacquelinemaynard,New York,Bachelor's,Other,8,Tesla,"['Blockchain', 'CleanTech', 'HealthTech']",True,False,2015-12-27
founder_1092,Wayne Mcdonald,smithashley@example.net,https://linkedin.com/in/kingmelanie,Seattle,Master's,Caltech,11,Facebook,['MarTech'],False,False,2019-03-23
founder_1093,Matthew Johns,riveracourtney@example.com,https://linkedin.com/in/wardseth,Chicago,Bootcamp,UC Berkeley,3,Finance,"['Gaming', 'MarTech', 'CleanTech']",False,False,2021-11-21
founder_1094,Derrick Nelson,mbailey@example.com,https://linkedin.com/in/oochoa,Washington DC,Bootcamp,,22,Tesla,"['SaaS', 'CleanTech', 'Blockchain']",True,False,2021-06-07
founder_1095,Brett Morgan,susan66@example.org,https://linkedin.com/in/crodriguez,Atlanta,Bachelor's,,7,Facebook,['FinTech'],False,False,2018-09-15
founder_1096,Roger Alexander,phansen@example.org,https://linkedin.com/in/samanthaknapp,Atlanta,Master's,,9,Microsoft,['Gaming'],True,False,2023-01-02
founder_1097,Travis King,gmartin@example.org,https://linkedin.com/in/john26,Denver,Master's,Harvard,12,Facebook,"['Gaming', 'MarTech', 'HealthTech']",False,False,2016-07-19
founder_1098,Jeffery Randall,webstersandra@example.net,https://linkedin.com/in/ramseytina,Miami,Self-taught,Caltech,3,Tesla,"['HRTech', 'CleanTech']",False,False,2017-01-12
founder_1099,Christopher Osborne,albertschwartz@example.net,https://linkedin.com/in/gutierrezlisa,San Francisco,Master's,Other,0,Google,['FoodTech'],True,False,2024-06-03
founder_1100,Alexis Juarez,alicia45@example.org,https://linkedin.com/in/wmoreno,Atlanta,PhD,,25,Google,"['HealthTech', 'FinTech', 'E-commerce']",False,False,2020-02-22
founder_1101,Jill Ramos,claytonadam@example.net,https://linkedin.com/in/kking,Portland,Master's,,5,Amazon,"['HealthTech', 'InsurTech', 'CleanTech']",False,False,2022-08-07
founder_1102,Dominic Reese,uadams@example.net,https://linkedin.com/in/edavis,Austin,Self-taught,Harvard,0,Finance,"['LegalTech', 'SaaS']",False,False,2018-03-04
founder_1103,Jonathan Pruitt,johnberry@example.org,https://linkedin.com/in/pinedakevin,San Francisco,Master's,Caltech,25,Google,"['HealthTech', 'FoodTech', 'E-commerce']",False,False,2021-11-22
founder_1104,Paula Calhoun,rholmes@example.org,https://linkedin.com/in/jason07,San Francisco,Master's,,4,Finance,['SaaS'],True,False,2019-11-10
founder_1105,Sonya Fields,trevinojoseph@example.com,https://linkedin.com/in/benjamingrant,San Diego,Self-taught,Caltech,9,Apple,"['AgriTech', 'AI/ML', 'HealthTech']",True,False,2018-06-09
founder_1106,Lisa Ryan,amy59@example.com,https://linkedin.com/in/gdougherty,Washington DC,Bootcamp,MIT,9,Finance,"['LegalTech', 'AgriTech', 'FoodTech']",True,False,2018-01-04
founder_1107,Angela Graham,ylester@example.net,https://linkedin.com/in/vvalencia,Portland,PhD,CMU,24,Startup,['EdTech'],False,False,2022-05-28
founder_1108,Elizabeth Arroyo,jennifertaylor@example.org,https://linkedin.com/in/evanriley,Boston,Bachelor's,,13,Finance,['Blockchain'],True,False,2020-01-04
founder_1109,Rebecca Becker,jacquelinefrye@example.net,https://linkedin.com/in/elizabeth07,Austin,PhD,Harvard,12,Facebook,"['FinTech', 'FoodTech', 'IoT']",True,False,2020-02-13
founder_1110,Louis Jones,emilyhull@example.net,https://linkedin.com/in/tphillips,Atlanta,PhD,,18,Facebook,"['Blockchain', 'FoodTech']",True,False,2022-06-22
founder_1111,Chelsea Paul,gsmith@example.org,https://linkedin.com/in/annatownsend,Atlanta,Bachelor's,MIT,10,Finance,['Blockchain'],True,True,2020-09-08
founder_1112,Patricia Gibson,chamberscole@example.net,https://linkedin.com/in/cameron94,Dallas,Bootcamp,CMU,0,Amazon,"['HRTech', 'HealthTech', 'PropTech']",False,False,2018-06-15
founder_1113,Kyle Fowler,travistiffany@example.net,https://linkedin.com/in/michael23,Seattle,Self-taught,Harvard,3,Tesla,"['Blockchain', 'IoT', 'Cybersecurity']",False,True,2024-09-10
founder_1114,Daniel King,jenniferfoley@example.org,https://linkedin.com/in/mconner,Miami,Self-taught,UC Berkeley,5,Google,['HealthTech'],False,True,2015-12-30
founder_1115,Robert Sanchez,barnesallen@example.net,https://linkedin.com/in/ucruz,Miami,Self-taught,,22,Tesla,"['MarTech', 'AgriTech', 'Cybersecurity']",True,False,2021-05-02
founder_1116,Jerry Nichols,veronica69@example.com,https://linkedin.com/in/jillsmith,Los Angeles,Bachelor's,,7,Tesla,"['EdTech', 'HRTech', 'Blockchain']",False,False,2025-02-13
founder_1117,Amy Brown,barrjill@example.com,https://linkedin.com/in/danny28,San Diego,Bachelor's,Harvard,14,Startup,['AI/ML'],True,False,2019-02-22
founder_1118,Mr. Jeffrey Daniels,ksmall@example.org,https://linkedin.com/in/jenniferriley,Chicago,Bootcamp,Stanford,24,Consulting,"['Gaming', 'MarTech']",True,False,2023-07-11
founder_1119,Margaret Wang,hbarrett@example.com,https://linkedin.com/in/andrewlopez,Portland,Bachelor's,Harvard,6,Consulting,"['FoodTech', 'HRTech']",True,False,2017-07-21
founder_1120,Greg Edwards,jaimebarker@example.net,https://linkedin.com/in/farleyjeffrey,Atlanta,Self-taught,Other,14,Microsoft,"['Blockchain', 'FinTech']",True,False,2017-05-18
founder_1121,Edwin Taylor,yhansen@example.org,https://linkedin.com/in/laura00,Phoenix,Bootcamp,UC Berkeley,11,Amazon,"['EdTech', 'Cybersecurity']",True,False,2017-12-31
founder_1122,Jack Morales,jillarmstrong@example.com,https://linkedin.com/in/karen89,Dallas,PhD,UC Berkeley,0,Facebook,['AI/ML'],True,False,2021-05-25
founder_1123,Logan Sullivan,gonzalezkimberly@example.org,https://linkedin.com/in/fobrien,New York,Bachelor's,MIT,8,Tesla,"['FoodTech', 'AgriTech', 'InsurTech']",True,False,2018-05-28
founder_1124,Stephanie Ross,fharris@example.net,https://linkedin.com/in/qtyler,Philadelphia,PhD,Harvard,15,Consulting,"['SaaS', 'InsurTech', 'Blockchain']",True,False,2022-03-17
founder_1125,Meghan Good,laurenmartinez@example.com,https://linkedin.com/in/ronnie39,Phoenix,Self-taught,MIT,15,Finance,"['EdTech', 'HRTech']",False,False,2021-02-04
founder_1126,Amber Moore,huangrachel@example.org,https://linkedin.com/in/thomas12,Denver,Self-taught,Caltech,16,Facebook,"['SaaS', 'MarTech']",False,True,2017-06-13
founder_1127,Jeffrey Moore,gvalencia@example.com,https://linkedin.com/in/susan04,Dallas,PhD,UC Berkeley,11,Google,['SaaS'],True,False,2021-02-06
founder_1128,Sharon Edwards,julieknight@example.net,https://linkedin.com/in/scotttammy,Miami,Self-taught,Other,23,Google,"['SaaS', 'Cybersecurity', 'Gaming']",True,True,2017-08-18
founder_1129,Kristen Paul,sarahflynn@example.net,https://linkedin.com/in/powerscasey,Los Angeles,PhD,,22,Facebook,"['E-commerce', 'Blockchain']",True,True,2015-08-17
founder_1130,Jennifer Brown,robertstina@example.org,https://linkedin.com/in/browneric,Washington DC,Self-taught,Caltech,6,Finance,"['FoodTech', 'CleanTech']",False,False,2016-09-30
founder_1131,Diane Hall,stanleybond@example.com,https://linkedin.com/in/paulcook,Boston,Bachelor's,,10,Finance,"['IoT', 'SaaS', 'FoodTech']",False,False,2019-01-07
founder_1132,Frank Joyce,william01@example.net,https://linkedin.com/in/amanda04,Dallas,Bootcamp,Caltech,23,Amazon,"['HealthTech', 'E-commerce', 'FinTech']",True,False,2016-12-25
founder_1133,Ashley Bowen,heather57@example.org,https://linkedin.com/in/ibenson,Chicago,Self-taught,Harvard,20,Amazon,"['AI/ML', 'InsurTech']",True,False,2018-02-12
founder_1134,Alexander Boyd,bellchristine@example.net,https://linkedin.com/in/ssmith,Boston,Master's,Stanford,19,Microsoft,"['Gaming', 'FinTech']",True,False,2022-11-22
founder_1135,Jeffery Proctor,williammiller@example.net,https://linkedin.com/in/elizabeth62,Nashville,PhD,Harvard,6,Google,['CleanTech'],False,False,2024-01-06
founder_1136,Marissa Moss,jeffreyhughes@example.org,https://linkedin.com/in/fvillanueva,Philadelphia,Bachelor's,,0,Apple,"['HRTech', 'CleanTech']",False,False,2015-12-12
founder_1137,Olivia Kim,troberts@example.org,https://linkedin.com/in/simscrystal,Dallas,Bachelor's,Stanford,2,Consulting,"['HRTech', 'Cybersecurity']",False,False,2015-11-16
founder_1138,Ronald Jordan,fitzgeralddarren@example.com,https://linkedin.com/in/jordanjermaine,Boston,Master's,Other,14,Microsoft,"['HealthTech', 'EdTech']",True,False,2021-07-28
founder_1139,Robert Cole,benjaminlucas@example.net,https://linkedin.com/in/christopher18,Los Angeles,Bootcamp,,12,Tesla,['AgriTech'],False,True,2020-11-23
founder_1140,Matthew Burton,yanganna@example.com,https://linkedin.com/in/bryan26,San Francisco,Bachelor's,UC Berkeley,2,Consulting,['InsurTech'],False,False,2025-03-14
founder_1141,Michael Daniels,davidhurst@example.org,https://linkedin.com/in/davidsanders,New York,Bootcamp,Other,7,Consulting,['HealthTech'],True,False,2021-08-29
founder_1142,Jillian Armstrong,kweaver@example.com,https://linkedin.com/in/smithlori,Portland,Self-taught,Harvard,11,Consulting,['AgriTech'],False,False,2024-04-07
founder_1143,Ronald Silva DVM,marcthompson@example.org,https://linkedin.com/in/ywilson,Philadelphia,Bachelor's,CMU,20,Tesla,['LegalTech'],False,True,2021-05-23
founder_1144,William Small,kgonzalez@example.org,https://linkedin.com/in/kaitlynkaiser,San Francisco,Bachelor's,,13,Google,['SaaS'],False,True,2019-11-04
founder_1145,Melinda Caldwell,miguelperkins@example.com,https://linkedin.com/in/melissa16,Los Angeles,PhD,CMU,17,Consulting,['E-commerce'],True,False,2021-06-11
founder_1146,Pamela Mendoza,malonecassandra@example.org,https://linkedin.com/in/valeriemorgan,Washington DC,Self-taught,,3,Amazon,"['CleanTech', 'HRTech', 'MarTech']",True,False,2018-12-20
founder_1147,Cory Lewis,iweaver@example.net,https://linkedin.com/in/dominicgarcia,Phoenix,Bachelor's,UC Berkeley,2,Microsoft,"['FoodTech', 'HRTech']",False,True,2021-04-07
founder_1148,Mr. William Gordon,kendrathompson@example.net,https://linkedin.com/in/anthonyedwards,Dallas,Bootcamp,,8,Apple,"['EdTech', 'E-commerce', 'HRTech']",False,False,2015-12-02
founder_1149,Edward Green,autumnthomas@example.net,https://linkedin.com/in/dmorgan,Seattle,Self-taught,CMU,22,Tesla,['AI/ML'],False,False,2020-10-18
founder_1150,Clayton Mccormick,vbeltran@example.com,https://linkedin.com/in/laurieparker,Seattle,PhD,MIT,16,Startup,['IoT'],False,False,2020-09-30
founder_1151,Carl Zimmerman,xrocha@example.com,https://linkedin.com/in/kenneth76,Phoenix,PhD,Caltech,0,Apple,"['LegalTech', 'HRTech']",True,False,2020-07-09
founder_1152,Theresa Norman,mgarcia@example.net,https://linkedin.com/in/pamela15,Denver,Master's,Stanford,9,Google,['HealthTech'],True,False,2020-02-27
founder_1153,Gary Bennett,kevinbrown@example.org,https://linkedin.com/in/lisa47,Phoenix,Bachelor's,Stanford,11,Startup,['FinTech'],True,False,2019-12-04
founder_1154,Timothy Powers,hannahklein@example.net,https://linkedin.com/in/richardpaul,New York,PhD,Other,2,Startup,"['Cybersecurity', 'Blockchain']",False,False,2020-01-25
founder_1155,Jessica Walters,cory28@example.org,https://linkedin.com/in/dkaufman,Washington DC,Self-taught,MIT,8,Google,['CleanTech'],False,False,2023-04-01
founder_1156,Charles Scott,daltonnatalie@example.net,https://linkedin.com/in/chad80,Phoenix,Bachelor's,UC Berkeley,20,Tesla,"['CleanTech', 'MarTech', 'IoT']",False,False,2023-06-13
founder_1157,Amanda Sullivan,qpalmer@example.org,https://linkedin.com/in/pmaxwell,Portland,Master's,Stanford,15,Microsoft,"['InsurTech', 'PropTech', 'LegalTech']",True,False,2024-07-15
founder_1158,Todd Rodriguez,barbaranavarro@example.org,https://linkedin.com/in/bradleycochran,Austin,Master's,UC Berkeley,7,Tesla,"['FoodTech', 'MarTech']",False,False,2015-11-02
founder_1159,Donald Browning,matthew93@example.org,https://linkedin.com/in/goodwinjoshua,Philadelphia,PhD,Harvard,0,Tesla,"['AI/ML', 'HealthTech', 'EdTech']",False,False,2016-05-14
founder_1160,Tanya Mcguire,victoria58@example.org,https://linkedin.com/in/davidhowell,New York,Master's,Harvard,2,Finance,"['FoodTech', 'E-commerce']",True,True,2020-09-01
founder_1161,Jean Acosta,lee34@example.org,https://linkedin.com/in/dereklee,New York,Bootcamp,Caltech,2,Consulting,"['AI/ML', 'FoodTech', 'SaaS']",True,False,2016-07-17
founder_1162,Benjamin Ruiz,icastillo@example.net,https://linkedin.com/in/paulreyes,Dallas,PhD,Harvard,14,Apple,['Blockchain'],False,True,2019-06-06
founder_1163,Isabel Miller,robert67@example.com,https://linkedin.com/in/mariebean,Denver,PhD,Caltech,18,Microsoft,"['AI/ML', 'Blockchain', 'EdTech']",True,False,2022-11-11
founder_1164,Joseph Brown,umayo@example.net,https://linkedin.com/in/swong,Seattle,PhD,CMU,24,Consulting,"['AI/ML', 'PropTech']",True,True,2024-04-21
founder_1165,Michael Meyer,sburke@example.org,https://linkedin.com/in/wmoore,Dallas,Bootcamp,Other,4,Facebook,"['FoodTech', 'EdTech']",False,False,2018-06-09
founder_1166,Taylor James,michelle91@example.net,https://linkedin.com/in/stacyturner,Portland,Bootcamp,CMU,23,Consulting,"['SaaS', 'E-commerce']",False,False,2017-01-05
founder_1167,Steven Donovan,qwatts@example.net,https://linkedin.com/in/barrerajoseph,Boston,Master's,Other,15,Consulting,"['FoodTech', 'FinTech', 'IoT']",True,False,2021-10-27
founder_1168,Derek Young,cmiller@example.net,https://linkedin.com/in/estephens,Chicago,Master's,CMU,7,Consulting,"['HRTech', 'Gaming', 'Blockchain']",True,True,2022-01-04
founder_1169,Kelly Jones,ljones@example.net,https://linkedin.com/in/qgray,Portland,Bachelor's,Other,8,Tesla,"['FinTech', 'Blockchain', 'AI/ML']",False,True,2017-09-20
founder_1170,Rebecca Ramirez,beltranalex@example.com,https://linkedin.com/in/fgonzalez,Washington DC,Self-taught,Harvard,10,Microsoft,['HealthTech'],False,False,2023-08-20
founder_1171,Paul Rodgers,robertdiaz@example.org,https://linkedin.com/in/misty84,Philadelphia,Bootcamp,,8,Finance,"['IoT', 'CleanTech', 'InsurTech']",True,False,2022-09-14
founder_1172,Gail Wilson,yday@example.net,https://linkedin.com/in/jamesrodriguez,San Francisco,PhD,MIT,17,Apple,['FinTech'],True,False,2020-03-07
founder_1173,Nicholas Williams,riceashley@example.net,https://linkedin.com/in/elizabeth93,Nashville,Self-taught,,8,Facebook,"['FinTech', 'SaaS']",True,True,2024-12-13
founder_1174,Karen Bowen,castillonicholas@example.net,https://linkedin.com/in/nicolestevens,Portland,Bachelor's,Stanford,10,Amazon,['AI/ML'],True,False,2020-11-27
founder_1175,Jeffrey Baird,pattonjeffrey@example.net,https://linkedin.com/in/dianeherrera,Los Angeles,Self-taught,Stanford,8,Finance,"['Gaming', 'MarTech', 'HRTech']",False,False,2023-03-05
founder_1176,James Norris,vanessa30@example.org,https://linkedin.com/in/kenneth07,Philadelphia,Bachelor's,,24,Apple,"['EdTech', 'E-commerce']",True,False,2021-07-25
founder_1177,Mr. Matthew Jordan,gallagherethan@example.org,https://linkedin.com/in/toddgreen,Atlanta,Self-taught,CMU,4,Startup,"['Blockchain', 'LegalTech']",True,False,2018-01-25
founder_1178,Robert Graves,grayjulie@example.net,https://linkedin.com/in/oleblanc,San Diego,PhD,,20,Tesla,"['HealthTech', 'Cybersecurity', 'Gaming']",True,False,2019-10-25
founder_1179,Melissa Patton,emilyrobinson@example.com,https://linkedin.com/in/kimberlylong,Denver,Bachelor's,MIT,22,Amazon,"['FinTech', 'AgriTech']",True,False,2022-06-01
founder_1180,Amy Ross,carl68@example.com,https://linkedin.com/in/philiplevine,Portland,Bootcamp,UC Berkeley,7,Amazon,"['FinTech', 'SaaS', 'FoodTech']",True,False,2024-11-23
founder_1181,Fernando Martin,larry02@example.org,https://linkedin.com/in/ericbaker,Philadelphia,Self-taught,,14,Google,"['FoodTech', 'E-commerce']",True,False,2021-02-07
founder_1182,Melissa Rocha,hromero@example.net,https://linkedin.com/in/emurray,Los Angeles,Bootcamp,Other,22,Apple,"['E-commerce', 'CleanTech', 'SaaS']",True,False,2018-10-10
founder_1183,Dr. Michael Pollard,gstephens@example.com,https://linkedin.com/in/qsanchez,Portland,Bootcamp,MIT,12,Apple,['HealthTech'],False,False,2022-09-13
founder_1184,Miguel Parker,mryan@example.org,https://linkedin.com/in/rossdeanna,Atlanta,Self-taught,,9,Tesla,['IoT'],False,False,2020-11-30
founder_1185,Jane Lee,karenduke@example.com,https://linkedin.com/in/nguyenkevin,Phoenix,Self-taught,Stanford,24,Tesla,"['MarTech', 'E-commerce', 'FinTech']",False,False,2023-09-09
founder_1186,Michael Carroll,edwardthompson@example.net,https://linkedin.com/in/hardybradley,Portland,Bootcamp,Stanford,5,Startup,['Blockchain'],True,False,2019-02-07
founder_1187,Marisa Nelson,julie04@example.net,https://linkedin.com/in/ashley01,Los Angeles,PhD,UC Berkeley,21,Tesla,"['MarTech', 'FinTech']",False,False,2022-12-05
founder_1188,Karen Giles,youngdennis@example.org,https://linkedin.com/in/reillygregory,San Francisco,Master's,,12,Consulting,"['HealthTech', 'E-commerce']",True,False,2018-05-31
founder_1189,Brian Thompson,carolyncarr@example.org,https://linkedin.com/in/jenniferlloyd,Boston,PhD,,1,Tesla,['InsurTech'],True,False,2023-09-29
founder_1190,David Bates,rkeller@example.com,https://linkedin.com/in/kimbrenda,Portland,Bootcamp,MIT,14,Startup,['IoT'],True,False,2016-10-02
founder_1191,Jason Barker MD,samueltucker@example.net,https://linkedin.com/in/donaldsonjennifer,San Francisco,Bootcamp,Harvard,0,Finance,"['AI/ML', 'PropTech', 'FinTech']",False,False,2018-08-18
founder_1192,Julia Lyons,thomas70@example.com,https://linkedin.com/in/vallen,Boston,Self-taught,MIT,14,Microsoft,"['InsurTech', 'HRTech']",True,False,2018-03-19
founder_1193,Erika Woods,gibsonpatrick@example.org,https://linkedin.com/in/hallmarc,Phoenix,Bootcamp,CMU,12,Amazon,"['Blockchain', 'CleanTech', 'AI/ML']",False,True,2022-10-03
founder_1194,Jacqueline Smith,olivia33@example.com,https://linkedin.com/in/jjohnson,Los Angeles,PhD,CMU,0,Amazon,"['AgriTech', 'FinTech', 'Gaming']",False,True,2020-02-29
founder_1195,Diane Perez,jasondunn@example.org,https://linkedin.com/in/matthewhickman,Nashville,Bootcamp,,3,Startup,['PropTech'],True,False,2022-07-22
founder_1196,Christopher Morris,kent36@example.com,https://linkedin.com/in/billyjohnson,Seattle,Master's,,20,Google,"['FinTech', 'Cybersecurity']",False,False,2024-01-25
founder_1197,Miss Alexis James,michaelmendoza@example.org,https://linkedin.com/in/amanda21,San Francisco,Master's,,3,Apple,['LegalTech'],True,False,2021-08-27
founder_1198,Ashley Mcdonald,owilliams@example.net,https://linkedin.com/in/zbishop,Boston,Master's,Other,23,Consulting,"['InsurTech', 'CleanTech']",True,True,2015-10-28
founder_1199,Christine Gardner,melanie51@example.net,https://linkedin.com/in/nancy41,Boston,Bachelor's,Other,6,Consulting,['LegalTech'],False,False,2016-12-05
founder_1200,Tony Long,tgutierrez@example.com,https://linkedin.com/in/brandon45,Denver,Bootcamp,,10,Consulting,['EdTech'],True,False,2017-07-03
founder_1201,Anthony Stanley,jordantyler@example.org,https://linkedin.com/in/lucaslisa,Phoenix,Self-taught,,12,Finance,"['SaaS', 'HealthTech', 'LegalTech']",True,False,2015-10-03
founder_1202,Andrew Stein,kevinparker@example.org,https://linkedin.com/in/joshuahernandez,Atlanta,PhD,Other,6,Facebook,['AgriTech'],True,False,2019-01-01
founder_1203,Michael Richard,todd79@example.com,https://linkedin.com/in/qchaney,Atlanta,Master's,,7,Finance,"['Cybersecurity', 'HealthTech', 'InsurTech']",True,False,2016-09-07
founder_1204,Julie Williams,egibbs@example.net,https://linkedin.com/in/kingronald,Los Angeles,Self-taught,Harvard,5,Facebook,['FinTech'],False,False,2024-01-21
founder_1205,Jeffery Webb Jr.,erikabrown@example.org,https://linkedin.com/in/brandy85,Boston,Self-taught,,18,Microsoft,"['HRTech', 'CleanTech']",True,False,2021-08-27
founder_1206,Patricia Villegas,stevenbarry@example.org,https://linkedin.com/in/johnsonscott,Boston,PhD,UC Berkeley,5,Consulting,['Cybersecurity'],False,False,2021-09-06
founder_1207,Kenneth Romero,garciaashley@example.com,https://linkedin.com/in/jenniferspencer,San Francisco,Bootcamp,,10,Finance,"['InsurTech', 'EdTech', 'CleanTech']",False,False,2023-12-04
founder_1208,Margaret Garcia,natalie38@example.net,https://linkedin.com/in/seanwebster,Los Angeles,Self-taught,MIT,2,Consulting,"['CleanTech', 'SaaS', 'Gaming']",False,True,2016-11-19
founder_1209,Austin Johnson,marklewis@example.org,https://linkedin.com/in/amber04,Dallas,Self-taught,Harvard,15,Google,"['FoodTech', 'AgriTech', 'E-commerce']",True,False,2023-07-23
founder_1210,Jonathan Jones,amberhunter@example.net,https://linkedin.com/in/sboone,Nashville,Master's,,9,Facebook,"['LegalTech', 'AI/ML']",False,False,2019-11-13
founder_1211,Colton Keller,justin82@example.net,https://linkedin.com/in/nicholasburke,Seattle,Self-taught,CMU,1,Apple,"['PropTech', 'Blockchain', 'IoT']",False,False,2017-05-09
founder_1212,Barry Miles,vfields@example.net,https://linkedin.com/in/allenjames,Los Angeles,Self-taught,,22,Finance,"['LegalTech', 'PropTech']",False,True,2019-12-31
founder_1213,Taylor Morris,christina41@example.com,https://linkedin.com/in/jeffrey76,Philadelphia,PhD,CMU,0,Apple,['SaaS'],True,True,2024-04-17
founder_1214,Stephanie Allison,sanderson@example.net,https://linkedin.com/in/russellyolanda,Dallas,Master's,UC Berkeley,18,Tesla,['PropTech'],False,False,2022-12-10
founder_1215,Kimberly Boyd,robertsonjohn@example.net,https://linkedin.com/in/kimberly48,Austin,Self-taught,,12,Amazon,"['EdTech', 'HealthTech']",True,False,2022-08-11
founder_1216,John Frey,rogeranderson@example.com,https://linkedin.com/in/christina27,San Diego,Bootcamp,Other,19,Finance,['InsurTech'],False,False,2020-10-05
founder_1217,Bryan Strickland,ewade@example.net,https://linkedin.com/in/cookshane,Austin,PhD,,25,Startup,"['FinTech', 'E-commerce', 'CleanTech']",True,False,2016-02-09
founder_1218,Joel Alvarado,pwilkins@example.net,https://linkedin.com/in/wdiaz,Seattle,Bootcamp,Caltech,25,Amazon,['Gaming'],True,False,2023-12-22
founder_1219,Taylor Martin,jamesmcclain@example.org,https://linkedin.com/in/brewerangela,Phoenix,Master's,Other,10,Apple,['FoodTech'],True,False,2024-07-01
founder_1220,Rickey Wilkinson,serranoashley@example.org,https://linkedin.com/in/brianknight,Philadelphia,Bachelor's,,3,Amazon,['AI/ML'],False,True,2025-05-29
founder_1221,Jesus Foster,brandon65@example.org,https://linkedin.com/in/amy63,Chicago,Master's,,8,Apple,"['Blockchain', 'Gaming']",True,False,2017-08-10
founder_1222,Laura Ray,tylerwilson@example.com,https://linkedin.com/in/lauren05,Boston,Self-taught,,8,Tesla,"['MarTech', 'HealthTech']",False,False,2020-12-26
founder_1223,Travis Robinson,joseph26@example.org,https://linkedin.com/in/igolden,Nashville,Bootcamp,,6,Facebook,"['AgriTech', 'EdTech', 'Blockchain']",False,False,2020-06-06
founder_1224,Arthur Taylor,david63@example.org,https://linkedin.com/in/jmiller,Los Angeles,Master's,MIT,10,Consulting,['SaaS'],True,True,2024-07-23
founder_1225,Brittney Myers,christinaortiz@example.org,https://linkedin.com/in/gonzalesrobert,Miami,Bootcamp,Stanford,4,Apple,['FoodTech'],True,True,2021-04-11
founder_1226,William Mcbride,melissafox@example.com,https://linkedin.com/in/barreraamy,Dallas,Master's,,17,Finance,"['Gaming', 'IoT']",False,True,2023-08-08
founder_1227,Rodney Clark,brownheather@example.org,https://linkedin.com/in/katrinaallen,Los Angeles,Master's,MIT,17,Consulting,"['AI/ML', 'LegalTech', 'E-commerce']",False,False,2017-09-30
founder_1228,Stephen Morris,tracie24@example.net,https://linkedin.com/in/wardmaria,Dallas,Self-taught,,12,Google,['AgriTech'],True,False,2022-10-31
founder_1229,David Jones,jessicacastro@example.com,https://linkedin.com/in/williamsrobin,Atlanta,PhD,Other,1,Facebook,['HRTech'],False,True,2024-11-24
founder_1230,Mary Wright,xroach@example.com,https://linkedin.com/in/colemankelly,Portland,Bootcamp,,6,Finance,['AgriTech'],True,False,2020-10-24
founder_1231,Jesse Williams,brittany76@example.org,https://linkedin.com/in/david19,Phoenix,Bachelor's,Caltech,0,Facebook,"['Cybersecurity', 'AI/ML', 'IoT']",True,False,2017-12-18
founder_1232,Stacey Wilson,kathryn45@example.net,https://linkedin.com/in/murphyalex,Austin,Bootcamp,Harvard,4,Consulting,['FoodTech'],False,False,2020-11-22
founder_1233,Ryan Cook,andrew75@example.org,https://linkedin.com/in/michaelrivera,Austin,Self-taught,MIT,10,Amazon,['E-commerce'],True,False,2016-09-08
founder_1234,Cody Young,daniel36@example.com,https://linkedin.com/in/veronica41,Philadelphia,Master's,,2,Google,"['FoodTech', 'LegalTech']",False,False,2019-12-13
founder_1235,Melissa Logan,eholmes@example.net,https://linkedin.com/in/michael85,Portland,Bootcamp,CMU,3,Microsoft,"['IoT', 'AI/ML', 'CleanTech']",True,True,2018-09-08
founder_1236,Kevin Woods,thompsonlisa@example.net,https://linkedin.com/in/larryrollins,San Francisco,PhD,CMU,24,Finance,"['EdTech', 'InsurTech']",True,False,2018-09-06
founder_1237,Emily Frey,brownjohn@example.net,https://linkedin.com/in/megan85,San Diego,Bootcamp,,24,Tesla,"['Blockchain', 'FinTech']",False,False,2020-03-28
founder_1238,Megan Smith,choitodd@example.net,https://linkedin.com/in/awilliams,Los Angeles,Bootcamp,Stanford,6,Facebook,['AI/ML'],True,False,2016-12-03
founder_1239,Mark Brown,kellycarter@example.org,https://linkedin.com/in/jyoung,Seattle,Bootcamp,,10,Finance,"['EdTech', 'InsurTech']",True,True,2021-04-16
founder_1240,Christopher Williams,barronsean@example.com,https://linkedin.com/in/hramirez,San Francisco,Bachelor's,Other,2,Startup,['Cybersecurity'],True,False,2023-10-27
founder_1241,Michael Nicholson,shafferdavid@example.net,https://linkedin.com/in/mason26,Phoenix,PhD,,0,Microsoft,"['FinTech', 'E-commerce', 'Gaming']",False,True,2019-11-07
founder_1242,Kayla Johnson,millstyler@example.net,https://linkedin.com/in/bsanchez,Dallas,Bachelor's,Caltech,4,Consulting,['AgriTech'],False,False,2018-09-08
founder_1243,Terri King,stephen43@example.org,https://linkedin.com/in/garciaerica,Chicago,Bootcamp,Caltech,13,Amazon,"['LegalTech', 'SaaS']",True,False,2019-06-18
founder_1244,Kathy Bauer,peggy25@example.com,https://linkedin.com/in/laguilar,Washington DC,Bachelor's,Harvard,1,Microsoft,"['PropTech', 'HealthTech', 'E-commerce']",False,False,2021-03-13
founder_1245,Amanda Robinson,georgesavannah@example.com,https://linkedin.com/in/stephen61,Portland,Master's,Stanford,7,Amazon,"['IoT', 'EdTech', 'PropTech']",True,False,2019-10-29
founder_1246,Alexa Hensley,adamsandrew@example.org,https://linkedin.com/in/smithcameron,San Diego,PhD,Caltech,23,Apple,"['LegalTech', 'HealthTech']",True,False,2016-05-07
founder_1247,Justin Patton,jon52@example.org,https://linkedin.com/in/gdavis,Phoenix,Bootcamp,MIT,3,Startup,"['HealthTech', 'FoodTech']",False,False,2020-08-28
founder_1248,Stephen Kirk,matthewhudson@example.org,https://linkedin.com/in/tleblanc,Chicago,Bootcamp,Harvard,4,Facebook,"['Gaming', 'Blockchain']",False,False,2020-04-15
founder_1249,Dr. Sara King,crichards@example.com,https://linkedin.com/in/samantha00,New York,Master's,Caltech,21,Tesla,"['Cybersecurity', 'Blockchain', 'HealthTech']",True,False,2022-06-22
founder_1250,Jacqueline Allen,oconnellmichael@example.net,https://linkedin.com/in/shepherdkevin,Phoenix,Self-taught,Other,20,Facebook,"['PropTech', 'FinTech', 'Cybersecurity']",True,False,2021-02-18
founder_1251,Amy Sanchez,bryan94@example.com,https://linkedin.com/in/sandra56,New York,Master's,Caltech,9,Microsoft,"['AI/ML', 'HRTech']",False,False,2023-08-22
founder_1252,Carlos Walker,ashleywilson@example.com,https://linkedin.com/in/amanda83,Austin,Master's,UC Berkeley,23,Apple,"['Cybersecurity', 'AgriTech', 'PropTech']",True,False,2018-01-05
founder_1253,Michael Moss,slopez@example.net,https://linkedin.com/in/nmartinez,Los Angeles,Bootcamp,CMU,25,Apple,['CleanTech'],False,False,2018-09-23
founder_1254,Kevin Perkins,nancyherrera@example.net,https://linkedin.com/in/heatherhaynes,Atlanta,Bachelor's,MIT,7,Facebook,"['IoT', 'MarTech', 'PropTech']",False,False,2017-01-07
founder_1255,Chad Wagner,jonathananderson@example.org,https://linkedin.com/in/rdavis,Philadelphia,Self-taught,Stanford,14,Facebook,['Gaming'],True,False,2019-05-21
founder_1256,Lisa Leonard,andrea80@example.net,https://linkedin.com/in/emily72,Dallas,Bachelor's,MIT,19,Amazon,"['CleanTech', 'FoodTech']",False,False,2020-06-12
founder_1257,Steven Harvey,bwise@example.net,https://linkedin.com/in/daniel41,San Francisco,Bachelor's,CMU,11,Apple,"['E-commerce', 'PropTech']",True,False,2018-05-26
founder_1258,Michael Bailey,david93@example.com,https://linkedin.com/in/sarah27,Austin,PhD,,24,Google,"['IoT', 'InsurTech', 'HRTech']",True,True,2019-08-10
founder_1259,Haley Flores,yreynolds@example.org,https://linkedin.com/in/jacksonhannah,Phoenix,Bootcamp,,9,Finance,['Gaming'],False,False,2023-01-29
founder_1260,Angie Lopez,andrew66@example.net,https://linkedin.com/in/scottcameron,Austin,Master's,MIT,8,Amazon,"['Cybersecurity', 'InsurTech', 'HRTech']",False,False,2023-10-30
founder_1261,Michael Berry,jessicafernandez@example.org,https://linkedin.com/in/jcook,Chicago,Master's,Caltech,18,Microsoft,"['SaaS', 'PropTech', 'CleanTech']",True,False,2020-10-16
founder_1262,Kelly Marshall,john70@example.org,https://linkedin.com/in/christian27,Dallas,Bachelor's,Other,23,Microsoft,['LegalTech'],False,False,2021-10-06
founder_1263,Vanessa Frederick,shawnwest@example.org,https://linkedin.com/in/johncallahan,Atlanta,PhD,,12,Tesla,"['PropTech', 'AgriTech', 'HealthTech']",False,False,2021-09-18
founder_1264,Richard Mendoza,fsimpson@example.org,https://linkedin.com/in/jennifer60,Phoenix,Master's,CMU,19,Consulting,"['AgriTech', 'Blockchain', 'Gaming']",True,False,2019-03-02
founder_1265,Amanda Stevenson,lisa89@example.net,https://linkedin.com/in/austinbreanna,Seattle,Bachelor's,,20,Finance,"['HealthTech', 'PropTech']",False,False,2023-11-10
founder_1266,Wendy Erickson,wstewart@example.org,https://linkedin.com/in/becky34,Seattle,PhD,UC Berkeley,8,Facebook,"['EdTech', 'Gaming', 'Blockchain']",True,True,2016-10-31
founder_1267,Jasmine Garcia,dianemata@example.net,https://linkedin.com/in/edward14,San Francisco,Bootcamp,Harvard,14,Facebook,['CleanTech'],True,True,2024-11-07
founder_1268,Jessica Jordan,kellychristopher@example.org,https://linkedin.com/in/xnelson,Philadelphia,Bachelor's,,23,Startup,"['E-commerce', 'Gaming']",False,False,2018-11-03
founder_1269,Thomas Merritt,tparrish@example.com,https://linkedin.com/in/james57,Dallas,Bachelor's,Caltech,1,Consulting,"['CleanTech', 'Gaming', 'AgriTech']",True,False,2021-08-22
founder_1270,Emily Walker,milesallison@example.net,https://linkedin.com/in/oobrien,Miami,Bootcamp,Caltech,23,Microsoft,['HealthTech'],True,True,2020-12-13
founder_1271,Ryan Kemp,charles71@example.net,https://linkedin.com/in/jimenezdaniel,Boston,Self-taught,,13,Finance,"['EdTech', 'Gaming', 'PropTech']",True,True,2016-10-08
founder_1272,Charles Huynh,janice79@example.org,https://linkedin.com/in/rebecca83,San Diego,PhD,UC Berkeley,24,Amazon,['MarTech'],True,False,2022-05-03
founder_1273,Mary Sanchez,sloanchristine@example.org,https://linkedin.com/in/tinarhodes,Miami,PhD,Other,15,Tesla,"['MarTech', 'FinTech']",True,False,2024-11-07
founder_1274,Melvin Wheeler,mhale@example.org,https://linkedin.com/in/stephenmiller,Washington DC,Self-taught,,6,Amazon,"['Gaming', 'EdTech']",False,False,2023-08-28
founder_1275,Devon Villegas,joshuapatterson@example.com,https://linkedin.com/in/hillfrank,Atlanta,Bachelor's,,14,Finance,"['MarTech', 'CleanTech']",True,False,2017-01-29
founder_1276,Howard Chase,jeanneguerrero@example.org,https://linkedin.com/in/robertsjennifer,Chicago,PhD,UC Berkeley,5,Startup,['PropTech'],True,False,2018-05-17
founder_1277,David Dixon,amy96@example.net,https://linkedin.com/in/hunter26,Phoenix,Master's,Stanford,12,Microsoft,['SaaS'],True,False,2020-01-22
founder_1278,Angela Callahan,zlyons@example.net,https://linkedin.com/in/leontodd,Washington DC,PhD,Stanford,15,Finance,"['AI/ML', 'Blockchain']",True,False,2016-08-21
founder_1279,Alyssa Lewis,nallen@example.com,https://linkedin.com/in/kellygarcia,Chicago,Master's,Caltech,20,Consulting,"['CleanTech', 'Gaming', 'Cybersecurity']",True,False,2017-08-07
founder_1280,Melanie Mcdonald,kevin46@example.com,https://linkedin.com/in/michaelgraham,Miami,Bootcamp,CMU,4,Google,"['AI/ML', 'EdTech']",True,False,2023-04-12
founder_1281,Alyssa Duncan,josephcoffey@example.net,https://linkedin.com/in/stanley18,Boston,Bachelor's,MIT,4,Startup,['AI/ML'],False,False,2018-12-06
founder_1282,Kara Erickson,jpennington@example.net,https://linkedin.com/in/bbooker,San Francisco,PhD,Stanford,7,Google,"['Blockchain', 'E-commerce']",False,False,2020-02-12
founder_1283,James Fisher,tbooth@example.com,https://linkedin.com/in/melissasmith,Philadelphia,Self-taught,,4,Facebook,['FoodTech'],False,False,2020-03-30
founder_1284,Mark Moody,leedavid@example.net,https://linkedin.com/in/melissa18,Miami,Bachelor's,,6,Startup,['InsurTech'],False,False,2015-10-10
founder_1285,Jessica Figueroa,lisapotts@example.net,https://linkedin.com/in/kelly02,Atlanta,Bachelor's,Harvard,19,Apple,"['MarTech', 'Cybersecurity', 'E-commerce']",True,False,2018-07-15
founder_1286,Elizabeth Mathis,moralesmarcus@example.com,https://linkedin.com/in/tevans,Austin,Master's,,4,Google,"['AI/ML', 'HealthTech']",True,False,2016-10-11
founder_1287,Ian Lynch,adam19@example.net,https://linkedin.com/in/nichole25,Chicago,Bootcamp,Other,21,Google,['FinTech'],False,False,2022-07-15
founder_1288,Ashley Watson,monica31@example.org,https://linkedin.com/in/uhays,Miami,Bootcamp,UC Berkeley,8,Tesla,['HRTech'],False,False,2017-01-05
founder_1289,Jeremy Kelley Jr.,jeffreyorr@example.com,https://linkedin.com/in/cynthiacooper,Austin,Self-taught,Caltech,25,Tesla,['InsurTech'],True,False,2024-07-04
founder_1290,Yvonne Bishop,sjohnson@example.com,https://linkedin.com/in/juan98,Chicago,Bootcamp,Stanford,12,Startup,"['E-commerce', 'FinTech', 'SaaS']",True,False,2019-08-15
founder_1291,Cody Cook,kimberly21@example.net,https://linkedin.com/in/kristen08,Nashville,Self-taught,MIT,25,Amazon,"['FinTech', 'IoT']",False,False,2017-03-08
founder_1292,Christy Cole,oliviaramsey@example.com,https://linkedin.com/in/myersalexis,Atlanta,Self-taught,Caltech,12,Tesla,"['EdTech', 'HealthTech', 'AI/ML']",False,True,2021-09-02
founder_1293,Samantha Wells,erin79@example.org,https://linkedin.com/in/melissasantiago,Philadelphia,PhD,UC Berkeley,3,Apple,"['MarTech', 'HealthTech']",True,True,2015-09-26
founder_1294,Matthew Stephens,hhanson@example.org,https://linkedin.com/in/kellydavis,Chicago,Bootcamp,CMU,7,Tesla,"['HRTech', 'PropTech']",False,False,2024-04-02
founder_1295,Sean Moore,elizabethmoore@example.org,https://linkedin.com/in/wardemily,Atlanta,Bachelor's,,20,Startup,"['Blockchain', 'Cybersecurity']",False,False,2024-09-26
founder_1296,Rebecca Bates,deborah48@example.com,https://linkedin.com/in/blaireric,Chicago,PhD,Harvard,11,Startup,"['HealthTech', 'EdTech']",True,False,2025-01-29
founder_1297,Ryan Rice,monicacook@example.com,https://linkedin.com/in/pamela09,Portland,Bachelor's,CMU,25,Facebook,"['SaaS', 'Blockchain']",True,False,2022-10-15
founder_1298,William Wilcox,mike86@example.net,https://linkedin.com/in/shopkins,Boston,Self-taught,CMU,11,Microsoft,"['EdTech', 'HRTech']",True,False,2024-11-29
founder_1299,Nicholas Huffman,mathew11@example.com,https://linkedin.com/in/amysnyder,Phoenix,Master's,,24,Apple,['Blockchain'],True,False,2019-11-12
founder_1300,Joseph Benson,landryjessica@example.com,https://linkedin.com/in/whill,Dallas,Bootcamp,UC Berkeley,22,Tesla,"['SaaS', 'IoT']",True,False,2020-09-05
founder_1301,Teresa Duran,ashley44@example.net,https://linkedin.com/in/moneill,Seattle,Self-taught,Harvard,14,Amazon,"['PropTech', 'LegalTech', 'MarTech']",True,False,2023-02-14
founder_1302,Jasmin Taylor,debra39@example.org,https://linkedin.com/in/marie91,Atlanta,Bootcamp,Other,25,Tesla,"['Cybersecurity', 'CleanTech', 'FoodTech']",True,False,2024-01-10
founder_1303,Antonio Lucas,kellerjared@example.net,https://linkedin.com/in/wilsonnancy,Miami,Master's,Stanford,8,Amazon,['PropTech'],False,False,2022-11-12
founder_1304,Bruce Welch,george46@example.org,https://linkedin.com/in/johnsonluis,Seattle,Bachelor's,,5,Facebook,"['HRTech', 'SaaS']",True,False,2024-07-26
founder_1305,Olivia Davis,daviesandrew@example.org,https://linkedin.com/in/jenniferwyatt,Washington DC,Self-taught,CMU,2,Microsoft,['MarTech'],True,False,2018-06-11
founder_1306,Michael Lopez,millercarolyn@example.org,https://linkedin.com/in/stephanie71,Philadelphia,Bachelor's,Caltech,19,Consulting,"['CleanTech', 'EdTech', 'MarTech']",True,False,2018-10-07
founder_1307,William Schroeder,christopherlopez@example.net,https://linkedin.com/in/murphychad,Denver,Master's,Harvard,25,Google,['AI/ML'],True,False,2021-03-08
founder_1308,Matthew Lamb,dodsoncarrie@example.com,https://linkedin.com/in/watsonsteven,Nashville,PhD,Harvard,5,Amazon,['AgriTech'],True,False,2023-03-23
founder_1309,Megan Brown,bpeck@example.net,https://linkedin.com/in/zhawkins,Dallas,Master's,,7,Google,['LegalTech'],False,False,2022-12-10
founder_1310,Jennifer Young,edwindunlap@example.org,https://linkedin.com/in/williamzavala,San Diego,Self-taught,CMU,2,Consulting,"['E-commerce', 'Cybersecurity', 'IoT']",True,False,2018-07-12
founder_1311,Eduardo Day,samantha78@example.net,https://linkedin.com/in/georgebaker,Seattle,Bachelor's,Stanford,17,Microsoft,['Gaming'],True,False,2023-02-04
founder_1312,Michael Schultz,laura71@example.com,https://linkedin.com/in/molly02,Denver,Master's,MIT,4,Finance,['LegalTech'],True,False,2023-02-08
founder_1313,Rodney Brandt,reesekrista@example.net,https://linkedin.com/in/joshua62,Dallas,Bachelor's,Caltech,22,Google,"['EdTech', 'Cybersecurity', 'Blockchain']",True,False,2016-03-14
founder_1314,Samantha Hale,kevin80@example.net,https://linkedin.com/in/bartonmarcus,Washington DC,PhD,UC Berkeley,3,Consulting,['AI/ML'],False,False,2022-08-24
founder_1315,Eric Ramos,christopherduncan@example.org,https://linkedin.com/in/morrisheather,Boston,Bachelor's,CMU,17,Amazon,['E-commerce'],True,False,2016-10-26
founder_1316,Christopher Jones,jessicamcmillan@example.org,https://linkedin.com/in/robertskinner,Seattle,PhD,Caltech,17,Facebook,"['FinTech', 'HealthTech']",False,False,2025-04-29
founder_1317,Rebecca Pace,lewiskelly@example.com,https://linkedin.com/in/fbailey,Denver,Self-taught,MIT,12,Startup,"['AI/ML', 'PropTech']",True,False,2024-01-08
founder_1318,Heather Proctor,carl39@example.net,https://linkedin.com/in/hroman,Chicago,Master's,,1,Facebook,"['FinTech', 'InsurTech', 'FoodTech']",True,False,2023-05-23
founder_1319,Nancy Evans,jennifer75@example.com,https://linkedin.com/in/paul36,Philadelphia,Bootcamp,Harvard,25,Consulting,"['SaaS', 'Blockchain']",False,True,2022-11-02
founder_1320,Kelli Silva,yorkdiane@example.net,https://linkedin.com/in/nhill,Washington DC,Self-taught,,19,Consulting,"['Gaming', 'AgriTech', 'AI/ML']",True,False,2017-01-14
founder_1321,Tara Mayo DDS,fbrown@example.org,https://linkedin.com/in/hollowaydawn,San Francisco,Bootcamp,Harvard,2,Consulting,"['AI/ML', 'Blockchain', 'LegalTech']",True,False,2016-11-03
founder_1322,Joshua Lopez,williamchambers@example.org,https://linkedin.com/in/anthonymorales,Denver,Bootcamp,,14,Finance,['SaaS'],True,False,2023-07-08
founder_1323,Daniel Vazquez,lphillips@example.org,https://linkedin.com/in/pcook,Portland,Bachelor's,CMU,25,Microsoft,"['SaaS', 'FoodTech']",False,False,2018-11-29
founder_1324,Angela Ashley,kelseyclark@example.org,https://linkedin.com/in/mwilliams,San Francisco,Master's,,23,Consulting,"['Blockchain', 'Cybersecurity', 'InsurTech']",False,False,2017-04-25
founder_1325,Matthew Marshall,jacobespinoza@example.com,https://linkedin.com/in/bjohnson,Austin,PhD,Stanford,21,Finance,"['EdTech', 'FinTech']",False,False,2020-06-16
founder_1326,Zachary Zimmerman,fjones@example.org,https://linkedin.com/in/tannerhardy,Phoenix,Master's,Harvard,2,Apple,"['SaaS', 'LegalTech']",False,False,2025-05-06
founder_1327,Matthew Ward,clifford27@example.com,https://linkedin.com/in/amanda31,New York,PhD,MIT,4,Google,"['EdTech', 'HRTech', 'AgriTech']",False,False,2016-03-20
founder_1328,Yolanda Curry,elizabeth34@example.net,https://linkedin.com/in/nealmeagan,Denver,Bachelor's,CMU,20,Apple,['HealthTech'],False,False,2017-02-27
founder_1329,Nancy Evans,chad40@example.org,https://linkedin.com/in/collinspamela,Austin,Bachelor's,Caltech,0,Apple,['CleanTech'],True,False,2018-04-29
founder_1330,Adam Johnson,carrilloeric@example.org,https://linkedin.com/in/felicia05,San Diego,Self-taught,,21,Finance,['PropTech'],True,True,2015-10-11
founder_1331,Charles Garcia,bryantgloria@example.org,https://linkedin.com/in/jaymartin,Nashville,Self-taught,UC Berkeley,1,Amazon,"['HealthTech', 'Cybersecurity']",False,False,2024-07-31
founder_1332,Edward Holmes,lisaburke@example.org,https://linkedin.com/in/michellesutton,Austin,Bootcamp,,21,Finance,"['Cybersecurity', 'EdTech']",False,True,2022-06-10
founder_1333,Lisa Moore,ismith@example.net,https://linkedin.com/in/katrinanorris,Miami,Master's,Stanford,20,Google,"['InsurTech', 'Cybersecurity', 'SaaS']",False,True,2017-05-11
founder_1334,Jaime Howard,elizabeth05@example.net,https://linkedin.com/in/kirbytravis,San Francisco,PhD,,25,Facebook,"['AgriTech', 'FoodTech']",False,False,2022-03-04
founder_1335,Danielle Bass,elizabeth78@example.com,https://linkedin.com/in/florescrystal,Philadelphia,Bootcamp,CMU,16,Google,"['FinTech', 'IoT']",False,False,2020-05-04
founder_1336,Ashley Pennington,angela32@example.com,https://linkedin.com/in/marymeyers,Dallas,Master's,Harvard,6,Apple,"['IoT', 'SaaS', 'AgriTech']",True,False,2019-06-03
founder_1337,Matthew Steele,henrychapman@example.org,https://linkedin.com/in/juliewilson,Miami,Self-taught,,13,Startup,['FoodTech'],False,False,2024-01-25
founder_1338,Jack Duncan,scott30@example.org,https://linkedin.com/in/sonia71,San Francisco,Bootcamp,MIT,25,Startup,"['EdTech', 'AI/ML']",False,True,2017-04-21
founder_1339,Virginia Bailey,nicholaskeith@example.net,https://linkedin.com/in/kimberly79,Los Angeles,Bootcamp,Caltech,12,Microsoft,"['Cybersecurity', 'InsurTech', 'Blockchain']",False,False,2025-05-07
founder_1340,Vanessa Allen,garciamaria@example.com,https://linkedin.com/in/rtorres,New York,Self-taught,,13,Amazon,"['MarTech', 'AI/ML']",False,False,2022-09-04
founder_1341,Jason Hodges,nataliegraves@example.net,https://linkedin.com/in/joshuawilson,Nashville,Bachelor's,,15,Apple,"['LegalTech', 'HealthTech']",True,False,2023-12-20
founder_1342,Kylie Jones,wagnerbruce@example.com,https://linkedin.com/in/xcannon,New York,Self-taught,,18,Finance,"['MarTech', 'AgriTech']",False,False,2015-06-09
founder_1343,Erica Castillo,wilsoneduardo@example.org,https://linkedin.com/in/nelsonernest,Miami,Master's,Stanford,14,Amazon,"['SaaS', 'AI/ML', 'FinTech']",True,True,2018-01-06
founder_1344,Deborah Hawkins,nathaniel09@example.org,https://linkedin.com/in/qmason,Phoenix,Self-taught,,15,Google,"['AI/ML', 'E-commerce', 'MarTech']",False,False,2025-02-04
founder_1345,Jacqueline Arnold,dwilliams@example.net,https://linkedin.com/in/robert38,Miami,PhD,,9,Consulting,['FinTech'],False,False,2016-03-06
founder_1346,Yvonne Pena,srobinson@example.net,https://linkedin.com/in/tamiriddle,New York,Self-taught,,3,Tesla,['PropTech'],False,False,2019-06-30
founder_1347,Miguel Watson,brett95@example.com,https://linkedin.com/in/ubarnes,New York,Master's,Stanford,8,Startup,"['MarTech', 'SaaS', 'CleanTech']",True,False,2019-06-06
founder_1348,James Hardy,kelly27@example.net,https://linkedin.com/in/jessica06,Dallas,Self-taught,,11,Amazon,['EdTech'],True,False,2024-01-22
founder_1349,Mr. Ryan Bailey,isantiago@example.org,https://linkedin.com/in/gregory51,Nashville,PhD,,20,Tesla,['IoT'],True,True,2021-07-03
founder_1350,Nathan Wilson,janice58@example.com,https://linkedin.com/in/mcbridetara,Miami,Self-taught,MIT,24,Consulting,"['IoT', 'AgriTech', 'CleanTech']",False,False,2017-12-07
founder_1351,Barbara Avila,yalexander@example.org,https://linkedin.com/in/luke11,Chicago,Master's,MIT,17,Tesla,"['CleanTech', 'AI/ML', 'PropTech']",False,False,2021-11-28
founder_1352,Aaron Benitez,samuel15@example.net,https://linkedin.com/in/maciasjohn,New York,Self-taught,,1,Tesla,"['CleanTech', 'AgriTech']",False,False,2020-08-17
founder_1353,Brooke Washington,norristina@example.com,https://linkedin.com/in/evansdavid,Denver,Bootcamp,CMU,13,Consulting,"['Gaming', 'CleanTech']",False,False,2019-10-22
founder_1354,Alicia Tate,stephenhall@example.com,https://linkedin.com/in/ellisjonathan,Seattle,Bootcamp,CMU,11,Microsoft,"['IoT', 'AgriTech', 'Cybersecurity']",True,False,2022-10-21
founder_1355,Lawrence Zavala,vlong@example.net,https://linkedin.com/in/hnorris,San Francisco,Self-taught,MIT,0,Facebook,['LegalTech'],False,False,2019-08-17
founder_1356,Dwayne Jordan,vanessarichard@example.net,https://linkedin.com/in/uwheeler,Los Angeles,Master's,MIT,18,Consulting,"['MarTech', 'PropTech']",True,False,2020-03-24
founder_1357,Michael Obrien,murrayraymond@example.com,https://linkedin.com/in/daniel68,New York,PhD,Caltech,2,Finance,"['Blockchain', 'MarTech', 'InsurTech']",False,True,2015-09-30
founder_1358,Laura Reid,dcollins@example.net,https://linkedin.com/in/karen35,Boston,Master's,CMU,3,Amazon,"['LegalTech', 'IoT', 'Cybersecurity']",False,False,2022-04-17
founder_1359,Jacqueline Gonzalez,steinlisa@example.org,https://linkedin.com/in/ksanchez,Austin,Bachelor's,CMU,3,Microsoft,"['HealthTech', 'Cybersecurity']",True,False,2015-10-28
founder_1360,Adam Dixon,pcisneros@example.com,https://linkedin.com/in/ryan75,Austin,PhD,Harvard,11,Apple,"['AI/ML', 'FoodTech', 'AgriTech']",False,False,2025-04-30
founder_1361,Amber Alvarado,dboyd@example.com,https://linkedin.com/in/travis98,Denver,Bachelor's,Harvard,15,Amazon,"['Cybersecurity', 'Gaming', 'AI/ML']",False,False,2016-05-19
founder_1362,Jessica York,alejandramartinez@example.com,https://linkedin.com/in/xwilson,San Diego,Master's,Harvard,24,Finance,"['E-commerce', 'LegalTech']",True,False,2021-07-29
founder_1363,Michelle Sanchez,levidavidson@example.net,https://linkedin.com/in/ejohnson,Chicago,Self-taught,Harvard,13,Apple,"['AI/ML', 'FinTech', 'Cybersecurity']",True,False,2021-12-02
founder_1364,Veronica Williamson,dana42@example.org,https://linkedin.com/in/johnsonrobin,Philadelphia,Master's,Harvard,18,Consulting,['AI/ML'],False,False,2021-02-20
founder_1365,Chris Turner,martinchristopher@example.com,https://linkedin.com/in/jacquelinesims,Philadelphia,PhD,,19,Amazon,['FoodTech'],True,False,2017-03-03
founder_1366,Whitney Garcia,greg91@example.org,https://linkedin.com/in/leblanckevin,Chicago,Bachelor's,,4,Facebook,['FoodTech'],False,True,2017-04-22
founder_1367,Sean Esparza,hodgespatrick@example.org,https://linkedin.com/in/laurengreen,Miami,PhD,UC Berkeley,23,Apple,['InsurTech'],False,False,2020-06-06
founder_1368,Jessica Evans,christinaramos@example.com,https://linkedin.com/in/michaelconley,Portland,Bachelor's,Harvard,22,Google,"['AgriTech', 'PropTech', 'FoodTech']",True,False,2020-07-13
founder_1369,David Morris,john95@example.org,https://linkedin.com/in/johnsonhector,Philadelphia,Self-taught,Stanford,17,Finance,['Gaming'],True,False,2022-01-13
founder_1370,Lance Myers,theresavaughn@example.com,https://linkedin.com/in/nvazquez,New York,Master's,Caltech,13,Microsoft,"['CleanTech', 'InsurTech']",True,False,2020-06-08
founder_1371,Laura Collins,blakecombs@example.com,https://linkedin.com/in/xpierce,Chicago,Bootcamp,Stanford,25,Amazon,"['InsurTech', 'MarTech', 'FoodTech']",True,False,2017-11-06
founder_1372,James Tucker,jeremyhall@example.com,https://linkedin.com/in/laceylee,Dallas,Bachelor's,MIT,23,Apple,"['LegalTech', 'FoodTech']",False,False,2021-03-05
founder_1373,Stephanie Martinez,wilsonwilliam@example.com,https://linkedin.com/in/stephaniekent,Seattle,Bootcamp,CMU,7,Apple,"['HRTech', 'FoodTech']",False,True,2017-06-10
founder_1374,Jason Zhang,ogonzalez@example.net,https://linkedin.com/in/zparks,Atlanta,Self-taught,MIT,2,Finance,['E-commerce'],True,False,2017-10-18
founder_1375,Laura Lee,maymichelle@example.com,https://linkedin.com/in/dyoung,Phoenix,PhD,,18,Microsoft,"['FoodTech', 'MarTech']",True,False,2021-10-03
founder_1376,Benjamin Howard,georgeangela@example.org,https://linkedin.com/in/bprice,Austin,Bootcamp,CMU,19,Startup,['CleanTech'],False,False,2020-01-21
founder_1377,James Peters,lozanoelizabeth@example.org,https://linkedin.com/in/salazarkeith,Atlanta,PhD,CMU,12,Facebook,['PropTech'],False,False,2018-10-30
founder_1378,Natalie Woods,egreen@example.net,https://linkedin.com/in/nbailey,Washington DC,Bachelor's,CMU,5,Facebook,"['AgriTech', 'SaaS']",True,False,2022-03-24
founder_1379,Gregory Scott,corey66@example.com,https://linkedin.com/in/rbrown,Phoenix,Self-taught,,23,Consulting,"['AgriTech', 'InsurTech']",False,False,2024-01-12
founder_1380,Gloria Schultz,wkim@example.net,https://linkedin.com/in/laurenweber,San Diego,Bootcamp,MIT,11,Microsoft,['InsurTech'],False,False,2020-04-24
founder_1381,Brad Bonilla,rcunningham@example.com,https://linkedin.com/in/cliffordsmith,Portland,Bachelor's,Harvard,23,Amazon,"['IoT', 'FoodTech', 'E-commerce']",True,False,2019-11-15
founder_1382,Anthony Brown,jasmin81@example.org,https://linkedin.com/in/joseph15,Chicago,Bachelor's,UC Berkeley,2,Google,['E-commerce'],True,True,2023-06-15
founder_1383,Courtney Randall,tspence@example.com,https://linkedin.com/in/kirkmoore,Seattle,PhD,Caltech,20,Startup,['FinTech'],False,False,2017-03-17
founder_1384,Michael Peck,msmith@example.com,https://linkedin.com/in/vfletcher,New York,Bachelor's,,19,Microsoft,['Gaming'],True,False,2020-04-24
founder_1385,David Olson,bconner@example.net,https://linkedin.com/in/ngarza,Portland,Bachelor's,Harvard,18,Startup,"['InsurTech', 'FinTech', 'PropTech']",True,False,2021-01-11
founder_1386,Lori Hernandez,williamsantiago@example.com,https://linkedin.com/in/pittmanerin,Philadelphia,Master's,,17,Facebook,"['EdTech', 'Blockchain', 'AI/ML']",False,False,2023-01-02
founder_1387,Elizabeth Hill,popejerry@example.com,https://linkedin.com/in/uwilson,Dallas,Bootcamp,CMU,10,Consulting,"['HealthTech', 'Blockchain']",True,False,2023-03-18
founder_1388,Cynthia Lucero,timothy00@example.org,https://linkedin.com/in/owatson,Nashville,Self-taught,,1,Facebook,"['Blockchain', 'EdTech']",True,False,2020-05-31
founder_1389,Karen King,williamsteresa@example.net,https://linkedin.com/in/shortjames,Los Angeles,PhD,Stanford,19,Google,"['HRTech', 'IoT']",True,False,2019-12-13
founder_1390,Anne Marshall,spencerpedro@example.org,https://linkedin.com/in/danamaldonado,Miami,Self-taught,Harvard,17,Microsoft,['Cybersecurity'],True,False,2019-10-08
founder_1391,Theresa Williams,deanna38@example.org,https://linkedin.com/in/uchambers,New York,Master's,,10,Apple,"['HealthTech', 'MarTech']",True,False,2025-04-09
founder_1392,Anthony Burke,barrondean@example.com,https://linkedin.com/in/johnsonchristopher,Philadelphia,Bachelor's,Stanford,20,Google,"['IoT', 'MarTech']",True,False,2021-06-06
founder_1393,Catherine Jones,eugene60@example.org,https://linkedin.com/in/allisonshelton,Los Angeles,Self-taught,,21,Startup,['EdTech'],False,False,2022-10-01
founder_1394,David Finley,jason21@example.net,https://linkedin.com/in/courtney04,Seattle,Self-taught,UC Berkeley,0,Amazon,"['HRTech', 'Gaming', 'FoodTech']",True,False,2021-09-10
founder_1395,Christopher Ortiz,iyoung@example.com,https://linkedin.com/in/knappjohn,New York,Bachelor's,,12,Startup,"['SaaS', 'AgriTech']",True,False,2021-01-02
founder_1396,Katherine Ross,ostephens@example.net,https://linkedin.com/in/michaelgarcia,Dallas,PhD,Caltech,25,Amazon,"['InsurTech', 'IoT', 'HealthTech']",False,True,2018-10-10
founder_1397,Joseph Cox,annemartinez@example.net,https://linkedin.com/in/brandonbauer,Chicago,Master's,,12,Tesla,"['SaaS', 'Gaming']",True,False,2024-02-15
founder_1398,David Reyes,colemegan@example.org,https://linkedin.com/in/heatherlarson,San Francisco,PhD,UC Berkeley,17,Microsoft,"['HRTech', 'FoodTech']",True,False,2017-06-29
founder_1399,James Bates,vincentsmith@example.org,https://linkedin.com/in/stephanie69,Atlanta,PhD,CMU,10,Facebook,"['HealthTech', 'IoT']",False,False,2025-02-23
founder_1400,Andrew Simmons,justinperez@example.org,https://linkedin.com/in/eunderwood,San Diego,Bachelor's,Caltech,12,Facebook,"['E-commerce', 'InsurTech']",True,False,2022-04-30
founder_1401,Jessica Sanders,jenniferbrown@example.net,https://linkedin.com/in/brittany73,Los Angeles,Bachelor's,MIT,9,Apple,"['InsurTech', 'AI/ML', 'E-commerce']",True,True,2018-04-17
founder_1402,Susan Riley,david43@example.org,https://linkedin.com/in/robleskyle,Philadelphia,Bachelor's,,4,Apple,"['AI/ML', 'HealthTech']",False,False,2025-01-01
founder_1403,Amy Davis,kevinbrown@example.org,https://linkedin.com/in/johnsonryan,Atlanta,Master's,Stanford,19,Startup,"['InsurTech', 'LegalTech']",False,False,2017-01-03
founder_1404,Justin Walls,roachtina@example.net,https://linkedin.com/in/yreynolds,San Francisco,Bootcamp,Other,20,Facebook,"['HRTech', 'AgriTech']",True,True,2024-01-04
founder_1405,Robert Schwartz,katie19@example.org,https://linkedin.com/in/benjaminmacdonald,Washington DC,Self-taught,,23,Apple,"['IoT', 'MarTech', 'Blockchain']",True,False,2021-08-09
founder_1406,Holly James,jessicagardner@example.org,https://linkedin.com/in/thompsonsara,Boston,Bachelor's,Other,15,Startup,"['EdTech', 'E-commerce']",False,False,2017-11-16
founder_1407,Christina Garza,erica03@example.net,https://linkedin.com/in/xbrooks,Los Angeles,Master's,Harvard,12,Consulting,"['IoT', 'LegalTech', 'FinTech']",True,True,2021-11-06
founder_1408,Matthew George,jennifervazquez@example.net,https://linkedin.com/in/rjames,Nashville,Bootcamp,,24,Startup,['HRTech'],False,True,2023-03-11
founder_1409,Timothy Hernandez,stephen01@example.net,https://linkedin.com/in/ftaylor,Phoenix,PhD,Stanford,5,Apple,"['MarTech', 'Cybersecurity', 'HRTech']",True,False,2020-05-08
founder_1410,Rachel Mendoza,booneelizabeth@example.net,https://linkedin.com/in/evansisaiah,Denver,PhD,UC Berkeley,7,Startup,['LegalTech'],False,True,2020-01-11
founder_1411,Erin Myers,enash@example.com,https://linkedin.com/in/clarkanna,Miami,PhD,Caltech,17,Consulting,"['Blockchain', 'AgriTech']",True,False,2019-09-28
founder_1412,Elizabeth Roberts,stanleyjason@example.com,https://linkedin.com/in/parmstrong,Miami,Bachelor's,,2,Apple,"['AI/ML', 'FoodTech', 'HealthTech']",False,False,2021-04-24
founder_1413,Miss Katelyn Lawrence DDS,lhall@example.org,https://linkedin.com/in/triddle,Seattle,PhD,Harvard,12,Amazon,"['IoT', 'InsurTech', 'AI/ML']",True,False,2021-05-15
founder_1414,Joanna James,perryjoshua@example.org,https://linkedin.com/in/bbell,Atlanta,Master's,MIT,25,Amazon,"['Cybersecurity', 'InsurTech']",True,False,2024-01-11
founder_1415,Sydney Phelps,marciavincent@example.net,https://linkedin.com/in/christopherjohnson,Seattle,Self-taught,,4,Startup,['Blockchain'],False,False,2024-04-14
founder_1416,Ronald King,nlee@example.org,https://linkedin.com/in/phillipsmatthew,Philadelphia,Self-taught,Caltech,17,Tesla,['IoT'],True,True,2022-02-15
founder_1417,John Taylor,brownlori@example.com,https://linkedin.com/in/shahsierra,Boston,PhD,UC Berkeley,6,Google,"['Cybersecurity', 'EdTech']",True,False,2024-02-19
founder_1418,Mark Burgess,jodi00@example.org,https://linkedin.com/in/sharonmiller,San Diego,Bachelor's,,8,Microsoft,"['Gaming', 'CleanTech', 'MarTech']",False,False,2020-09-02
founder_1419,Alyssa Smith,eburgess@example.org,https://linkedin.com/in/ccox,Miami,Self-taught,UC Berkeley,11,Google,"['E-commerce', 'PropTech']",True,True,2018-03-31
founder_1420,Manuel Olson,pughkimberly@example.com,https://linkedin.com/in/suerobertson,Boston,PhD,,13,Consulting,"['Blockchain', 'CleanTech']",True,True,2017-12-28
founder_1421,April Clarke,qsmith@example.net,https://linkedin.com/in/brendasims,Phoenix,Bachelor's,,9,Startup,"['HRTech', 'InsurTech', 'FinTech']",True,False,2019-04-18
founder_1422,Samuel Jones,shannon78@example.net,https://linkedin.com/in/nmorse,New York,Self-taught,,9,Consulting,"['LegalTech', 'EdTech', 'HRTech']",True,False,2019-04-23
founder_1423,Brian Walker,joshuamurray@example.org,https://linkedin.com/in/debbievargas,Phoenix,PhD,Stanford,24,Apple,['CleanTech'],True,False,2016-07-07
founder_1424,Christina Davis,abush@example.net,https://linkedin.com/in/stephen67,San Diego,PhD,,3,Startup,"['EdTech', 'SaaS']",True,True,2020-05-02
founder_1425,Samantha Russell,stevengates@example.com,https://linkedin.com/in/dlandry,Atlanta,Bootcamp,MIT,24,Facebook,['MarTech'],False,False,2022-05-28
founder_1426,Ryan Jones,umorrow@example.com,https://linkedin.com/in/nicole85,Portland,Master's,Other,14,Consulting,['FoodTech'],False,False,2020-06-01
founder_1427,Jennifer Woods,nixonsheena@example.com,https://linkedin.com/in/valeriecarter,Dallas,Bachelor's,Stanford,17,Startup,"['EdTech', 'Blockchain', 'Gaming']",False,False,2016-09-06
founder_1428,Mrs. Vanessa Scott,joymartinez@example.net,https://linkedin.com/in/briannaestrada,Miami,Bootcamp,Caltech,13,Google,"['Gaming', 'PropTech']",True,True,2023-04-18
founder_1429,Jessica Hamilton,ahunter@example.com,https://linkedin.com/in/hodebra,Miami,PhD,MIT,23,Microsoft,['LegalTech'],True,False,2017-03-14
founder_1430,Dakota Conner,marcusaustin@example.org,https://linkedin.com/in/igardner,Phoenix,Self-taught,Stanford,8,Facebook,"['AgriTech', 'EdTech']",False,True,2023-06-08
founder_1431,Michael Stuart,briannadean@example.net,https://linkedin.com/in/brownlauren,Boston,Master's,,15,Apple,"['Blockchain', 'HRTech', 'SaaS']",True,False,2017-06-20
founder_1432,Gregory Ramirez,arnoldshawn@example.org,https://linkedin.com/in/westrebecca,Philadelphia,Self-taught,MIT,13,Startup,"['FoodTech', 'MarTech']",True,False,2018-05-01
founder_1433,Patricia Roman,margaretmcdonald@example.com,https://linkedin.com/in/danieljuarez,Atlanta,Bachelor's,Caltech,3,Google,"['Cybersecurity', 'CleanTech', 'HRTech']",True,False,2020-06-01
founder_1434,Madeline Ramirez,amber90@example.org,https://linkedin.com/in/emilycook,Boston,PhD,Harvard,15,Google,"['MarTech', 'E-commerce']",True,False,2017-04-21
founder_1435,Paige Morris,lozanoclarence@example.com,https://linkedin.com/in/qdouglas,Atlanta,Master's,CMU,23,Finance,"['HRTech', 'E-commerce', 'SaaS']",True,False,2021-10-10
founder_1436,Christie Clements,hickmanjill@example.net,https://linkedin.com/in/michelle64,Boston,Bootcamp,Harvard,19,Microsoft,"['IoT', 'MarTech']",True,False,2017-06-01
founder_1437,Michele Werner,idavenport@example.org,https://linkedin.com/in/michael10,Atlanta,Self-taught,UC Berkeley,5,Apple,['MarTech'],True,False,2023-08-12
founder_1438,Carolyn Cruz,igallegos@example.net,https://linkedin.com/in/marybryant,Denver,PhD,,18,Consulting,"['CleanTech', 'FoodTech']",False,False,2018-12-17
founder_1439,Michael Ford,xmcclain@example.org,https://linkedin.com/in/cserrano,Washington DC,Self-taught,,25,Finance,"['AgriTech', 'HRTech']",True,False,2022-08-28
founder_1440,Jason Martin,fernandezdonna@example.org,https://linkedin.com/in/eric60,Denver,Bootcamp,Other,5,Microsoft,"['FinTech', 'AgriTech', 'EdTech']",True,True,2020-10-25
founder_1441,Jason Ayers,paulchristopher@example.com,https://linkedin.com/in/katrina72,Atlanta,Self-taught,Harvard,0,Finance,['SaaS'],True,False,2023-07-09
founder_1442,Dylan Proctor,laurapeterson@example.net,https://linkedin.com/in/michaellove,Boston,Bootcamp,Other,23,Apple,['MarTech'],False,False,2023-07-15
founder_1443,Lisa Flores,brandonhenderson@example.org,https://linkedin.com/in/johnsonchristopher,San Diego,Self-taught,UC Berkeley,3,Microsoft,['Cybersecurity'],True,False,2017-07-20
founder_1444,Beth Gomez,darius22@example.net,https://linkedin.com/in/james05,San Francisco,Master's,UC Berkeley,0,Facebook,"['PropTech', 'CleanTech']",False,False,2023-04-15
founder_1445,Peter Walls,brittany02@example.net,https://linkedin.com/in/gedwards,Chicago,Self-taught,CMU,18,Tesla,['IoT'],True,False,2017-09-03
founder_1446,Jeffrey Ashley,iknapp@example.org,https://linkedin.com/in/debravincent,San Diego,Self-taught,Harvard,24,Facebook,"['AI/ML', 'E-commerce']",False,False,2025-02-25
founder_1447,Monique Harris,bryanpatton@example.net,https://linkedin.com/in/edwardslinda,Los Angeles,Bootcamp,Harvard,15,Startup,['AgriTech'],False,False,2020-08-28
founder_1448,Robert Sims,agarcia@example.org,https://linkedin.com/in/lunamichelle,Miami,Bachelor's,Harvard,8,Tesla,"['Cybersecurity', 'CleanTech', 'Blockchain']",False,False,2020-12-10
founder_1449,William Lee,michael66@example.net,https://linkedin.com/in/markescobar,New York,Master's,,1,Microsoft,['PropTech'],False,True,2016-09-14
founder_1450,Sandra Thompson,leonmichelle@example.com,https://linkedin.com/in/savannah68,New York,Master's,Stanford,16,Consulting,"['PropTech', 'IoT']",False,False,2020-03-02
founder_1451,Craig Cook,jcross@example.net,https://linkedin.com/in/dbell,Seattle,PhD,,1,Startup,['PropTech'],False,False,2016-09-18
founder_1452,Mrs. Melanie Gilbert MD,vhowe@example.net,https://linkedin.com/in/rodriguezstacy,Seattle,PhD,,16,Startup,"['PropTech', 'E-commerce', 'MarTech']",True,False,2022-01-01
founder_1453,Roger Powers,eritter@example.net,https://linkedin.com/in/marymoore,Chicago,Bachelor's,CMU,16,Finance,"['AI/ML', 'Blockchain', 'EdTech']",True,False,2020-06-22
founder_1454,Michelle Moore,thompsonmelissa@example.org,https://linkedin.com/in/marissa76,Phoenix,Bootcamp,,21,Microsoft,['CleanTech'],False,False,2016-09-24
founder_1455,Bonnie Phillips,ibell@example.net,https://linkedin.com/in/mbrown,Denver,Master's,Caltech,7,Startup,['IoT'],True,False,2016-04-27
founder_1456,Michael Lee,alexandrawilson@example.org,https://linkedin.com/in/jhart,Denver,Bachelor's,Other,19,Amazon,"['AI/ML', 'HealthTech', 'SaaS']",True,True,2021-01-30
founder_1457,Amanda Dominguez,cwright@example.com,https://linkedin.com/in/amelton,Seattle,Bootcamp,Caltech,9,Amazon,"['InsurTech', 'FoodTech', 'HRTech']",True,True,2017-09-27
founder_1458,Ruth Mitchell,dfry@example.com,https://linkedin.com/in/cisnerostimothy,San Diego,Bootcamp,,8,Google,"['AI/ML', 'IoT']",False,False,2018-04-14
founder_1459,Tyrone Higgins,timothy63@example.com,https://linkedin.com/in/ahicks,Los Angeles,Master's,Caltech,13,Finance,"['SaaS', 'AgriTech', 'FinTech']",False,False,2017-10-08
founder_1460,Kayla Adams,pwood@example.com,https://linkedin.com/in/halegina,Miami,Bachelor's,,6,Facebook,['IoT'],True,True,2022-01-29
founder_1461,Karen Schmidt,caitlin74@example.net,https://linkedin.com/in/tonyleon,Seattle,Master's,CMU,2,Facebook,['FoodTech'],False,False,2020-10-27
founder_1462,Sheryl Cortez,michaelmeyers@example.net,https://linkedin.com/in/kcox,Denver,Bootcamp,UC Berkeley,14,Microsoft,"['HRTech', 'HealthTech', 'Blockchain']",True,False,2022-10-12
founder_1463,Barry Ferguson,susan01@example.net,https://linkedin.com/in/honeal,Boston,Master's,Stanford,18,Amazon,"['Blockchain', 'Gaming']",True,False,2023-05-01
founder_1464,Kathryn Brown,bboyd@example.com,https://linkedin.com/in/martinezsean,Phoenix,Self-taught,CMU,23,Consulting,"['Gaming', 'Cybersecurity']",True,False,2019-07-24
founder_1465,Kayla Gardner,randerson@example.org,https://linkedin.com/in/murraymarisa,Chicago,Bootcamp,,10,Google,"['E-commerce', 'HealthTech', 'Gaming']",False,False,2018-08-11
founder_1466,Sean Stone,jmarshall@example.net,https://linkedin.com/in/bdeleon,Washington DC,Master's,CMU,16,Tesla,"['AI/ML', 'SaaS', 'PropTech']",True,True,2016-11-03
founder_1467,Ms. Donna Dawson,luisdavis@example.org,https://linkedin.com/in/gravesdavid,Chicago,Bachelor's,CMU,23,Google,['E-commerce'],False,False,2021-05-27
founder_1468,James Morgan,ricardo27@example.com,https://linkedin.com/in/kimyoung,Denver,Bootcamp,Harvard,18,Consulting,"['CleanTech', 'Blockchain', 'Gaming']",True,False,2021-12-19
founder_1469,Rebecca Howard,sextonjasmine@example.org,https://linkedin.com/in/samuelhood,Atlanta,Master's,Caltech,8,Facebook,['FinTech'],False,False,2017-05-26
founder_1470,John Proctor MD,tony37@example.net,https://linkedin.com/in/bmyers,Nashville,Bachelor's,,25,Finance,"['E-commerce', 'SaaS']",False,False,2017-11-28
founder_1471,Jacob Bruce,ncollins@example.net,https://linkedin.com/in/tsnyder,Dallas,Bachelor's,,11,Tesla,"['AI/ML', 'FinTech', 'HRTech']",False,False,2021-10-26
founder_1472,Denise Mason,sierramorales@example.com,https://linkedin.com/in/denisethompson,Phoenix,Master's,,2,Tesla,"['AgriTech', 'LegalTech', 'FoodTech']",True,False,2022-08-15
founder_1473,Jacob Smith,kimberlymitchell@example.com,https://linkedin.com/in/chavezmelanie,Miami,Bootcamp,UC Berkeley,0,Tesla,['Cybersecurity'],True,True,2022-04-06
founder_1474,Brandon Simon,wadebrenda@example.net,https://linkedin.com/in/wstewart,Seattle,Bootcamp,,21,Consulting,['EdTech'],False,False,2023-05-18
founder_1475,Randy Clark,erich@example.net,https://linkedin.com/in/angel73,Denver,Bachelor's,Harvard,22,Startup,"['InsurTech', 'PropTech', 'E-commerce']",True,True,2019-09-20
founder_1476,Sarah Rodriguez,qescobar@example.org,https://linkedin.com/in/james64,San Diego,Self-taught,,4,Facebook,"['PropTech', 'Blockchain', 'FinTech']",True,False,2017-09-09
founder_1477,Kevin Sharp,castanedajessica@example.net,https://linkedin.com/in/bsantos,San Diego,Master's,Harvard,21,Finance,['E-commerce'],False,False,2023-06-02
founder_1478,Jessica Murphy,aarondurham@example.org,https://linkedin.com/in/christopherallen,Denver,Bootcamp,MIT,16,Google,"['CleanTech', 'Blockchain']",False,False,2019-08-14
founder_1479,Kathy Jones,stuart26@example.com,https://linkedin.com/in/michael85,Miami,Master's,CMU,21,Startup,['AgriTech'],False,False,2019-03-23
founder_1480,Michael Briggs,tinacruz@example.org,https://linkedin.com/in/seth35,Washington DC,PhD,Caltech,22,Finance,"['CleanTech', 'IoT', 'FinTech']",True,False,2017-10-10
founder_1481,Antonio Smith,samuel11@example.net,https://linkedin.com/in/brianmitchell,Austin,Bachelor's,Other,4,Amazon,"['Blockchain', 'Cybersecurity']",False,False,2016-07-10
founder_1482,Ricky Bryant,sara70@example.org,https://linkedin.com/in/amandamoore,Seattle,Bootcamp,MIT,9,Facebook,"['AgriTech', 'FoodTech', 'CleanTech']",True,True,2021-08-28
founder_1483,Christy Allen,greersarah@example.com,https://linkedin.com/in/sperry,Austin,Bootcamp,Stanford,22,Tesla,['CleanTech'],False,False,2019-07-06
founder_1484,Jon Kelley,staceyramos@example.org,https://linkedin.com/in/ssmith,Washington DC,Bootcamp,,11,Google,['MarTech'],False,True,2022-01-20
founder_1485,Denise Davis MD,halleric@example.org,https://linkedin.com/in/msmith,Los Angeles,Self-taught,,1,Startup,['AI/ML'],True,False,2018-07-05
founder_1486,Roy Michael,nicole95@example.net,https://linkedin.com/in/josewhite,Dallas,Self-taught,Other,25,Facebook,"['HRTech', 'InsurTech']",False,True,2025-04-22
founder_1487,Jose Nelson,robert18@example.net,https://linkedin.com/in/whitakerpaul,Philadelphia,Bootcamp,Other,3,Startup,"['HRTech', 'IoT']",True,False,2025-03-02
founder_1488,Fred Perkins,laurashelton@example.org,https://linkedin.com/in/clarkmeghan,Atlanta,Master's,,24,Finance,['IoT'],False,False,2015-12-05
founder_1489,Sarah Hogan,abaker@example.com,https://linkedin.com/in/kmccoy,Austin,PhD,,19,Apple,"['PropTech', 'MarTech', 'InsurTech']",True,False,2021-01-26
founder_1490,Albert Jackson,nhuffman@example.com,https://linkedin.com/in/jlopez,Denver,Bachelor's,,10,Tesla,"['Cybersecurity', 'AgriTech', 'MarTech']",False,False,2024-07-05
founder_1491,Craig Alvarez,xsimpson@example.org,https://linkedin.com/in/marilyngrant,Los Angeles,Bachelor's,,23,Apple,"['HealthTech', 'Cybersecurity', 'Gaming']",True,False,2017-03-06
founder_1492,Jason Caldwell,gibbsamy@example.org,https://linkedin.com/in/freemanjoseph,Washington DC,Bachelor's,UC Berkeley,7,Google,['CleanTech'],True,True,2017-06-19
founder_1493,Elizabeth Branch,newing@example.com,https://linkedin.com/in/rebeccarowe,San Francisco,Master's,Stanford,13,Startup,"['CleanTech', 'LegalTech']",False,False,2023-02-16
founder_1494,Justin Chen,sandra64@example.com,https://linkedin.com/in/lfarley,Philadelphia,PhD,UC Berkeley,19,Google,"['MarTech', 'FinTech', 'CleanTech']",True,True,2021-04-23
founder_1495,Riley Davis,juliapeterson@example.org,https://linkedin.com/in/nicholsjennifer,Austin,Master's,MIT,15,Tesla,['AgriTech'],False,False,2019-05-21
founder_1496,Martin Ryan,isabeltorres@example.net,https://linkedin.com/in/jamesperez,Austin,Master's,,7,Tesla,['InsurTech'],True,False,2024-06-01
founder_1497,Connor Barajas,kschneider@example.org,https://linkedin.com/in/dharrison,Washington DC,Bachelor's,MIT,22,Microsoft,['HRTech'],False,False,2018-06-19
founder_1498,Hannah Zuniga,bonniemitchell@example.org,https://linkedin.com/in/aparker,Atlanta,Master's,Stanford,16,Tesla,['IoT'],True,False,2017-04-02
founder_1499,Melissa Rose,dawsontanya@example.com,https://linkedin.com/in/johnweaver,New York,Bootcamp,MIT,25,Startup,['HRTech'],False,False,2016-05-28
founder_1500,Lindsey Sherman,swhite@example.org,https://linkedin.com/in/nharper,San Francisco,PhD,CMU,12,Startup,['EdTech'],True,True,2020-02-12
founder_1501,Brian Ramirez,james74@example.org,https://linkedin.com/in/johnreilly,Portland,PhD,,8,Consulting,"['FinTech', 'PropTech']",True,False,2020-11-09
founder_1502,Timothy Spencer,hartjimmy@example.com,https://linkedin.com/in/russellbobby,New York,Bootcamp,Harvard,25,Finance,['MarTech'],True,False,2020-01-13
founder_1503,Julie Gutierrez,miathompson@example.org,https://linkedin.com/in/wrogers,San Diego,Self-taught,MIT,21,Consulting,"['CleanTech', 'AI/ML']",False,True,2018-05-29
founder_1504,Paul Rodgers,josewolf@example.com,https://linkedin.com/in/kyledunn,New York,Self-taught,Other,4,Consulting,"['Gaming', 'HealthTech']",False,False,2025-05-24
founder_1505,Anne Dixon,lisamaddox@example.org,https://linkedin.com/in/shellystanley,Miami,PhD,,24,Tesla,"['IoT', 'HRTech', 'AI/ML']",True,False,2023-08-27
founder_1506,Michael Dixon,william40@example.org,https://linkedin.com/in/fphillips,Atlanta,Master's,,19,Tesla,"['LegalTech', 'Blockchain', 'HealthTech']",False,False,2017-09-26
founder_1507,Mrs. Jennifer Roberts,cabrerajames@example.com,https://linkedin.com/in/devinmiller,Atlanta,Bootcamp,Other,18,Tesla,"['Cybersecurity', 'HRTech']",True,False,2016-11-08
founder_1508,Derek Roman,matthew42@example.org,https://linkedin.com/in/johnsoncurtis,Miami,Bachelor's,,12,Tesla,"['HealthTech', 'AgriTech']",False,False,2016-08-24
founder_1509,Edward Wiggins,taylorrussell@example.com,https://linkedin.com/in/schultzmark,Austin,Bachelor's,,11,Facebook,"['LegalTech', 'AgriTech', 'Blockchain']",True,False,2020-03-10
founder_1510,Erica Jones,nicolemonroe@example.net,https://linkedin.com/in/iwilliams,Los Angeles,Self-taught,CMU,12,Amazon,"['CleanTech', 'SaaS', 'FinTech']",False,False,2017-12-26
founder_1511,Amber Meza,kellyhenry@example.com,https://linkedin.com/in/william83,Washington DC,PhD,Other,13,Finance,"['E-commerce', 'LegalTech']",True,False,2015-10-19
founder_1512,Mark Walsh,jsmith@example.com,https://linkedin.com/in/stacey12,New York,Self-taught,Caltech,6,Amazon,"['HealthTech', 'AgriTech', 'IoT']",True,False,2016-05-18
founder_1513,Tracey Richardson,dhumphrey@example.com,https://linkedin.com/in/samanthamanning,Atlanta,Master's,MIT,23,Amazon,"['FoodTech', 'InsurTech', 'CleanTech']",False,False,2024-03-20
founder_1514,Troy King,william44@example.org,https://linkedin.com/in/guzmaneric,Los Angeles,Bachelor's,Caltech,6,Finance,"['IoT', 'E-commerce', 'CleanTech']",True,False,2020-02-14
founder_1515,Richard Weaver,linda13@example.com,https://linkedin.com/in/uware,San Francisco,Self-taught,CMU,7,Google,"['SaaS', 'InsurTech', 'HRTech']",True,False,2022-02-10
founder_1516,Brenda Schwartz,moonanthony@example.org,https://linkedin.com/in/adam53,Miami,PhD,Stanford,8,Startup,['LegalTech'],True,False,2020-10-15
founder_1517,Stacey Kelly,nirwin@example.net,https://linkedin.com/in/calderonmelissa,Portland,Master's,MIT,5,Consulting,['Cybersecurity'],True,False,2016-02-29
founder_1518,Jonathan Bell,lewisjennifer@example.com,https://linkedin.com/in/kfranklin,Atlanta,Bootcamp,,10,Google,['EdTech'],False,True,2018-06-30
founder_1519,Kayla Ross,david23@example.net,https://linkedin.com/in/meganwilliams,Seattle,Bachelor's,Caltech,24,Facebook,['LegalTech'],False,True,2016-11-10
founder_1520,Adam Fuller,danielroth@example.org,https://linkedin.com/in/latoya50,Miami,Bachelor's,,1,Finance,['Blockchain'],True,False,2020-08-13
founder_1521,Amanda Carter,ymoore@example.com,https://linkedin.com/in/stephenbates,Washington DC,Master's,Harvard,7,Apple,"['Blockchain', 'InsurTech']",True,False,2020-01-08
founder_1522,Leonard May,bobbysmith@example.com,https://linkedin.com/in/ayalaanthony,San Diego,Bachelor's,Stanford,10,Finance,['AI/ML'],False,False,2025-01-05
founder_1523,Darren Chavez,pwagner@example.net,https://linkedin.com/in/patricia26,Chicago,Self-taught,,12,Google,['InsurTech'],False,False,2024-08-10
founder_1524,Scott Wells,david75@example.org,https://linkedin.com/in/zthomas,San Diego,Master's,Other,12,Google,"['Cybersecurity', 'Gaming']",False,False,2024-09-11
founder_1525,Peggy Johnson,tara74@example.net,https://linkedin.com/in/peggy55,Philadelphia,Bootcamp,,11,Apple,"['HealthTech', 'FoodTech']",False,False,2018-07-19
founder_1526,Dennis Spencer,vtucker@example.net,https://linkedin.com/in/natalie98,Dallas,Self-taught,Other,17,Startup,"['HealthTech', 'AgriTech']",True,False,2025-05-02
founder_1527,Jason Glover,schwartzjohn@example.org,https://linkedin.com/in/susan20,Austin,Master's,,6,Finance,['FoodTech'],True,False,2015-10-14
founder_1528,Jessica Craig,woodardthomas@example.com,https://linkedin.com/in/riosdavid,Miami,Self-taught,Other,10,Finance,"['HRTech', 'Blockchain']",False,False,2023-02-21
founder_1529,Nancy Carpenter,myoung@example.com,https://linkedin.com/in/alfred63,Philadelphia,Bootcamp,,7,Startup,"['AI/ML', 'SaaS', 'Cybersecurity']",True,False,2015-06-19
founder_1530,Misty Adams,jamesdunn@example.com,https://linkedin.com/in/ewilson,Philadelphia,Bachelor's,UC Berkeley,25,Finance,"['MarTech', 'HRTech']",True,False,2021-01-30
founder_1531,Rhonda Fields,sloankelly@example.net,https://linkedin.com/in/john19,Atlanta,Master's,UC Berkeley,18,Google,['AI/ML'],True,False,2019-07-06
founder_1532,Zachary Smith,hollyfernandez@example.org,https://linkedin.com/in/cabrerastephanie,Miami,Self-taught,,6,Amazon,"['Blockchain', 'MarTech', 'EdTech']",False,False,2024-01-07
founder_1533,Adrienne Anderson,cohendebbie@example.org,https://linkedin.com/in/kimberly79,Phoenix,Bachelor's,Caltech,15,Microsoft,"['Gaming', 'AI/ML']",True,False,2022-08-18
founder_1534,Billy Floyd,johnchavez@example.com,https://linkedin.com/in/michael16,Seattle,Self-taught,Other,13,Google,['InsurTech'],False,False,2019-12-02
founder_1535,Michael King,sabrinathomas@example.org,https://linkedin.com/in/blee,Boston,PhD,Harvard,0,Facebook,"['EdTech', 'InsurTech', 'SaaS']",True,True,2019-12-22
founder_1536,Miguel Nichols,gatesmichael@example.org,https://linkedin.com/in/freemanerin,Portland,Bootcamp,,17,Consulting,"['LegalTech', 'HealthTech']",False,True,2016-03-13
founder_1537,Justin Brewer,abarnes@example.net,https://linkedin.com/in/lindagreen,Nashville,Bootcamp,Harvard,7,Apple,"['FinTech', 'InsurTech', 'EdTech']",True,False,2020-09-29
founder_1538,Allison Baker,dgreen@example.org,https://linkedin.com/in/millerjames,Los Angeles,Self-taught,,19,Microsoft,"['InsurTech', 'FinTech', 'Blockchain']",False,False,2021-02-19
founder_1539,Nicole Hamilton,allen51@example.com,https://linkedin.com/in/bauerkevin,New York,PhD,,17,Apple,['PropTech'],True,True,2020-05-23
founder_1540,Nathan Miller,david13@example.org,https://linkedin.com/in/jeremiah83,Nashville,Bachelor's,,14,Apple,['FinTech'],True,False,2016-07-12
founder_1541,Anthony Gonzalez,robertsalas@example.com,https://linkedin.com/in/blairchad,Portland,Master's,UC Berkeley,3,Apple,"['Gaming', 'Blockchain']",True,False,2022-03-07
founder_1542,Joshua Price,chadsmith@example.org,https://linkedin.com/in/fsanchez,San Francisco,Master's,UC Berkeley,16,Finance,"['FinTech', 'LegalTech']",False,False,2020-02-24
founder_1543,Jennifer Mayer,jessicabaldwin@example.net,https://linkedin.com/in/sarah89,Chicago,Master's,MIT,21,Finance,['HRTech'],False,False,2018-03-06
founder_1544,Brandon Burgess,rbriggs@example.com,https://linkedin.com/in/isaac13,Denver,Self-taught,Other,13,Finance,['InsurTech'],True,False,2016-02-18
founder_1545,Melissa Williams,jpatterson@example.net,https://linkedin.com/in/christopher75,Washington DC,Master's,CMU,1,Google,['Cybersecurity'],True,False,2023-06-04
founder_1546,Kelly Jones,jacqueline34@example.org,https://linkedin.com/in/wharrison,Chicago,Master's,Other,15,Facebook,"['PropTech', 'Gaming']",True,False,2016-10-21
founder_1547,Heather Garner,ashley24@example.com,https://linkedin.com/in/paul78,Los Angeles,Self-taught,UC Berkeley,1,Finance,"['IoT', 'SaaS', 'AgriTech']",True,False,2021-11-27
founder_1548,Pam Macias,christophersimmons@example.org,https://linkedin.com/in/amybutler,Austin,Self-taught,,19,Tesla,"['Cybersecurity', 'FoodTech', 'AI/ML']",False,False,2016-11-12
founder_1549,Shelly Dominguez,fturner@example.com,https://linkedin.com/in/wpatterson,Portland,Master's,Stanford,19,Tesla,"['IoT', 'FinTech', 'MarTech']",True,False,2019-12-27
founder_1550,Cory Rodriguez,logan71@example.net,https://linkedin.com/in/ecox,Philadelphia,PhD,Harvard,15,Amazon,"['InsurTech', 'MarTech']",True,False,2019-08-28
founder_1551,Nicole Williams,boconnell@example.org,https://linkedin.com/in/millermelissa,Miami,Self-taught,MIT,15,Amazon,['InsurTech'],False,False,2023-09-15
founder_1552,Yvonne Martin,changbrian@example.com,https://linkedin.com/in/wochoa,Washington DC,Master's,MIT,21,Amazon,['AgriTech'],False,False,2024-07-19
founder_1553,Michael Gonzalez,gburke@example.org,https://linkedin.com/in/johnstracy,Boston,PhD,Caltech,11,Facebook,"['LegalTech', 'E-commerce']",False,False,2025-03-14
founder_1554,Brittney Harris,huffjoseph@example.net,https://linkedin.com/in/grossjeffrey,Phoenix,Master's,Stanford,14,Consulting,"['InsurTech', 'CleanTech']",True,False,2018-12-13
founder_1555,Kimberly Bryant,maria91@example.net,https://linkedin.com/in/mwilliams,Denver,Master's,Harvard,16,Startup,['CleanTech'],True,True,2017-09-19
founder_1556,Nicole Gallagher,emily79@example.org,https://linkedin.com/in/davidtaylor,San Diego,Self-taught,,4,Startup,['EdTech'],False,False,2022-07-11
founder_1557,Matthew Brady,reedlaura@example.com,https://linkedin.com/in/james84,Los Angeles,Bootcamp,Stanford,7,Startup,"['IoT', 'MarTech']",False,False,2018-08-14
founder_1558,Aaron Farrell,catherine87@example.org,https://linkedin.com/in/gtucker,Boston,Bootcamp,UC Berkeley,12,Amazon,"['MarTech', 'AI/ML']",False,False,2024-12-01
founder_1559,Sharon Carlson,jillian04@example.org,https://linkedin.com/in/crystal32,Los Angeles,Bootcamp,,11,Microsoft,"['FinTech', 'SaaS', 'Cybersecurity']",True,False,2020-11-02
founder_1560,Philip Evans,sarascott@example.org,https://linkedin.com/in/kpena,San Diego,Master's,Harvard,2,Finance,['InsurTech'],False,False,2016-10-23
founder_1561,Nicole Smith,derekvillarreal@example.com,https://linkedin.com/in/aaron35,Washington DC,Master's,UC Berkeley,4,Apple,"['E-commerce', 'HealthTech', 'AI/ML']",True,False,2018-09-12
founder_1562,Michelle Green,jessica10@example.org,https://linkedin.com/in/phood,Los Angeles,Self-taught,UC Berkeley,17,Apple,"['PropTech', 'HRTech']",True,False,2023-10-06
founder_1563,Aaron Mills,trankevin@example.com,https://linkedin.com/in/daviddawson,Washington DC,Self-taught,,4,Startup,"['Gaming', 'FoodTech', 'InsurTech']",True,True,2017-07-19
founder_1564,Julie Dixon,lsanchez@example.org,https://linkedin.com/in/davissonya,Washington DC,Self-taught,Stanford,23,Finance,['HRTech'],False,False,2017-06-30
founder_1565,Corey Mccann,ewade@example.net,https://linkedin.com/in/stevenskelli,Chicago,PhD,Other,13,Amazon,"['Blockchain', 'HealthTech', 'InsurTech']",True,False,2016-09-03
founder_1566,Melissa Brewer,stacywilliams@example.com,https://linkedin.com/in/fernandeztodd,Portland,Self-taught,MIT,1,Google,"['PropTech', 'Cybersecurity', 'HealthTech']",False,False,2023-04-21
founder_1567,Jason Hoffman,lance70@example.net,https://linkedin.com/in/lauraramirez,Miami,Bootcamp,Caltech,1,Facebook,"['CleanTech', 'HealthTech', 'SaaS']",False,True,2021-09-17
founder_1568,Robert Wilson,moorejennifer@example.com,https://linkedin.com/in/sherrybrown,San Francisco,Self-taught,Caltech,8,Consulting,"['MarTech', 'Cybersecurity']",False,False,2019-01-20
founder_1569,Daniel Branch,matthewbrown@example.net,https://linkedin.com/in/rebeccabaker,Washington DC,Bootcamp,MIT,23,Apple,"['E-commerce', 'Cybersecurity', 'Gaming']",False,False,2023-11-29
founder_1570,Brandi Bell,anthonymoran@example.net,https://linkedin.com/in/taguilar,Portland,Bootcamp,Other,3,Finance,"['AgriTech', 'LegalTech']",False,False,2020-09-01
founder_1571,David Costa,angela08@example.com,https://linkedin.com/in/coxjessica,New York,Self-taught,UC Berkeley,24,Apple,['InsurTech'],True,False,2017-05-28
founder_1572,James Lopez,robinphillips@example.org,https://linkedin.com/in/denisebrock,San Diego,Self-taught,Other,24,Apple,"['EdTech', 'Gaming']",False,True,2020-01-04
founder_1573,Dr. John Evans,carriewilson@example.org,https://linkedin.com/in/abrooks,Seattle,Bootcamp,Other,12,Startup,['PropTech'],False,False,2023-03-10
founder_1574,Megan Matthews,brian59@example.net,https://linkedin.com/in/amber81,Nashville,Bootcamp,UC Berkeley,10,Microsoft,"['FoodTech', 'LegalTech']",True,False,2016-08-19
founder_1575,Albert Hensley,mathewserica@example.org,https://linkedin.com/in/youngmelissa,Los Angeles,Self-taught,,15,Microsoft,['AI/ML'],True,True,2024-07-19
founder_1576,Maria Holmes,lgray@example.net,https://linkedin.com/in/monique01,Austin,Bachelor's,Caltech,1,Google,"['FoodTech', 'PropTech']",False,False,2021-10-03
founder_1577,Tyler Chavez,smurphy@example.net,https://linkedin.com/in/fswanson,Boston,Bachelor's,MIT,25,Amazon,['InsurTech'],True,False,2019-10-09
founder_1578,Tommy Chambers,agomez@example.com,https://linkedin.com/in/longtimothy,Philadelphia,PhD,MIT,0,Amazon,"['Cybersecurity', 'FoodTech']",True,True,2018-02-05
founder_1579,Julie Rogers,dlewis@example.net,https://linkedin.com/in/brian89,Portland,Master's,Other,12,Tesla,"['AI/ML', 'FoodTech', 'HealthTech']",False,False,2020-02-02
founder_1580,Kathleen Singleton DDS,karinabanks@example.net,https://linkedin.com/in/paul66,Miami,Bootcamp,,22,Microsoft,"['InsurTech', 'SaaS', 'HealthTech']",True,True,2018-09-05
founder_1581,John Flowers,jeffrey35@example.net,https://linkedin.com/in/john03,Los Angeles,Bachelor's,CMU,25,Consulting,"['E-commerce', 'Gaming']",True,False,2020-08-21
founder_1582,Cody Jordan,hartjeffrey@example.org,https://linkedin.com/in/hectorbishop,Nashville,Self-taught,Caltech,21,Amazon,"['HealthTech', 'Gaming']",True,False,2023-01-12
founder_1583,Michael Becker,ashleycross@example.org,https://linkedin.com/in/charleswalters,San Francisco,Bootcamp,Harvard,3,Microsoft,"['Cybersecurity', 'EdTech']",True,False,2021-07-02
founder_1584,Susan Flores,amyclark@example.com,https://linkedin.com/in/victoria59,Los Angeles,Self-taught,CMU,4,Microsoft,"['PropTech', 'EdTech']",True,True,2018-04-16
founder_1585,Jillian Blankenship,courtneywagner@example.com,https://linkedin.com/in/roblessabrina,Portland,PhD,,16,Apple,['SaaS'],True,False,2017-10-26
founder_1586,Sarah Mclaughlin,hendersonemily@example.net,https://linkedin.com/in/leonkatherine,San Diego,Bachelor's,Caltech,12,Consulting,['HealthTech'],True,False,2021-08-23
founder_1587,Erika Clark,andrewsrebecca@example.com,https://linkedin.com/in/uli,Chicago,Bootcamp,Other,20,Apple,['CleanTech'],False,False,2020-02-26
founder_1588,Mary Young,andersonsherry@example.com,https://linkedin.com/in/katherineleblanc,Miami,Self-taught,CMU,18,Consulting,['CleanTech'],True,False,2023-09-03
founder_1589,Gary Curry,mhale@example.net,https://linkedin.com/in/vrichards,Nashville,Bootcamp,,3,Startup,"['IoT', 'PropTech']",True,False,2017-08-08
founder_1590,Selena Wilson,josepearson@example.com,https://linkedin.com/in/marshalljames,Philadelphia,Self-taught,MIT,18,Amazon,"['Gaming', 'CleanTech']",True,False,2018-08-15
founder_1591,Kimberly Lewis,seancampbell@example.com,https://linkedin.com/in/umontgomery,Washington DC,Master's,,4,Finance,['Gaming'],True,True,2018-07-08
founder_1592,Tiffany Rogers,nicholasburgess@example.org,https://linkedin.com/in/thompsoncandace,Seattle,Bachelor's,Caltech,6,Facebook,"['CleanTech', 'MarTech']",False,True,2015-07-14
founder_1593,Nicholas Sanders,careychristian@example.org,https://linkedin.com/in/shouse,Dallas,Self-taught,Caltech,4,Google,['MarTech'],True,False,2020-01-12
founder_1594,Andrew Turner,madeline48@example.com,https://linkedin.com/in/smithveronica,Washington DC,Self-taught,CMU,23,Google,"['E-commerce', 'HRTech']",True,False,2015-07-24
founder_1595,Terry Guerrero,kristinthomas@example.org,https://linkedin.com/in/walshmartha,Chicago,Bachelor's,UC Berkeley,3,Startup,"['FoodTech', 'HRTech', 'InsurTech']",True,False,2019-01-20
founder_1596,Trevor Nelson,amanda70@example.com,https://linkedin.com/in/ljacobson,San Francisco,Bootcamp,UC Berkeley,17,Apple,"['LegalTech', 'HRTech', 'SaaS']",True,False,2021-11-20
founder_1597,Linda Espinoza,estout@example.net,https://linkedin.com/in/lawrencemartinez,Miami,Bachelor's,Other,23,Facebook,['SaaS'],True,False,2021-12-07
founder_1598,Stanley Hernandez,oshaw@example.com,https://linkedin.com/in/amyhull,Los Angeles,PhD,Harvard,23,Tesla,"['InsurTech', 'AI/ML', 'FoodTech']",True,False,2023-05-22
founder_1599,Steven Martinez,hubbardkelly@example.org,https://linkedin.com/in/stephen82,Dallas,Bachelor's,,12,Startup,['CleanTech'],True,False,2018-02-11
founder_1600,Emma Luna,joneslisa@example.com,https://linkedin.com/in/colonsydney,Miami,PhD,MIT,16,Facebook,['FoodTech'],True,False,2024-01-31
founder_1601,Nichole Pope,anoble@example.com,https://linkedin.com/in/blevinsjames,Chicago,PhD,Other,14,Microsoft,['CleanTech'],False,False,2024-06-26
founder_1602,Robert Henderson,crystaldelacruz@example.com,https://linkedin.com/in/mia46,Nashville,Self-taught,MIT,6,Finance,"['AI/ML', 'Blockchain', 'Cybersecurity']",True,False,2019-05-28
founder_1603,Stephen Goodwin,brandonevans@example.net,https://linkedin.com/in/leslie48,Los Angeles,Self-taught,,24,Apple,"['HealthTech', 'EdTech']",True,False,2016-06-16
founder_1604,Lisa Garcia,philip77@example.net,https://linkedin.com/in/bobbymalone,New York,Self-taught,,20,Facebook,"['Blockchain', 'IoT', 'SaaS']",True,False,2016-09-01
founder_1605,Michael Patton,hillmargaret@example.org,https://linkedin.com/in/patricia53,Philadelphia,Self-taught,MIT,17,Facebook,"['AgriTech', 'FoodTech']",True,False,2021-01-22
founder_1606,Diana Edwards,anne32@example.org,https://linkedin.com/in/mpaul,Portland,Bachelor's,,9,Amazon,['AI/ML'],True,False,2018-08-20
founder_1607,Brian Knox,parsonsrobert@example.net,https://linkedin.com/in/christopher70,Washington DC,Self-taught,,15,Microsoft,"['EdTech', 'AgriTech', 'FinTech']",False,False,2016-07-08
founder_1608,Kenneth Spence,johnlowery@example.org,https://linkedin.com/in/woodsjoshua,Dallas,PhD,Caltech,0,Consulting,['Gaming'],False,False,2024-07-12
founder_1609,Jamie Campbell,hardymichael@example.net,https://linkedin.com/in/carlsonjames,Boston,Bachelor's,Caltech,4,Consulting,"['HealthTech', 'InsurTech', 'EdTech']",True,False,2020-09-30
founder_1610,Wendy Jones,williammartinez@example.com,https://linkedin.com/in/heather23,Phoenix,Master's,Caltech,12,Tesla,['Gaming'],False,True,2017-09-05
founder_1611,Kathleen Adams,summersbradley@example.net,https://linkedin.com/in/estradamarcus,Philadelphia,Bootcamp,CMU,6,Finance,['IoT'],True,False,2024-02-26
founder_1612,Nicholas Rice,millsdaniel@example.org,https://linkedin.com/in/pricetyler,New York,PhD,UC Berkeley,1,Tesla,"['SaaS', 'HRTech']",True,False,2022-02-04
founder_1613,Becky Sullivan,cdavis@example.com,https://linkedin.com/in/christine65,San Diego,Self-taught,MIT,5,Microsoft,"['PropTech', 'Gaming', 'FoodTech']",True,False,2019-08-27
founder_1614,Tim Johnson,richardburton@example.org,https://linkedin.com/in/bcoleman,Philadelphia,Bachelor's,MIT,13,Amazon,['Blockchain'],True,False,2019-04-11
founder_1615,Robert Mays,jamiestewart@example.net,https://linkedin.com/in/erica92,Seattle,Bachelor's,UC Berkeley,17,Tesla,"['AgriTech', 'InsurTech', 'IoT']",True,False,2017-12-19
founder_1616,Ryan Preston,pattersonjennifer@example.net,https://linkedin.com/in/erik19,Washington DC,Master's,Harvard,22,Google,['AI/ML'],False,False,2016-07-21
founder_1617,Thomas Price,bjackson@example.net,https://linkedin.com/in/sanfordbryan,Atlanta,Bachelor's,Other,5,Finance,['MarTech'],True,False,2018-02-24
founder_1618,Tony Vasquez,gsummers@example.org,https://linkedin.com/in/bradweber,Los Angeles,Bootcamp,Stanford,6,Microsoft,"['Blockchain', 'MarTech']",False,False,2021-02-20
founder_1619,Steven Stephens,clarkmelanie@example.net,https://linkedin.com/in/jerry97,Seattle,Bootcamp,,24,Amazon,"['LegalTech', 'SaaS']",False,False,2022-01-18
founder_1620,William Campbell,bensonthomas@example.org,https://linkedin.com/in/larsonethan,Nashville,PhD,,13,Tesla,['E-commerce'],True,False,2019-05-23
founder_1621,Michele Williamson,garciakaren@example.net,https://linkedin.com/in/eddie32,Los Angeles,Bootcamp,,1,Finance,['Gaming'],False,False,2022-01-07
founder_1622,Duane Bennett,kennethhopkins@example.com,https://linkedin.com/in/april67,Seattle,Bachelor's,Other,6,Google,['E-commerce'],False,False,2022-05-18
founder_1623,Barry Shelton,twest@example.com,https://linkedin.com/in/fporter,Phoenix,Master's,,22,Startup,['AgriTech'],True,False,2017-04-21
founder_1624,Donna Kelly,normancody@example.com,https://linkedin.com/in/cjuarez,Denver,PhD,Caltech,22,Google,['InsurTech'],True,True,2016-05-19
founder_1625,Adam Mack,rebecca48@example.com,https://linkedin.com/in/laurasmith,Miami,Self-taught,Harvard,20,Apple,"['HealthTech', 'Gaming', 'IoT']",False,False,2022-07-21
founder_1626,Thomas Giles,leecalvin@example.org,https://linkedin.com/in/kiaraholloway,Atlanta,Bachelor's,Other,1,Tesla,"['IoT', 'InsurTech']",True,False,2024-03-04
founder_1627,Kelly Alvarado,carlos75@example.net,https://linkedin.com/in/theresasanchez,Denver,Bootcamp,,8,Microsoft,['E-commerce'],True,False,2024-09-21
founder_1628,Tonya Martinez,allen02@example.org,https://linkedin.com/in/dunnlisa,Portland,Bootcamp,MIT,25,Apple,"['FinTech', 'MarTech', 'Cybersecurity']",True,False,2016-10-04
founder_1629,Carol Sparks,richardsonkristen@example.net,https://linkedin.com/in/robinfrazier,Miami,Bachelor's,,2,Tesla,"['E-commerce', 'SaaS', 'Gaming']",True,False,2018-06-10
founder_1630,Keith Graham,ethan79@example.com,https://linkedin.com/in/kennethconway,Miami,Bachelor's,Stanford,6,Tesla,['CleanTech'],True,False,2021-11-07
founder_1631,Megan Haynes,angelawall@example.com,https://linkedin.com/in/ywilkins,Boston,Bachelor's,,6,Facebook,['InsurTech'],True,True,2023-06-13
founder_1632,Ryan Diaz,robertsonkatherine@example.org,https://linkedin.com/in/madisoncaldwell,Philadelphia,PhD,UC Berkeley,21,Google,['AI/ML'],False,True,2018-07-19
founder_1633,Mark Palmer,golson@example.org,https://linkedin.com/in/elizabethbailey,Boston,Bootcamp,Harvard,6,Finance,"['AI/ML', 'MarTech']",False,False,2020-11-07
founder_1634,Michelle Lynn,fharrington@example.net,https://linkedin.com/in/laurenbailey,Dallas,PhD,MIT,10,Amazon,"['LegalTech', 'Blockchain']",False,True,2022-04-14
founder_1635,Natalie Vasquez,jwalker@example.net,https://linkedin.com/in/afreeman,Philadelphia,Self-taught,UC Berkeley,1,Microsoft,['E-commerce'],False,False,2019-04-08
founder_1636,Robert Wilson,ericjackson@example.net,https://linkedin.com/in/ablack,Philadelphia,Bachelor's,,17,Tesla,"['SaaS', 'IoT']",True,False,2024-02-29
founder_1637,Jasmine Armstrong,amanda39@example.net,https://linkedin.com/in/esteele,Atlanta,Master's,Stanford,10,Amazon,"['E-commerce', 'Blockchain']",True,True,2019-04-23
founder_1638,Brenda Dennis,ericcochran@example.com,https://linkedin.com/in/hallmatthew,Chicago,PhD,MIT,13,Google,['Gaming'],False,False,2019-07-30
founder_1639,Maria Hall,tortiz@example.net,https://linkedin.com/in/richard85,Chicago,Bootcamp,,20,Startup,"['Cybersecurity', 'CleanTech']",True,False,2024-09-27
founder_1640,Monica Carter,perezlauren@example.com,https://linkedin.com/in/robbinschristopher,Chicago,Bootcamp,Stanford,2,Microsoft,['Cybersecurity'],True,False,2023-10-19
founder_1641,Christopher Colon,snyderwilliam@example.org,https://linkedin.com/in/annemoore,San Francisco,Bachelor's,Other,17,Tesla,"['Cybersecurity', 'HealthTech', 'MarTech']",True,False,2016-12-08
founder_1642,Peter Anderson,tmartin@example.net,https://linkedin.com/in/martinezmonique,Dallas,Bootcamp,Harvard,21,Consulting,"['E-commerce', 'EdTech']",False,False,2017-11-04
founder_1643,Katie Choi,thomaswalsh@example.org,https://linkedin.com/in/wrightmarie,Boston,Bootcamp,Stanford,22,Apple,"['InsurTech', 'EdTech', 'HealthTech']",True,False,2025-03-04
founder_1644,David Hall,vargaseduardo@example.net,https://linkedin.com/in/stevenwilliamson,Philadelphia,Master's,,15,Microsoft,['E-commerce'],True,False,2022-12-19
founder_1645,Vanessa Black,oreeves@example.net,https://linkedin.com/in/amberweber,Dallas,PhD,MIT,7,Facebook,"['IoT', 'E-commerce', 'PropTech']",True,False,2017-03-04
founder_1646,Daniel Mooney,smithanne@example.net,https://linkedin.com/in/john76,Boston,Master's,Stanford,24,Tesla,"['PropTech', 'Gaming']",True,True,2016-11-14
founder_1647,Kenneth Dawson,vancethomas@example.net,https://linkedin.com/in/alejandrorose,Seattle,Master's,,6,Tesla,"['InsurTech', 'Cybersecurity']",False,False,2023-08-20
founder_1648,Steven Thomas,wyattpatrick@example.org,https://linkedin.com/in/kelliecole,Los Angeles,Bootcamp,,11,Amazon,"['HRTech', 'InsurTech', 'LegalTech']",True,False,2016-06-03
founder_1649,Kenneth Lee,brookeenglish@example.net,https://linkedin.com/in/ijohnson,Nashville,PhD,Other,6,Apple,"['SaaS', 'LegalTech', 'Gaming']",True,False,2017-07-01
founder_1650,Jonathan Williams,stephanielynch@example.net,https://linkedin.com/in/zduran,Los Angeles,Self-taught,Stanford,14,Apple,['Gaming'],False,False,2021-06-15
founder_1651,Elizabeth Salazar,larsenmark@example.net,https://linkedin.com/in/jamesharris,Portland,Master's,UC Berkeley,16,Facebook,['AI/ML'],False,True,2017-10-17
founder_1652,Bryce Johnson,rfoster@example.com,https://linkedin.com/in/michaelhartman,Miami,Self-taught,,8,Startup,"['PropTech', 'CleanTech', 'EdTech']",False,False,2024-09-05
founder_1653,Sharon Rodriguez,ashley86@example.org,https://linkedin.com/in/gary36,New York,Self-taught,UC Berkeley,4,Apple,"['SaaS', 'PropTech']",False,False,2022-11-22
founder_1654,Kathryn Douglas,nancymartin@example.org,https://linkedin.com/in/ftodd,Denver,PhD,Caltech,22,Amazon,"['PropTech', 'InsurTech']",True,False,2017-03-25
founder_1655,Mark Simpson,rbennett@example.org,https://linkedin.com/in/bpalmer,Dallas,Master's,Stanford,17,Amazon,"['SaaS', 'FinTech']",True,False,2024-11-24
founder_1656,Holly James,dlivingston@example.com,https://linkedin.com/in/hernandezdavid,Philadelphia,Self-taught,Other,15,Tesla,"['Blockchain', 'FoodTech', 'HealthTech']",True,False,2018-02-05
founder_1657,Laura Bird,ustevenson@example.net,https://linkedin.com/in/ebony32,Miami,Self-taught,,25,Startup,"['FinTech', 'IoT']",True,False,2019-11-26
founder_1658,Kelly Davis,idavis@example.net,https://linkedin.com/in/whitemelvin,San Francisco,PhD,UC Berkeley,7,Microsoft,['SaaS'],True,False,2017-07-11
founder_1659,Krystal Bell,matthewsdaniel@example.org,https://linkedin.com/in/williecole,San Francisco,Bachelor's,,23,Tesla,"['Cybersecurity', 'PropTech']",True,False,2021-09-05
founder_1660,James Moreno,bryanhenderson@example.net,https://linkedin.com/in/scottrichard,Portland,Bachelor's,CMU,9,Google,"['EdTech', 'FinTech', 'Blockchain']",False,False,2018-12-03
founder_1661,Charlene Byrd,leemyers@example.com,https://linkedin.com/in/joseph30,New York,Self-taught,UC Berkeley,16,Amazon,"['FinTech', 'LegalTech', 'Cybersecurity']",False,False,2021-11-18
founder_1662,Laura Estes,lnguyen@example.org,https://linkedin.com/in/edwinjordan,Chicago,Bootcamp,Harvard,14,Google,"['PropTech', 'MarTech']",False,False,2019-05-15
founder_1663,Karen Wagner,collinspaul@example.com,https://linkedin.com/in/aliciagonzalez,Denver,Bootcamp,,12,Finance,"['CleanTech', 'InsurTech', 'SaaS']",True,True,2018-10-13
founder_1664,Logan Cummings,carolsanchez@example.org,https://linkedin.com/in/brian30,San Diego,Bootcamp,,17,Startup,"['Gaming', 'AgriTech']",False,False,2021-10-09
founder_1665,Travis Myers,ywatson@example.org,https://linkedin.com/in/lawsonlisa,Los Angeles,PhD,,21,Consulting,"['LegalTech', 'Blockchain', 'HRTech']",True,False,2018-10-09
founder_1666,Mr. Chris Russell DDS,qromero@example.org,https://linkedin.com/in/vrodriguez,Miami,Self-taught,Caltech,24,Finance,"['AI/ML', 'FinTech']",False,False,2017-05-30
founder_1667,John Franklin,vhicks@example.com,https://linkedin.com/in/forbesphyllis,Austin,Bootcamp,CMU,7,Apple,['FoodTech'],True,False,2020-10-07
founder_1668,Christopher Moreno,david22@example.com,https://linkedin.com/in/yhobbs,Miami,Master's,MIT,24,Startup,['Blockchain'],False,True,2018-05-08
founder_1669,Sara Larson,xsaunders@example.org,https://linkedin.com/in/marybooth,San Diego,Bachelor's,MIT,14,Finance,"['HealthTech', 'FoodTech', 'SaaS']",True,False,2016-08-13
founder_1670,Bridget Ortiz,dorothy77@example.net,https://linkedin.com/in/fred08,Dallas,Master's,CMU,13,Microsoft,"['AI/ML', 'InsurTech']",True,True,2018-05-29
founder_1671,Jennifer Zavala,yolandamiller@example.org,https://linkedin.com/in/mjefferson,Nashville,PhD,,24,Consulting,"['HRTech', 'IoT']",True,False,2022-10-02
founder_1672,Joseph Brown,fordzachary@example.com,https://linkedin.com/in/preese,Atlanta,Master's,,22,Google,['Blockchain'],True,False,2018-11-24
founder_1673,Dr. John Brown MD,tamara37@example.com,https://linkedin.com/in/fbaker,Philadelphia,Bootcamp,MIT,23,Facebook,['LegalTech'],True,False,2025-02-11
founder_1674,Evan Meyers,aestrada@example.com,https://linkedin.com/in/petersondonna,Philadelphia,Self-taught,Caltech,9,Amazon,"['InsurTech', 'HRTech']",True,False,2021-05-25
founder_1675,Jeffrey Schmidt DDS,jrodriguez@example.org,https://linkedin.com/in/pamela97,Seattle,PhD,Other,17,Finance,"['PropTech', 'AgriTech', 'IoT']",True,False,2017-10-13
founder_1676,Leslie Rivera,kimberlymartinez@example.com,https://linkedin.com/in/melissa83,Miami,Bootcamp,,24,Startup,"['LegalTech', 'PropTech']",False,False,2020-02-23
founder_1677,Patricia Mccormick,garzajohn@example.org,https://linkedin.com/in/bakerallison,Washington DC,Bootcamp,UC Berkeley,5,Consulting,"['AgriTech', 'HealthTech', 'AI/ML']",False,False,2022-11-03
founder_1678,Edward Mullen,robert99@example.net,https://linkedin.com/in/anthony30,Atlanta,Bootcamp,MIT,6,Startup,"['AgriTech', 'PropTech', 'CleanTech']",True,True,2017-03-20
founder_1679,Timothy Patterson,joelrichardson@example.com,https://linkedin.com/in/iharrison,San Francisco,Bachelor's,,17,Consulting,"['EdTech', 'MarTech', 'Gaming']",False,True,2017-10-20
founder_1680,Lori Jones,josephkathleen@example.org,https://linkedin.com/in/brandonquinn,Phoenix,Master's,MIT,2,Finance,"['FoodTech', 'LegalTech']",False,False,2025-03-04
founder_1681,Ruben Shannon,alexanderdowns@example.com,https://linkedin.com/in/sharon87,Washington DC,PhD,,13,Finance,"['EdTech', 'IoT']",True,False,2024-08-20
founder_1682,Lisa Sims,katherinewilliams@example.org,https://linkedin.com/in/philipray,Portland,Bachelor's,CMU,2,Startup,"['MarTech', 'Cybersecurity', 'E-commerce']",True,True,2023-05-17
founder_1683,Sabrina Wood,hector78@example.com,https://linkedin.com/in/paigeglass,Phoenix,Master's,Other,19,Apple,['IoT'],True,False,2018-07-12
founder_1684,Juan Brown,gthomas@example.org,https://linkedin.com/in/jenniferwright,Phoenix,PhD,UC Berkeley,24,Tesla,['E-commerce'],True,False,2015-12-12
founder_1685,Joseph Thompson IV,iwright@example.org,https://linkedin.com/in/erica58,Philadelphia,Bootcamp,Other,6,Microsoft,['Cybersecurity'],True,False,2022-01-19
founder_1686,Alicia Harris,travis21@example.net,https://linkedin.com/in/michele73,San Diego,Master's,Stanford,21,Google,['MarTech'],False,True,2021-11-11
founder_1687,Mark Hatfield,kennedycrystal@example.com,https://linkedin.com/in/tomgarcia,Atlanta,Master's,,0,Apple,['AgriTech'],True,False,2025-05-26
founder_1688,James Walker,ypeters@example.net,https://linkedin.com/in/vancemelanie,New York,Bachelor's,Stanford,25,Microsoft,"['FoodTech', 'PropTech']",True,False,2016-12-23
founder_1689,Mason Moore,ahorton@example.com,https://linkedin.com/in/phillip30,Phoenix,Self-taught,MIT,9,Finance,['E-commerce'],True,False,2020-11-06
founder_1690,Bruce Rice,john18@example.com,https://linkedin.com/in/mitchellkimberly,Atlanta,Bootcamp,,25,Facebook,"['HRTech', 'SaaS']",False,False,2021-07-11
founder_1691,Stephanie Smith,davismelissa@example.org,https://linkedin.com/in/vanessatucker,Phoenix,Self-taught,Other,10,Apple,"['MarTech', 'InsurTech']",False,False,2020-07-08
founder_1692,Lisa Clark,carterkimberly@example.org,https://linkedin.com/in/richardrowland,Nashville,PhD,CMU,7,Startup,"['Cybersecurity', 'E-commerce']",True,False,2017-03-26
founder_1693,Nathaniel Chen,owensteresa@example.com,https://linkedin.com/in/skoch,Austin,Bootcamp,,11,Amazon,['IoT'],False,False,2021-09-01
founder_1694,Sarah Campbell,steven08@example.org,https://linkedin.com/in/sally96,Phoenix,PhD,,5,Apple,"['Blockchain', 'SaaS', 'FoodTech']",True,False,2016-08-07
founder_1695,Cynthia Weber,kari96@example.net,https://linkedin.com/in/kmiles,San Diego,Bachelor's,Harvard,17,Google,"['FoodTech', 'Gaming', 'LegalTech']",True,True,2015-09-06
founder_1696,Alicia White,keith60@example.com,https://linkedin.com/in/carlahicks,Dallas,PhD,,7,Startup,"['Blockchain', 'InsurTech']",True,True,2020-01-26
founder_1697,Sandra Wood,michelle61@example.com,https://linkedin.com/in/ffrost,Seattle,Bootcamp,,10,Facebook,"['HRTech', 'CleanTech']",True,False,2023-03-12
founder_1698,Nicole Alvarado,frankjones@example.com,https://linkedin.com/in/zwilliams,Miami,PhD,CMU,10,Google,"['FinTech', 'Cybersecurity']",False,False,2018-01-01
founder_1699,Danielle Russell,elizabethflowers@example.org,https://linkedin.com/in/megan66,Phoenix,Bachelor's,Harvard,5,Google,"['InsurTech', 'HRTech']",False,False,2023-02-28
founder_1700,Mark Thompson,xramirez@example.org,https://linkedin.com/in/pacevedo,Los Angeles,Bachelor's,UC Berkeley,15,Apple,"['HealthTech', 'HRTech']",True,False,2017-03-07
founder_1701,Andrew Martinez,johnsonmichael@example.org,https://linkedin.com/in/matthewpeterson,Seattle,Bootcamp,,19,Microsoft,['PropTech'],True,True,2017-09-29
founder_1702,Amanda Robinson,williamsmichael@example.org,https://linkedin.com/in/mossmary,Phoenix,Bachelor's,CMU,12,Google,['InsurTech'],False,False,2021-07-19
founder_1703,Jesse Bruce,qramos@example.org,https://linkedin.com/in/millerhannah,Boston,Master's,Stanford,0,Consulting,['SaaS'],False,True,2018-01-18
founder_1704,Brittany Pacheco,nicholasskinner@example.com,https://linkedin.com/in/johnsoneric,Los Angeles,Bootcamp,,1,Google,['MarTech'],True,False,2023-04-09
founder_1705,Steven Vasquez PhD,millerkevin@example.com,https://linkedin.com/in/cindycisneros,Philadelphia,PhD,MIT,18,Microsoft,"['E-commerce', 'HealthTech']",True,True,2016-04-15
founder_1706,Morgan Bryant,ymendez@example.org,https://linkedin.com/in/lisagonzalez,Seattle,Bachelor's,UC Berkeley,13,Microsoft,"['PropTech', 'MarTech', 'FoodTech']",True,False,2016-06-18
founder_1707,Jessica Sparks,austinleroy@example.com,https://linkedin.com/in/duncanethan,San Francisco,Bachelor's,,11,Microsoft,['FinTech'],True,False,2020-04-06
founder_1708,Stephanie Collins,jbrown@example.org,https://linkedin.com/in/michaelzimmerman,Boston,Self-taught,Caltech,14,Apple,"['HealthTech', 'AgriTech', 'SaaS']",True,False,2019-06-27
founder_1709,Christopher Tran,blackburncraig@example.org,https://linkedin.com/in/brogers,Portland,Bootcamp,,0,Google,"['FinTech', 'CleanTech', 'LegalTech']",False,False,2017-11-01
founder_1710,Zachary Hunt,fmeadows@example.org,https://linkedin.com/in/kellermax,San Diego,PhD,Caltech,3,Startup,"['CleanTech', 'E-commerce']",True,False,2015-08-11
founder_1711,Natalie Wilson,masonvicki@example.net,https://linkedin.com/in/alex04,Los Angeles,Self-taught,UC Berkeley,10,Apple,['LegalTech'],True,False,2015-09-27
founder_1712,Brandi Love,kathleensmith@example.org,https://linkedin.com/in/paul55,Austin,Bachelor's,,2,Microsoft,['SaaS'],True,True,2025-04-19
founder_1713,Linda Sims,rothshawn@example.net,https://linkedin.com/in/shawngay,Los Angeles,Self-taught,,11,Amazon,"['CleanTech', 'MarTech', 'FoodTech']",False,False,2015-10-13
founder_1714,Juan Davenport,tylerhoover@example.net,https://linkedin.com/in/rfleming,San Diego,Self-taught,,16,Amazon,['HRTech'],True,True,2017-05-25
founder_1715,Savannah Brown,seancooper@example.org,https://linkedin.com/in/carolfry,Dallas,Bootcamp,UC Berkeley,24,Google,"['FinTech', 'EdTech']",True,False,2018-12-17
founder_1716,Katie Riddle,danalopez@example.net,https://linkedin.com/in/wgardner,Phoenix,Bachelor's,Other,5,Amazon,"['Blockchain', 'InsurTech', 'AgriTech']",False,False,2022-05-17
founder_1717,Tammy Newton,robinsonrobert@example.org,https://linkedin.com/in/nphillips,Chicago,Self-taught,Harvard,22,Facebook,"['Cybersecurity', 'CleanTech']",True,False,2019-06-08
founder_1718,Kevin Taylor,mandy13@example.net,https://linkedin.com/in/michaeldavis,Philadelphia,Self-taught,CMU,11,Microsoft,['AI/ML'],True,False,2022-03-15
founder_1719,Bruce White,ewilliams@example.org,https://linkedin.com/in/april04,Washington DC,Master's,Other,9,Microsoft,"['EdTech', 'E-commerce', 'HRTech']",False,False,2017-10-06
founder_1720,John Chavez,yatkins@example.com,https://linkedin.com/in/gibsonjason,Los Angeles,Bachelor's,,24,Startup,['EdTech'],True,False,2022-12-21
founder_1721,Meredith Herrera,susannicholson@example.com,https://linkedin.com/in/greentracy,Seattle,Bootcamp,Caltech,21,Apple,['FoodTech'],True,False,2020-09-20
founder_1722,Chad Kelly,hmoore@example.com,https://linkedin.com/in/dawnross,Philadelphia,PhD,Stanford,3,Startup,"['Gaming', 'PropTech', 'IoT']",False,False,2016-12-10
founder_1723,Jamie Barker,christinesparks@example.net,https://linkedin.com/in/rileyjoel,Boston,PhD,Other,2,Google,['AgriTech'],True,False,2022-12-30
founder_1724,Natasha Velasquez,cookellen@example.org,https://linkedin.com/in/rebecca13,Miami,Self-taught,MIT,7,Microsoft,"['FoodTech', 'EdTech', 'LegalTech']",False,False,2024-05-02
founder_1725,Rebecca Crane,robert20@example.com,https://linkedin.com/in/smoon,Atlanta,Master's,MIT,24,Amazon,"['FinTech', 'PropTech', 'AI/ML']",False,False,2023-01-14
founder_1726,Jesus Boyd,ambergraham@example.com,https://linkedin.com/in/alyssabridges,Atlanta,Bootcamp,,4,Tesla,"['HealthTech', 'InsurTech']",True,False,2018-07-02
founder_1727,Kim Rubio,rachelgross@example.net,https://linkedin.com/in/housealvin,Boston,Self-taught,CMU,9,Consulting,"['Cybersecurity', 'HRTech', 'FoodTech']",True,False,2019-10-26
founder_1728,Christopher Miller,danielskenneth@example.net,https://linkedin.com/in/nestes,Los Angeles,Self-taught,,4,Tesla,"['HealthTech', 'AgriTech', 'AI/ML']",True,False,2024-04-05
founder_1729,Victoria Lee,justinrobinson@example.org,https://linkedin.com/in/jonessarah,San Diego,Bachelor's,UC Berkeley,15,Amazon,['AgriTech'],False,False,2019-04-26
founder_1730,Jaime Ibarra,ashley63@example.com,https://linkedin.com/in/shughes,Chicago,Master's,Caltech,15,Google,"['InsurTech', 'FoodTech', 'Blockchain']",True,False,2020-08-02
founder_1731,Heather Mullins DDS,stephen82@example.net,https://linkedin.com/in/justinjackson,Chicago,Self-taught,CMU,8,Consulting,['PropTech'],False,False,2017-01-03
founder_1732,Andrew Wilson,gbaker@example.com,https://linkedin.com/in/michelle28,Austin,Self-taught,Caltech,6,Startup,"['HealthTech', 'Blockchain']",False,True,2017-05-29
founder_1733,Matthew Sanders,katherineramirez@example.com,https://linkedin.com/in/nhaynes,New York,PhD,Harvard,25,Finance,['EdTech'],False,False,2017-07-02
founder_1734,Jennifer Henderson,christopherbryant@example.com,https://linkedin.com/in/ftanner,Seattle,Self-taught,Other,23,Apple,['FoodTech'],True,False,2018-07-07
founder_1735,Jessica Carlson,jennifer29@example.net,https://linkedin.com/in/abbottjanet,Chicago,Self-taught,,5,Facebook,['Gaming'],True,False,2024-09-16
founder_1736,Alexandra Solis,thomas36@example.net,https://linkedin.com/in/brianray,Los Angeles,Bootcamp,Caltech,18,Startup,['MarTech'],True,False,2016-05-27
founder_1737,Donna Flores,walkercatherine@example.com,https://linkedin.com/in/wongbradley,San Diego,PhD,Stanford,16,Tesla,['PropTech'],True,False,2022-07-15
founder_1738,Caleb Ferrell,ashleymiller@example.com,https://linkedin.com/in/brandon31,San Francisco,Bootcamp,,2,Tesla,"['EdTech', 'CleanTech']",False,False,2018-05-06
founder_1739,Heidi Floyd,natalie42@example.com,https://linkedin.com/in/uwright,Boston,PhD,,14,Finance,"['HRTech', 'HealthTech', 'PropTech']",False,False,2017-03-06
founder_1740,Frank Robinson,teresa01@example.net,https://linkedin.com/in/victoriacurtis,Philadelphia,Bachelor's,UC Berkeley,14,Google,"['Gaming', 'E-commerce', 'MarTech']",False,False,2016-11-04
founder_1741,Dakota Gallagher,brandon74@example.org,https://linkedin.com/in/christophernash,Phoenix,Master's,,6,Microsoft,['EdTech'],True,False,2022-07-26
founder_1742,Steven Grimes,jeanwaters@example.net,https://linkedin.com/in/moralesallison,Miami,Bootcamp,Harvard,24,Tesla,['FinTech'],False,False,2016-09-25
founder_1743,Carrie Davis,beckermatthew@example.net,https://linkedin.com/in/steven79,Boston,Bachelor's,,5,Consulting,"['SaaS', 'IoT', 'AI/ML']",True,False,2019-09-16
founder_1744,Robert Poole,michaelwilson@example.com,https://linkedin.com/in/jamesmcdaniel,Seattle,Bachelor's,CMU,1,Startup,['AgriTech'],True,False,2020-05-09
founder_1745,Nicole Knight,ascott@example.net,https://linkedin.com/in/ilewis,Portland,Bachelor's,,17,Amazon,['Blockchain'],True,False,2018-07-09
founder_1746,Katrina Martinez,pattersonheather@example.net,https://linkedin.com/in/ythompson,New York,Bachelor's,Harvard,6,Consulting,['IoT'],True,False,2016-09-22
founder_1747,Cindy Morris,nwelch@example.net,https://linkedin.com/in/garciatammie,Boston,Bachelor's,Caltech,1,Finance,"['LegalTech', 'E-commerce']",True,False,2023-01-11
founder_1748,Eric Barnes,christine01@example.net,https://linkedin.com/in/qduarte,San Diego,Self-taught,Caltech,18,Finance,"['AI/ML', 'E-commerce', 'PropTech']",False,True,2016-04-19
founder_1749,Randy Chambers,michael11@example.net,https://linkedin.com/in/nwatson,Nashville,Bootcamp,Other,22,Apple,"['AI/ML', 'Cybersecurity']",True,True,2016-07-12
founder_1750,David Aguilar,martin20@example.org,https://linkedin.com/in/griffincaitlin,San Francisco,Master's,Stanford,2,Amazon,"['PropTech', 'FoodTech', 'Cybersecurity']",False,False,2017-03-26
founder_1751,Alexis Malone,henry48@example.com,https://linkedin.com/in/flemingjoseph,Portland,Bachelor's,UC Berkeley,22,Microsoft,"['Cybersecurity', 'FoodTech']",False,True,2017-04-20
founder_1752,Lee Williamson,alexis55@example.org,https://linkedin.com/in/jerome31,Phoenix,Bootcamp,CMU,6,Facebook,"['MarTech', 'LegalTech', 'IoT']",False,True,2021-03-23
founder_1753,Ross Wright,donna65@example.org,https://linkedin.com/in/dgonzalez,Denver,Master's,Stanford,12,Consulting,"['Blockchain', 'SaaS']",True,False,2016-11-26
founder_1754,David Cantu,gary55@example.org,https://linkedin.com/in/stevenallen,Seattle,PhD,,3,Facebook,"['E-commerce', 'Gaming', 'MarTech']",True,False,2020-04-12
founder_1755,Christine Roach,falvarez@example.org,https://linkedin.com/in/mannregina,Denver,Master's,CMU,11,Facebook,"['HealthTech', 'MarTech']",False,False,2021-03-10
founder_1756,Peter Wiggins,michelle42@example.org,https://linkedin.com/in/shelbyrodriguez,Seattle,Master's,Stanford,5,Consulting,['Gaming'],False,False,2023-01-09
founder_1757,Gary Adams,ginawoods@example.org,https://linkedin.com/in/ihaney,San Francisco,Bachelor's,MIT,10,Consulting,['HealthTech'],True,False,2021-01-16
founder_1758,Brian Riddle,jacob34@example.org,https://linkedin.com/in/richard80,Philadelphia,Bootcamp,MIT,10,Microsoft,['IoT'],True,False,2020-07-06
founder_1759,Joseph Barnes,alyssaharrison@example.com,https://linkedin.com/in/christineguzman,Chicago,Bootcamp,MIT,2,Finance,['Gaming'],True,True,2022-07-05
founder_1760,Deanna Hudson,brandyhernandez@example.com,https://linkedin.com/in/moniquelee,Boston,PhD,,21,Startup,['FoodTech'],False,False,2019-01-22
founder_1761,Jeffrey Myers,mariamendoza@example.org,https://linkedin.com/in/alejandrorichard,Miami,Master's,Stanford,13,Google,"['Cybersecurity', 'IoT', 'CleanTech']",True,False,2019-04-25
founder_1762,Mary Hayes,erika40@example.net,https://linkedin.com/in/ellisongarrett,Miami,PhD,MIT,6,Consulting,['PropTech'],True,True,2020-11-23
founder_1763,Donna Marquez,xjones@example.org,https://linkedin.com/in/kingronald,Miami,Self-taught,,0,Amazon,"['EdTech', 'CleanTech']",True,False,2015-10-26
founder_1764,Tracy Bruce,joshua10@example.net,https://linkedin.com/in/brian95,New York,Master's,,3,Microsoft,"['AgriTech', 'FoodTech']",True,False,2016-08-28
founder_1765,Christopher Miller,joshua11@example.org,https://linkedin.com/in/hmartinez,Seattle,PhD,,5,Microsoft,"['InsurTech', 'FinTech', 'AI/ML']",True,False,2024-01-23
founder_1766,Mark Anderson,qlewis@example.org,https://linkedin.com/in/sandovalrobert,Austin,Self-taught,Caltech,21,Finance,['FinTech'],False,False,2021-08-21
founder_1767,Deborah Hernandez,shari73@example.com,https://linkedin.com/in/tracymurillo,Portland,Self-taught,MIT,10,Microsoft,"['CleanTech', 'Gaming']",False,False,2021-11-03
founder_1768,Robert Lyons,teresa42@example.com,https://linkedin.com/in/rodney32,Dallas,PhD,UC Berkeley,19,Microsoft,"['SaaS', 'Gaming', 'MarTech']",False,False,2022-07-20
founder_1769,Scott Lewis,christina26@example.org,https://linkedin.com/in/gregorynunez,Los Angeles,PhD,UC Berkeley,4,Facebook,"['SaaS', 'CleanTech', 'AI/ML']",False,False,2025-04-21
founder_1770,Abigail Lewis,xcox@example.net,https://linkedin.com/in/sheltonbrandi,Portland,PhD,Harvard,0,Apple,['InsurTech'],True,False,2021-10-24
founder_1771,Hector Bell,amandajenkins@example.com,https://linkedin.com/in/taylorjudith,Philadelphia,Master's,Stanford,18,Finance,"['AgriTech', 'IoT']",True,False,2015-10-18
founder_1772,Ashley Ramirez,felicia81@example.org,https://linkedin.com/in/wrightdillon,Boston,Bootcamp,Caltech,15,Startup,"['PropTech', 'E-commerce', 'FinTech']",False,True,2015-12-31
founder_1773,Kevin Hammond,johnsonhoward@example.net,https://linkedin.com/in/aprilwilson,Washington DC,PhD,,8,Microsoft,['FinTech'],True,True,2024-04-22
founder_1774,Douglas Doyle,johnbernard@example.org,https://linkedin.com/in/ryan96,Philadelphia,Bootcamp,,13,Apple,['SaaS'],True,False,2016-05-13
founder_1775,Jennifer Hansen,egutierrez@example.com,https://linkedin.com/in/uobrien,San Diego,Bachelor's,,2,Finance,['PropTech'],True,False,2021-08-20
founder_1776,Shane Williamson,cmccann@example.org,https://linkedin.com/in/leonarddaniel,Philadelphia,PhD,Harvard,21,Facebook,"['IoT', 'CleanTech']",True,True,2019-05-05
founder_1777,Marie Burnett,biancajoseph@example.com,https://linkedin.com/in/annettejenkins,Nashville,Self-taught,UC Berkeley,19,Amazon,"['PropTech', 'CleanTech', 'SaaS']",True,False,2017-08-28
founder_1778,Mary Hicks,jacquelinejackson@example.com,https://linkedin.com/in/halldevon,Dallas,Master's,,19,Finance,"['Blockchain', 'MarTech', 'HRTech']",True,False,2023-10-17
founder_1779,Laura Hamilton,tammy76@example.com,https://linkedin.com/in/alexandrarobinson,San Francisco,Self-taught,Caltech,14,Consulting,"['IoT', 'AI/ML', 'HRTech']",True,False,2022-03-30
founder_1780,Rodney Gentry,lisajones@example.com,https://linkedin.com/in/jeremy59,Boston,Bachelor's,Caltech,9,Startup,['AgriTech'],True,False,2020-03-20
founder_1781,Paula Price,watersrobert@example.org,https://linkedin.com/in/awright,Nashville,Bootcamp,MIT,12,Amazon,"['EdTech', 'LegalTech', 'FoodTech']",True,False,2023-03-17
founder_1782,Breanna Brown,jorgevillanueva@example.org,https://linkedin.com/in/jeremyduarte,Philadelphia,Bootcamp,CMU,0,Finance,"['LegalTech', 'EdTech']",True,False,2018-05-03
founder_1783,John Avery,webermackenzie@example.org,https://linkedin.com/in/shawn52,Los Angeles,Bootcamp,Other,8,Microsoft,"['IoT', 'AI/ML']",True,False,2024-08-14
founder_1784,Alexis Rogers,gileslynn@example.com,https://linkedin.com/in/michaelbennett,San Diego,Bootcamp,,20,Microsoft,['Blockchain'],False,False,2024-09-24
founder_1785,Colin Morrison,millerbrandon@example.org,https://linkedin.com/in/awilson,Miami,Bootcamp,CMU,16,Apple,"['PropTech', 'EdTech', 'FinTech']",True,False,2021-10-13
founder_1786,Philip Lambert,munozmarilyn@example.com,https://linkedin.com/in/russellsmith,Miami,Master's,Stanford,15,Amazon,"['Blockchain', 'PropTech', 'Cybersecurity']",True,False,2019-06-06
founder_1787,Reginald Golden,stevemitchell@example.net,https://linkedin.com/in/erinrobinson,San Francisco,Bachelor's,CMU,21,Microsoft,"['AI/ML', 'HealthTech']",False,False,2022-01-03
founder_1788,Brian Elliott,william51@example.com,https://linkedin.com/in/keith80,Seattle,Self-taught,UC Berkeley,18,Tesla,"['HRTech', 'FoodTech']",True,False,2019-01-23
founder_1789,Michael Elliott,karen07@example.net,https://linkedin.com/in/barnesstacy,Los Angeles,Bootcamp,UC Berkeley,13,Tesla,"['FoodTech', 'Cybersecurity']",False,False,2019-02-16
founder_1790,Edward Delgado,tommycarlson@example.com,https://linkedin.com/in/tammy33,Dallas,Bootcamp,Other,12,Startup,['PropTech'],True,False,2018-03-16
founder_1791,William Cox,margaret07@example.com,https://linkedin.com/in/smithstephen,Phoenix,Master's,,17,Amazon,"['CleanTech', 'IoT', 'AgriTech']",True,False,2023-03-23
founder_1792,Jason Johnson,ychen@example.com,https://linkedin.com/in/harold05,San Francisco,Master's,CMU,21,Facebook,['Gaming'],True,False,2025-05-05
founder_1793,Jessica Pearson,kerrtodd@example.net,https://linkedin.com/in/rfoster,Los Angeles,PhD,,22,Google,"['AgriTech', 'FinTech', 'E-commerce']",True,False,2024-03-07
founder_1794,Vanessa Baker,laurenhartman@example.org,https://linkedin.com/in/robertthomas,San Francisco,Self-taught,Harvard,19,Tesla,"['HRTech', 'AI/ML']",True,False,2024-06-29
founder_1795,Ashley Bishop,courtney16@example.com,https://linkedin.com/in/brownjennifer,Denver,Master's,Harvard,22,Amazon,"['InsurTech', 'Blockchain']",False,False,2019-01-31
founder_1796,Deanna Smith,lopezdana@example.com,https://linkedin.com/in/nelsonian,New York,Master's,Stanford,23,Apple,"['AI/ML', 'CleanTech', 'MarTech']",False,False,2020-12-20
founder_1797,Allison Wilkerson,williamscaleb@example.org,https://linkedin.com/in/acevedogregory,Philadelphia,Bootcamp,,17,Consulting,['InsurTech'],False,False,2015-10-04
founder_1798,John Butler,xsawyer@example.net,https://linkedin.com/in/kevin66,San Francisco,Bachelor's,Caltech,6,Facebook,"['FinTech', 'SaaS', 'FoodTech']",True,False,2024-03-07
founder_1799,Craig Burch,benjaminbrooks@example.net,https://linkedin.com/in/rebecca70,Dallas,Bootcamp,MIT,2,Facebook,['CleanTech'],False,False,2024-09-02
founder_1800,Laura Saunders,xrandall@example.org,https://linkedin.com/in/bartonneil,Austin,Bachelor's,Harvard,10,Finance,"['LegalTech', 'AI/ML']",False,False,2019-11-22
founder_1801,Ashley Mitchell,ronniedrake@example.net,https://linkedin.com/in/roger29,Austin,PhD,,4,Amazon,"['Blockchain', 'PropTech']",True,False,2024-05-05
founder_1802,Andrea Cunningham,cpeterson@example.com,https://linkedin.com/in/dmccormick,Philadelphia,PhD,Harvard,13,Startup,"['Blockchain', 'AgriTech', 'InsurTech']",True,True,2018-06-26
founder_1803,Lisa Wilson,ballchristina@example.net,https://linkedin.com/in/hrivera,Chicago,Bachelor's,UC Berkeley,0,Apple,"['AI/ML', 'SaaS']",True,True,2016-10-01
founder_1804,Dr. Angela Shaw MD,rebeccaarmstrong@example.com,https://linkedin.com/in/rsilva,Philadelphia,Bootcamp,,9,Tesla,"['FinTech', 'SaaS']",True,False,2021-04-12
founder_1805,William Odonnell,tracey46@example.net,https://linkedin.com/in/jason65,Seattle,Bachelor's,,17,Apple,['FinTech'],True,True,2021-01-05
founder_1806,Natasha Castillo,annaschwartz@example.com,https://linkedin.com/in/bensondavid,Nashville,Self-taught,Stanford,16,Facebook,"['EdTech', 'InsurTech', 'LegalTech']",True,True,2020-12-25
founder_1807,Susan Barnett,rebecca46@example.com,https://linkedin.com/in/diazrobert,San Diego,Bachelor's,UC Berkeley,2,Amazon,"['CleanTech', 'MarTech', 'HealthTech']",True,True,2023-07-06
founder_1808,Diane Mcdaniel,stephaniegray@example.org,https://linkedin.com/in/zacharyperez,Nashville,Bootcamp,Harvard,14,Amazon,['HRTech'],False,False,2018-05-22
founder_1809,Pamela Sanchez,kelly55@example.org,https://linkedin.com/in/rhondalamb,Seattle,Self-taught,,18,Consulting,"['Cybersecurity', 'Blockchain', 'HealthTech']",True,False,2015-06-26
founder_1810,John Weiss,william99@example.org,https://linkedin.com/in/stokesholly,Seattle,Master's,Harvard,18,Consulting,['EdTech'],True,True,2021-04-28
founder_1811,Christina Perez,ovazquez@example.com,https://linkedin.com/in/dillon65,San Diego,Master's,,7,Apple,"['InsurTech', 'AI/ML', 'Gaming']",True,False,2017-12-30
founder_1812,Javier Salazar,chavezandrew@example.com,https://linkedin.com/in/hannah72,San Diego,Bootcamp,UC Berkeley,19,Facebook,"['FinTech', 'IoT']",True,False,2022-10-26
founder_1813,Kathleen Stephenson,charlesfoster@example.com,https://linkedin.com/in/martinezaaron,Washington DC,Bachelor's,,10,Facebook,"['AgriTech', 'AI/ML']",True,False,2017-05-04
founder_1814,Marissa Mcguire,michelle46@example.com,https://linkedin.com/in/cheyenne50,Atlanta,Bachelor's,Other,13,Finance,"['HRTech', 'FinTech']",True,False,2024-07-18
founder_1815,Alicia Cole,davisadam@example.com,https://linkedin.com/in/james06,Boston,Self-taught,,2,Microsoft,['SaaS'],True,False,2024-03-15
founder_1816,Kurt Wilson,jonestimothy@example.com,https://linkedin.com/in/gbolton,San Diego,PhD,,10,Facebook,"['SaaS', 'InsurTech']",True,False,2024-11-05
founder_1817,Adam Reese,denisemorris@example.org,https://linkedin.com/in/madison66,Nashville,Master's,CMU,19,Apple,"['Gaming', 'IoT']",True,False,2021-05-15
founder_1818,Christina Figueroa,thomas77@example.net,https://linkedin.com/in/umoore,Chicago,Bootcamp,,13,Google,"['InsurTech', 'IoT']",False,False,2019-02-12
founder_1819,Ashley Thompson,michaelmorris@example.org,https://linkedin.com/in/cassie93,Philadelphia,Bootcamp,,7,Tesla,"['Cybersecurity', 'AI/ML']",False,False,2024-04-04
founder_1820,Lori Bailey,tracymatthews@example.net,https://linkedin.com/in/victoriathomas,Miami,PhD,,12,Facebook,"['AgriTech', 'HRTech', 'FinTech']",True,False,2017-06-22
founder_1821,Kathryn Phillips,john41@example.com,https://linkedin.com/in/christophermarshall,Austin,Bachelor's,Harvard,1,Consulting,"['PropTech', 'CleanTech']",False,False,2025-05-12
founder_1822,Gregory Moore,jennifer93@example.net,https://linkedin.com/in/brianpatterson,San Francisco,Self-taught,Harvard,23,Tesla,['LegalTech'],True,False,2021-06-04
founder_1823,Anthony Young,crystalsanchez@example.net,https://linkedin.com/in/laurenjohnson,Philadelphia,Self-taught,UC Berkeley,2,Startup,"['E-commerce', 'FinTech', 'AI/ML']",False,True,2023-12-31
founder_1824,Shari Yang,jack41@example.net,https://linkedin.com/in/cgarcia,San Diego,Master's,Other,23,Microsoft,['IoT'],False,False,2015-06-22
founder_1825,Judith Johnson,lisa74@example.net,https://linkedin.com/in/dylanpetersen,Los Angeles,Bachelor's,,16,Consulting,"['SaaS', 'EdTech', 'InsurTech']",False,True,2025-03-18
founder_1826,Joel Hernandez,krystaljohnson@example.net,https://linkedin.com/in/nswanson,Denver,Bachelor's,UC Berkeley,6,Startup,"['CleanTech', 'AI/ML']",False,True,2021-09-22
founder_1827,Roy Harris,christinamunoz@example.com,https://linkedin.com/in/areyes,Austin,Self-taught,Stanford,15,Consulting,['LegalTech'],True,False,2019-01-12
founder_1828,Mr. Kevin Reese Jr.,matthewsmall@example.net,https://linkedin.com/in/fernandezglen,Phoenix,Bootcamp,MIT,18,Apple,"['IoT', 'EdTech', 'Gaming']",False,False,2020-11-14
founder_1829,Matthew Phelps,kimberly87@example.org,https://linkedin.com/in/michael10,Philadelphia,Bootcamp,Other,14,Facebook,['CleanTech'],True,False,2024-06-04
founder_1830,Michelle Barron,justinfoster@example.org,https://linkedin.com/in/thomas94,Phoenix,PhD,CMU,0,Startup,"['IoT', 'MarTech', 'AI/ML']",True,True,2018-08-02
founder_1831,Jacob Chen,justin77@example.org,https://linkedin.com/in/greencolleen,Atlanta,Self-taught,Caltech,7,Startup,"['IoT', 'AgriTech', 'FoodTech']",True,False,2017-07-25
founder_1832,Steven Montes,vzimmerman@example.net,https://linkedin.com/in/ejacobson,Washington DC,Master's,Stanford,4,Finance,"['HealthTech', 'Gaming', 'FinTech']",False,False,2017-06-19
founder_1833,Michelle Roth,dpena@example.org,https://linkedin.com/in/devonowens,Phoenix,Master's,MIT,12,Google,"['HRTech', 'CleanTech', 'HealthTech']",True,True,2016-01-13
founder_1834,Caitlin Garcia DVM,morganbaker@example.net,https://linkedin.com/in/jessicarichard,Portland,Bootcamp,,14,Apple,"['InsurTech', 'FoodTech', 'HealthTech']",True,True,2021-04-14
founder_1835,Lucas Pennington,amandamiller@example.net,https://linkedin.com/in/michaelmartin,Los Angeles,PhD,Stanford,20,Google,['IoT'],True,True,2018-11-04
founder_1836,Michael Mora,palmermallory@example.org,https://linkedin.com/in/vargassamuel,New York,Master's,Stanford,17,Consulting,"['Blockchain', 'HealthTech']",True,False,2016-05-29
founder_1837,Robert Howard,saundersheather@example.com,https://linkedin.com/in/pbrown,Nashville,Bachelor's,,13,Finance,['EdTech'],False,False,2023-06-07
founder_1838,Scott Vazquez,waterstammy@example.net,https://linkedin.com/in/fisherpatrick,San Diego,Bootcamp,,7,Apple,['MarTech'],True,False,2019-04-04
founder_1839,Rachel Miles,griffinspencer@example.org,https://linkedin.com/in/tdavis,Nashville,PhD,MIT,12,Apple,"['EdTech', 'FinTech']",False,True,2019-09-17
founder_1840,Francisco Sims,bbrown@example.org,https://linkedin.com/in/vincent33,Austin,PhD,Stanford,23,Finance,"['FoodTech', 'AI/ML', 'IoT']",True,False,2022-03-23
founder_1841,Justin Newman,sarah81@example.net,https://linkedin.com/in/holteric,San Diego,PhD,Other,19,Amazon,"['Blockchain', 'LegalTech', 'CleanTech']",True,False,2016-03-01
founder_1842,Barbara Hardin,darius32@example.net,https://linkedin.com/in/james08,Chicago,Master's,MIT,9,Amazon,['CleanTech'],True,False,2024-07-11
founder_1843,Casey Martinez,copelandalison@example.org,https://linkedin.com/in/michaelmitchell,Denver,Bootcamp,MIT,9,Google,"['E-commerce', 'CleanTech', 'EdTech']",True,False,2020-09-18
founder_1844,Mrs. Wendy Howard,catherinefloyd@example.org,https://linkedin.com/in/ycarroll,Seattle,Bachelor's,CMU,0,Consulting,"['InsurTech', 'AI/ML']",False,True,2024-04-26
founder_1845,Gloria Serrano,rchurch@example.net,https://linkedin.com/in/joshuajohnson,Seattle,Master's,,24,Microsoft,"['AgriTech', 'FinTech', 'Cybersecurity']",False,False,2017-01-20
founder_1846,Tina Marquez,samanthacastillo@example.org,https://linkedin.com/in/fparker,Austin,PhD,Other,12,Startup,['HealthTech'],True,True,2020-09-16
founder_1847,Peggy Curry,kmercer@example.com,https://linkedin.com/in/thomas19,Miami,Master's,,11,Startup,"['LegalTech', 'IoT']",False,True,2022-06-21
founder_1848,Zachary Hood,meganlawrence@example.org,https://linkedin.com/in/callahanjonathan,Seattle,Self-taught,,19,Apple,"['LegalTech', 'E-commerce']",False,False,2023-02-08
founder_1849,Blake Ramirez,yguerrero@example.com,https://linkedin.com/in/douglaslindsey,Austin,PhD,,15,Google,['AgriTech'],True,False,2016-05-27
founder_1850,Madison Miller,smithdouglas@example.com,https://linkedin.com/in/escobarshawn,New York,Master's,UC Berkeley,9,Finance,['InsurTech'],True,False,2019-06-16
founder_1851,Karen Joseph,adambarrett@example.org,https://linkedin.com/in/michelle98,Chicago,Master's,Stanford,1,Finance,['Gaming'],True,False,2024-01-14
founder_1852,Lauren Williams,jeffrey46@example.org,https://linkedin.com/in/danielrichardson,Los Angeles,Bachelor's,,25,Apple,"['PropTech', 'InsurTech', 'IoT']",True,False,2020-10-29
founder_1853,Catherine Cohen,david41@example.com,https://linkedin.com/in/ymccall,Atlanta,PhD,Caltech,4,Finance,"['Blockchain', 'E-commerce']",False,False,2025-01-26
founder_1854,Matthew Wolfe,isabellalara@example.net,https://linkedin.com/in/david68,Seattle,Bachelor's,,10,Finance,['IoT'],True,False,2016-11-13
founder_1855,Zachary Novak,anna78@example.com,https://linkedin.com/in/priceallen,San Diego,Bachelor's,CMU,22,Facebook,"['HealthTech', 'AgriTech']",False,False,2024-02-04
founder_1856,Natalie Orr,christopher98@example.org,https://linkedin.com/in/timothy06,Atlanta,Master's,Other,17,Google,"['MarTech', 'HealthTech', 'PropTech']",False,False,2020-04-24
founder_1857,Willie Martinez,pearsonkimberly@example.net,https://linkedin.com/in/erin82,Los Angeles,Self-taught,,6,Google,"['InsurTech', 'MarTech']",True,True,2021-06-30
founder_1858,Samantha Pineda,gillespieerica@example.net,https://linkedin.com/in/asalazar,Los Angeles,Bootcamp,Caltech,24,Finance,['EdTech'],True,False,2015-10-10
founder_1859,Antonio Horton,xroberts@example.net,https://linkedin.com/in/tsaunders,Denver,Self-taught,CMU,18,Startup,['HealthTech'],True,False,2017-02-16
founder_1860,Kathleen Ward,nblackburn@example.net,https://linkedin.com/in/nelsonsara,Dallas,PhD,,22,Finance,"['FoodTech', 'IoT']",False,False,2021-05-22
founder_1861,Brian Mills,colemanmichael@example.org,https://linkedin.com/in/curtiskaren,Nashville,Master's,MIT,8,Apple,"['Cybersecurity', 'InsurTech']",True,True,2024-08-08
founder_1862,Susan Lee,kellycrawford@example.com,https://linkedin.com/in/juanlandry,Nashville,Self-taught,,21,Finance,"['AgriTech', 'LegalTech']",True,False,2021-08-03
founder_1863,Matthew Campbell,zbolton@example.net,https://linkedin.com/in/thomas67,Chicago,Master's,UC Berkeley,18,Microsoft,"['InsurTech', 'SaaS']",True,False,2019-02-14
founder_1864,Taylor Moore,ethan88@example.org,https://linkedin.com/in/bjones,Miami,Master's,,2,Tesla,"['IoT', 'InsurTech']",False,False,2019-07-08
founder_1865,Joann Howard,robertclarke@example.org,https://linkedin.com/in/carsonjulie,San Diego,Bachelor's,Stanford,19,Startup,"['FoodTech', 'InsurTech']",True,False,2022-02-13
founder_1866,Charles Reeves,jessica35@example.com,https://linkedin.com/in/hhodge,Phoenix,Self-taught,UC Berkeley,5,Microsoft,"['EdTech', 'Cybersecurity', 'HealthTech']",True,True,2018-12-01
founder_1867,Joseph Welch,robert97@example.org,https://linkedin.com/in/stephanieray,Atlanta,Master's,,1,Tesla,"['EdTech', 'MarTech']",True,False,2017-02-07
founder_1868,Timothy Warren,ambergallagher@example.net,https://linkedin.com/in/joshuamartinez,Seattle,PhD,Other,15,Google,['Blockchain'],False,False,2018-02-08
founder_1869,Wayne Carter,adkinskevin@example.com,https://linkedin.com/in/idennis,San Diego,PhD,Stanford,25,Finance,['E-commerce'],False,True,2016-02-07
founder_1870,Tommy Mckay,uheath@example.com,https://linkedin.com/in/marc99,Dallas,Bootcamp,Other,6,Tesla,"['HealthTech', 'SaaS', 'Cybersecurity']",True,False,2022-03-25
founder_1871,Angel Jones,marcus75@example.org,https://linkedin.com/in/adam80,San Diego,Bootcamp,,11,Startup,['HealthTech'],False,False,2023-04-18
founder_1872,Jeffrey Morales,julie52@example.com,https://linkedin.com/in/jorgecarter,Portland,Self-taught,,18,Consulting,"['InsurTech', 'CleanTech', 'HealthTech']",True,False,2017-05-09
founder_1873,Alexis Stanley,michael65@example.org,https://linkedin.com/in/claudia56,New York,PhD,MIT,10,Microsoft,"['FoodTech', 'SaaS', 'HealthTech']",True,False,2024-09-17
founder_1874,Shawn Richards,lindahernandez@example.net,https://linkedin.com/in/lauren91,San Francisco,Bootcamp,,8,Facebook,"['PropTech', 'CleanTech', 'AI/ML']",False,False,2020-08-31
founder_1875,Chad Ortiz,theresasherman@example.net,https://linkedin.com/in/oglenn,Dallas,Master's,Other,11,Consulting,"['EdTech', 'FoodTech']",False,True,2018-05-10
founder_1876,Brandon Ferguson,austinjensen@example.com,https://linkedin.com/in/barbara19,Denver,Self-taught,Other,25,Consulting,"['Cybersecurity', 'FinTech']",False,False,2018-07-13
founder_1877,Brenda Khan,erikaschroeder@example.org,https://linkedin.com/in/abradley,Nashville,Bootcamp,Other,24,Tesla,"['Gaming', 'FoodTech', 'PropTech']",True,False,2019-11-20
founder_1878,Suzanne Forbes,danielhale@example.net,https://linkedin.com/in/xroberts,Dallas,Self-taught,,15,Consulting,"['InsurTech', 'E-commerce', 'HealthTech']",False,True,2025-01-07
founder_1879,Ashley Medina,byates@example.org,https://linkedin.com/in/uclark,Los Angeles,Master's,Other,23,Consulting,"['E-commerce', 'Blockchain', 'PropTech']",False,False,2015-11-23
founder_1880,Christopher Norton,ericvaughn@example.com,https://linkedin.com/in/gbrown,Atlanta,Bachelor's,Other,4,Tesla,"['AgriTech', 'PropTech']",True,True,2024-04-25
founder_1881,Breanna Walker,smithphilip@example.com,https://linkedin.com/in/zmurphy,Atlanta,PhD,,3,Tesla,['FoodTech'],False,False,2021-12-15
founder_1882,Christian Williamson,gomezjoel@example.net,https://linkedin.com/in/daltonmarsh,Los Angeles,Bachelor's,,23,Amazon,['E-commerce'],False,False,2021-04-02
founder_1883,Christopher Perry,william32@example.org,https://linkedin.com/in/lwilson,Dallas,Master's,,21,Microsoft,['E-commerce'],True,False,2020-05-26
founder_1884,Mariah Scott,sabrina05@example.net,https://linkedin.com/in/anthonyhart,Chicago,PhD,Harvard,25,Apple,['Gaming'],False,True,2023-07-15
founder_1885,John Gardner,bakercindy@example.com,https://linkedin.com/in/nicholasjones,Portland,Bootcamp,Other,24,Tesla,"['Cybersecurity', 'PropTech']",False,True,2024-10-16
founder_1886,Barry Page,samanthacrawford@example.net,https://linkedin.com/in/margaretdavis,Chicago,PhD,Caltech,3,Consulting,"['InsurTech', 'AgriTech']",True,False,2023-07-19
founder_1887,Evelyn Hill,omoran@example.net,https://linkedin.com/in/lindsey56,San Diego,Master's,UC Berkeley,15,Facebook,['AgriTech'],True,False,2017-12-18
founder_1888,Edward Hale,markcooper@example.org,https://linkedin.com/in/hallsara,Boston,PhD,UC Berkeley,16,Consulting,"['AI/ML', 'SaaS', 'Gaming']",True,False,2023-03-06
founder_1889,Robert Edwards,eross@example.com,https://linkedin.com/in/hturner,Washington DC,Self-taught,,11,Facebook,"['FinTech', 'FoodTech', 'MarTech']",True,False,2024-04-11
founder_1890,Joshua Reyes,michaelatkins@example.net,https://linkedin.com/in/bcoleman,Atlanta,Bachelor's,,3,Consulting,"['Gaming', 'FinTech']",True,False,2022-10-15
founder_1891,Christian Coleman,brandonklein@example.com,https://linkedin.com/in/vincenthamilton,Phoenix,Bachelor's,Caltech,1,Finance,['MarTech'],True,False,2016-06-07
founder_1892,Jenna Miller,sherrijohnson@example.org,https://linkedin.com/in/lduke,Boston,Master's,Harvard,17,Tesla,"['FoodTech', 'MarTech']",True,False,2019-02-16
founder_1893,Nathan Abbott,rodriguezjeffrey@example.net,https://linkedin.com/in/larryryan,Boston,PhD,Other,24,Consulting,"['EdTech', 'CleanTech', 'Blockchain']",True,True,2016-01-13
founder_1894,Justin Sutton,parkmiranda@example.com,https://linkedin.com/in/panderson,Phoenix,PhD,Caltech,11,Google,['Gaming'],True,False,2024-03-21
founder_1895,Tyler Donovan,lloydrhonda@example.com,https://linkedin.com/in/marquezjennifer,Philadelphia,Bootcamp,UC Berkeley,1,Startup,['FinTech'],True,False,2021-06-19
founder_1896,Anthony Hall,tarafields@example.com,https://linkedin.com/in/tsanchez,Chicago,PhD,Caltech,21,Microsoft,"['Cybersecurity', 'FinTech']",True,False,2020-08-17
founder_1897,Judy Greene,colesusan@example.net,https://linkedin.com/in/savannah34,Chicago,Bootcamp,CMU,20,Tesla,"['InsurTech', 'FinTech']",False,True,2019-05-31
founder_1898,Christine Haley,burnsmichelle@example.net,https://linkedin.com/in/jbrown,Washington DC,PhD,,6,Startup,"['AgriTech', 'HealthTech', 'PropTech']",True,False,2019-09-26
founder_1899,Jason Morrow,ssmith@example.org,https://linkedin.com/in/luischurch,New York,Bachelor's,CMU,24,Tesla,"['CleanTech', 'PropTech', 'FinTech']",False,False,2022-12-30
founder_1900,Kristen Nash,dana92@example.net,https://linkedin.com/in/yoliver,Miami,Bachelor's,Harvard,22,Tesla,"['AI/ML', 'IoT', 'CleanTech']",True,True,2022-09-24
founder_1901,Amanda Salinas,jay10@example.org,https://linkedin.com/in/stephaniemorrison,Dallas,Bachelor's,Stanford,25,Finance,"['HRTech', 'E-commerce']",True,True,2018-08-22
founder_1902,Brenda Duncan,wjohnson@example.com,https://linkedin.com/in/michaelsmith,New York,Bootcamp,,8,Google,['HRTech'],False,False,2021-06-08
founder_1903,Vicki Ayers,wellsmichael@example.com,https://linkedin.com/in/danieljohnson,Denver,Bootcamp,Harvard,2,Google,['HealthTech'],True,False,2016-04-09
founder_1904,Derek Andrade,andersonrussell@example.net,https://linkedin.com/in/ljohnson,Philadelphia,Bootcamp,MIT,15,Google,"['Blockchain', 'MarTech', 'InsurTech']",True,False,2017-06-02
founder_1905,Vanessa Case,melissa24@example.net,https://linkedin.com/in/jennifercampbell,Washington DC,Bootcamp,Caltech,2,Consulting,"['EdTech', 'LegalTech', 'SaaS']",True,False,2016-06-20
founder_1906,Nancy Russell,rjohnson@example.net,https://linkedin.com/in/slucero,Miami,PhD,,19,Microsoft,['HRTech'],False,False,2021-08-11
founder_1907,Jared Young,nicolerollins@example.com,https://linkedin.com/in/gbuck,Los Angeles,Self-taught,MIT,14,Amazon,"['FinTech', 'E-commerce']",True,False,2021-04-20
founder_1908,Cheryl Sandoval,sperez@example.org,https://linkedin.com/in/mitchellbeasley,Denver,Master's,Other,24,Facebook,"['CleanTech', 'EdTech']",False,False,2025-02-01
founder_1909,John Dixon,rford@example.org,https://linkedin.com/in/eramirez,Philadelphia,Bootcamp,Stanford,19,Microsoft,['Blockchain'],False,False,2016-04-26
founder_1910,Gabriel Garcia,christina43@example.org,https://linkedin.com/in/david37,Los Angeles,PhD,Other,18,Apple,['Blockchain'],False,False,2022-10-13
founder_1911,Keith English,victoria21@example.net,https://linkedin.com/in/mcgeedavid,Nashville,Self-taught,UC Berkeley,23,Microsoft,['AI/ML'],False,True,2024-07-24
founder_1912,Rebecca Mayo,alvinharris@example.net,https://linkedin.com/in/boylekaren,Los Angeles,Master's,Harvard,15,Consulting,"['LegalTech', 'MarTech', 'HRTech']",True,True,2022-01-07
founder_1913,Michael Ford,kyleyoung@example.com,https://linkedin.com/in/scott24,Dallas,Self-taught,Caltech,5,Google,['PropTech'],False,True,2020-05-31
founder_1914,Meredith Hanson,rileyreginald@example.net,https://linkedin.com/in/xkelly,Atlanta,PhD,,12,Apple,"['LegalTech', 'Blockchain', 'HRTech']",False,False,2021-08-18
founder_1915,Adam Matthews,nsantiago@example.com,https://linkedin.com/in/xanderson,Atlanta,PhD,,7,Tesla,['EdTech'],True,False,2020-02-20
founder_1916,Diana Mack,rebeccawarren@example.org,https://linkedin.com/in/ochapman,Dallas,Bootcamp,,6,Facebook,"['AI/ML', 'Cybersecurity']",True,False,2016-10-07
founder_1917,Teresa Thompson,paulbryant@example.com,https://linkedin.com/in/pricejacqueline,Los Angeles,PhD,Other,8,Tesla,"['Cybersecurity', 'Gaming']",True,True,2015-08-13
founder_1918,Rebekah Brown,keithjose@example.net,https://linkedin.com/in/obaker,Washington DC,Self-taught,Stanford,2,Tesla,"['InsurTech', 'MarTech']",True,False,2023-10-10
founder_1919,Christy Pierce,daniel77@example.org,https://linkedin.com/in/christopher03,Dallas,Self-taught,Caltech,7,Finance,['IoT'],True,False,2022-06-16
founder_1920,Randy Moreno,kwilson@example.com,https://linkedin.com/in/joseph23,Miami,PhD,Stanford,1,Amazon,"['FinTech', 'LegalTech', 'PropTech']",True,False,2023-05-14
founder_1921,Jennifer Fox,tamaramcdaniel@example.org,https://linkedin.com/in/michaelho,San Francisco,PhD,,5,Facebook,['Blockchain'],True,False,2020-02-05
founder_1922,Michael Cantu,gentrydaniel@example.com,https://linkedin.com/in/jason32,Portland,Bootcamp,MIT,5,Facebook,"['FoodTech', 'Blockchain', 'HealthTech']",True,False,2016-02-03
founder_1923,Margaret Wilson,stonecraig@example.net,https://linkedin.com/in/johnsoncraig,Miami,PhD,,17,Apple,['E-commerce'],True,False,2016-11-05
founder_1924,Jorge Dominguez,destinyroberts@example.org,https://linkedin.com/in/greenchristopher,Portland,Bachelor's,Other,12,Apple,"['Blockchain', 'MarTech', 'AI/ML']",False,True,2017-11-02
founder_1925,Michelle Jackson,clementstammy@example.org,https://linkedin.com/in/jflores,Seattle,PhD,UC Berkeley,14,Microsoft,"['HRTech', 'EdTech']",False,False,2018-10-19
founder_1926,Michael Bridges,sararoberts@example.net,https://linkedin.com/in/keithrichard,New York,Bachelor's,Other,6,Apple,['AgriTech'],True,False,2018-03-20
founder_1927,William Morales,jason22@example.org,https://linkedin.com/in/stephen65,Dallas,Master's,Stanford,7,Finance,"['FoodTech', 'FinTech', 'Blockchain']",False,False,2017-02-01
founder_1928,Joshua Santiago,hannah74@example.net,https://linkedin.com/in/rodriguezjohn,New York,Self-taught,Caltech,5,Amazon,"['PropTech', 'IoT']",True,False,2019-07-09
founder_1929,Gina Rose,jillsmith@example.net,https://linkedin.com/in/wallerbarbara,Boston,Bachelor's,,7,Microsoft,['CleanTech'],True,False,2023-08-25
founder_1930,Stephanie Hall,ebrown@example.com,https://linkedin.com/in/anthonywatson,Phoenix,Self-taught,Other,2,Startup,['HealthTech'],False,False,2019-10-14
founder_1931,Michael Ford,josephgoodwin@example.org,https://linkedin.com/in/trevorjohnson,Philadelphia,PhD,UC Berkeley,0,Finance,"['EdTech', 'Blockchain', 'AI/ML']",True,False,2022-07-13
founder_1932,Mark Johnson,justindeleon@example.com,https://linkedin.com/in/wiseandrew,Seattle,PhD,MIT,9,Finance,"['LegalTech', 'IoT', 'E-commerce']",False,False,2015-10-05
founder_1933,Nicole Sanders,charles51@example.org,https://linkedin.com/in/michael59,Washington DC,Self-taught,,6,Apple,"['PropTech', 'CleanTech']",False,False,2021-02-23
founder_1934,Megan Waters,amyrobinson@example.com,https://linkedin.com/in/stephen04,Washington DC,Bootcamp,Stanford,20,Tesla,"['Cybersecurity', 'AgriTech']",True,False,2019-10-21
founder_1935,Dr. Rachel Romero,qwatson@example.com,https://linkedin.com/in/eileen06,Phoenix,Bootcamp,Harvard,7,Tesla,"['PropTech', 'IoT']",False,False,2018-04-09
founder_1936,Allison Goodwin,gflores@example.com,https://linkedin.com/in/brandi79,Chicago,Master's,MIT,1,Facebook,"['Blockchain', 'MarTech']",False,False,2016-10-02
founder_1937,Samuel Pope,alexander85@example.com,https://linkedin.com/in/paulamurray,Boston,Self-taught,Harvard,10,Facebook,"['IoT', 'SaaS', 'LegalTech']",False,False,2015-08-26
founder_1938,Danielle Nguyen,qanthony@example.org,https://linkedin.com/in/samantha87,Denver,Self-taught,Other,25,Amazon,"['PropTech', 'CleanTech']",True,False,2024-06-16
founder_1939,Michael Leonard,sean75@example.org,https://linkedin.com/in/wilsonemily,Phoenix,PhD,MIT,0,Startup,"['HRTech', 'AgriTech', 'CleanTech']",True,False,2023-11-18
founder_1940,Ronnie Bowman,sandra20@example.net,https://linkedin.com/in/crystal12,Boston,Bachelor's,CMU,9,Apple,"['SaaS', 'AI/ML', 'MarTech']",False,True,2020-10-01
founder_1941,Jennifer Cohen,oortega@example.org,https://linkedin.com/in/rdaniels,Phoenix,PhD,CMU,12,Amazon,"['FinTech', 'InsurTech', 'HealthTech']",True,True,2024-03-17
founder_1942,Lindsey Farrell,fostertaylor@example.net,https://linkedin.com/in/rachel36,Washington DC,Master's,,13,Google,"['FoodTech', 'Gaming', 'AgriTech']",True,True,2018-07-16
founder_1943,Brian Holmes,josebryan@example.net,https://linkedin.com/in/ifarmer,Seattle,Bootcamp,Harvard,25,Google,"['AI/ML', 'SaaS']",False,False,2017-12-03
founder_1944,Kevin Marks,ramirezjohn@example.net,https://linkedin.com/in/crawfordsherri,Denver,Self-taught,Harvard,11,Consulting,['FinTech'],True,False,2016-03-29
founder_1945,Veronica Cochran,paul22@example.org,https://linkedin.com/in/fhunt,Phoenix,Master's,,9,Finance,"['FinTech', 'SaaS']",True,False,2024-04-18
founder_1946,Zachary Gonzalez,dawsonjose@example.org,https://linkedin.com/in/xhouse,Philadelphia,PhD,,22,Apple,"['HRTech', 'FinTech', 'SaaS']",False,False,2022-04-26
founder_1947,John Hunter,williamscameron@example.net,https://linkedin.com/in/traceylong,Denver,Bootcamp,,13,Tesla,"['HRTech', 'SaaS', 'CleanTech']",True,False,2024-08-29
founder_1948,Erin Taylor,haneyjon@example.com,https://linkedin.com/in/bsmith,Washington DC,Bootcamp,,10,Apple,"['PropTech', 'Blockchain']",True,False,2016-02-02
founder_1949,Terry Griffin,eandrews@example.org,https://linkedin.com/in/deborah79,Austin,PhD,UC Berkeley,10,Finance,"['EdTech', 'LegalTech', 'MarTech']",True,False,2017-05-31
founder_1950,Jordan Powell,martinadam@example.org,https://linkedin.com/in/robertallen,Boston,Bootcamp,CMU,20,Microsoft,"['Blockchain', 'IoT']",True,False,2016-02-21
founder_1951,Dr. Nathaniel Combs,morgan05@example.net,https://linkedin.com/in/philipanderson,Austin,PhD,Stanford,22,Tesla,"['LegalTech', 'E-commerce', 'AI/ML']",False,False,2017-09-26
founder_1952,Nichole Lyons,mccannbrenda@example.org,https://linkedin.com/in/ehoffman,Portland,Master's,,13,Startup,"['FinTech', 'EdTech']",False,False,2022-01-30
founder_1953,Michael Ingram,derek49@example.org,https://linkedin.com/in/rachel45,Nashville,PhD,,0,Startup,['IoT'],False,False,2019-12-15
founder_1954,Travis Mooney,joshua48@example.net,https://linkedin.com/in/markstone,Atlanta,Bootcamp,Stanford,0,Google,"['LegalTech', 'FoodTech', 'EdTech']",True,False,2019-06-16
founder_1955,Gregory Woods,njones@example.org,https://linkedin.com/in/sherrisantos,Denver,Bootcamp,,9,Consulting,"['HealthTech', 'LegalTech', 'E-commerce']",True,False,2023-10-21
founder_1956,Jeremiah Walker,jonathan84@example.org,https://linkedin.com/in/scott27,San Diego,PhD,,15,Microsoft,"['Blockchain', 'SaaS', 'FoodTech']",False,False,2016-01-24
founder_1957,Justin Wilcox,josephflynn@example.org,https://linkedin.com/in/wjones,Dallas,PhD,,7,Amazon,"['E-commerce', 'HRTech', 'EdTech']",True,False,2024-10-18
founder_1958,Kurt Garrison,jordanreynolds@example.net,https://linkedin.com/in/eric23,Denver,Master's,Stanford,5,Amazon,"['FoodTech', 'SaaS']",False,False,2025-03-10
founder_1959,Brittany Boyd,rachel64@example.net,https://linkedin.com/in/donaldgarrett,Denver,Bootcamp,UC Berkeley,14,Microsoft,"['Cybersecurity', 'IoT', 'LegalTech']",False,False,2021-10-20
founder_1960,Melissa Cardenas,emily98@example.org,https://linkedin.com/in/browncarl,San Francisco,Bootcamp,Stanford,16,Consulting,"['EdTech', 'LegalTech']",True,True,2021-02-17
founder_1961,Paul Matthews,jacob18@example.net,https://linkedin.com/in/richardsonamy,Boston,Self-taught,CMU,16,Amazon,['PropTech'],True,False,2023-09-07
founder_1962,David Moses,mwilson@example.org,https://linkedin.com/in/qhill,Miami,Self-taught,CMU,22,Apple,"['AgriTech', 'EdTech']",True,True,2016-12-29
founder_1963,Travis Morris,manderson@example.org,https://linkedin.com/in/larry40,Nashville,PhD,Stanford,13,Startup,"['AI/ML', 'EdTech', 'InsurTech']",True,True,2024-10-20
founder_1964,Kelly Vaughn,lgraham@example.org,https://linkedin.com/in/rreyes,Nashville,Bootcamp,Other,19,Apple,"['PropTech', 'EdTech']",True,False,2024-09-20
founder_1965,Luis Gibbs,marie14@example.com,https://linkedin.com/in/stevenhurst,Phoenix,PhD,,15,Facebook,['MarTech'],False,False,2020-12-29
founder_1966,Ricky Weber,sampsonsarah@example.org,https://linkedin.com/in/amanda43,Miami,Bootcamp,UC Berkeley,14,Facebook,"['Blockchain', 'LegalTech', 'CleanTech']",True,False,2024-03-31
founder_1967,Mark Martin,alexis70@example.com,https://linkedin.com/in/leslieyoung,Phoenix,PhD,Harvard,18,Facebook,"['Cybersecurity', 'PropTech']",True,False,2019-06-11
founder_1968,Sandra King,deanna04@example.net,https://linkedin.com/in/phillipsrobert,Philadelphia,Self-taught,,4,Facebook,['FinTech'],False,False,2015-10-31
founder_1969,Jonathan Maddox,frichards@example.net,https://linkedin.com/in/seth99,Phoenix,PhD,Harvard,5,Apple,"['Blockchain', 'FinTech']",False,False,2021-09-10
founder_1970,Brittany Dickerson,nathaniel00@example.org,https://linkedin.com/in/cassandralopez,Portland,Self-taught,Caltech,12,Consulting,"['Blockchain', 'MarTech', 'E-commerce']",True,False,2023-06-29
founder_1971,David Leon DDS,yswanson@example.org,https://linkedin.com/in/iwilliams,Miami,Bootcamp,,25,Facebook,['LegalTech'],True,False,2017-02-28
founder_1972,Karl Brennan,karencarter@example.net,https://linkedin.com/in/callen,San Francisco,Bachelor's,Other,12,Consulting,"['Gaming', 'FinTech']",False,False,2021-12-31
founder_1973,Johnny Logan DVM,nicholas03@example.com,https://linkedin.com/in/cruzjeffrey,Denver,PhD,Caltech,7,Google,"['Blockchain', 'AI/ML', 'IoT']",True,False,2024-11-30
founder_1974,John Smith,stacy62@example.net,https://linkedin.com/in/travisjones,Portland,PhD,Harvard,21,Finance,['IoT'],True,False,2024-07-08
founder_1975,Justin Rivera,mitchell28@example.com,https://linkedin.com/in/bradyvictoria,Miami,Bachelor's,Harvard,3,Apple,"['FoodTech', 'MarTech', 'Blockchain']",True,False,2016-02-29
founder_1976,Debbie Clark,burchshannon@example.net,https://linkedin.com/in/garciajoshua,Portland,Self-taught,Harvard,15,Microsoft,"['HealthTech', 'SaaS', 'AgriTech']",True,False,2016-11-06
founder_1977,Timothy Vasquez,dawnhall@example.net,https://linkedin.com/in/james12,Chicago,Bachelor's,UC Berkeley,7,Apple,['AI/ML'],True,False,2022-06-10
founder_1978,Diana Whitney,timothy76@example.org,https://linkedin.com/in/brian43,Dallas,Bootcamp,Stanford,3,Consulting,['LegalTech'],True,False,2018-06-22
founder_1979,Natalie Warren,victoriadougherty@example.org,https://linkedin.com/in/rochajoan,Phoenix,Self-taught,UC Berkeley,0,Facebook,"['Gaming', 'MarTech']",False,False,2018-03-14
founder_1980,Stuart Grant,robert28@example.net,https://linkedin.com/in/kaitlyn43,San Diego,Self-taught,MIT,1,Apple,"['MarTech', 'AI/ML']",False,False,2019-11-05
founder_1981,Michael Wilkins,jacksonrichard@example.net,https://linkedin.com/in/walkerjames,San Francisco,Self-taught,MIT,5,Consulting,['Gaming'],False,False,2019-11-09
founder_1982,Courtney Andersen,annewright@example.com,https://linkedin.com/in/aenglish,Phoenix,PhD,Caltech,3,Facebook,['EdTech'],False,True,2023-12-22
founder_1983,Rachel Collins,kimberlystone@example.org,https://linkedin.com/in/daniel16,Los Angeles,Bootcamp,Other,10,Finance,"['Gaming', 'HealthTech', 'InsurTech']",True,False,2017-04-26
founder_1984,David Williams,mgrimes@example.org,https://linkedin.com/in/maddendaniel,Miami,Bachelor's,,9,Google,['Cybersecurity'],True,False,2020-06-23
founder_1985,Barbara Mcintyre,ashley96@example.net,https://linkedin.com/in/davidnguyen,New York,Bootcamp,MIT,25,Amazon,['CleanTech'],True,False,2019-08-13
founder_1986,Kimberly King,matthewowens@example.com,https://linkedin.com/in/diana79,Washington DC,Self-taught,,4,Apple,['PropTech'],False,False,2022-08-21
founder_1987,Michele Berry,robertsroy@example.org,https://linkedin.com/in/davidlowery,Phoenix,PhD,Caltech,20,Facebook,['MarTech'],False,False,2019-11-24
founder_1988,Heidi Wright DDS,andrewcollins@example.org,https://linkedin.com/in/rsmith,Nashville,Bootcamp,Stanford,12,Google,"['FoodTech', 'Blockchain']",True,False,2024-12-13
founder_1989,Jonathan Roach,charlesevans@example.net,https://linkedin.com/in/garciakimberly,Boston,Bachelor's,Harvard,25,Google,"['MarTech', 'Gaming']",True,False,2018-06-11
founder_1990,Monica Chapman,alejandroforbes@example.org,https://linkedin.com/in/christina77,Seattle,Self-taught,,24,Apple,"['HealthTech', 'CleanTech']",False,False,2020-04-23
founder_1991,Sergio Miller,jamesdavis@example.org,https://linkedin.com/in/wbrown,Los Angeles,Bachelor's,,11,Finance,"['CleanTech', 'Gaming', 'LegalTech']",True,False,2019-11-06
founder_1992,Daniel Beard,dawn17@example.net,https://linkedin.com/in/carlsonandrew,Atlanta,PhD,,1,Startup,"['AI/ML', 'FinTech']",False,False,2018-04-21
founder_1993,Charles Short,walterhiggins@example.com,https://linkedin.com/in/nmiller,San Diego,Bootcamp,UC Berkeley,16,Microsoft,"['FinTech', 'AI/ML']",False,False,2019-08-29
founder_1994,Brooke Hutchinson,isullivan@example.org,https://linkedin.com/in/zamoramichael,Atlanta,Bootcamp,Stanford,14,Tesla,['AI/ML'],True,False,2015-12-07
founder_1995,Joseph Edwards,timothy74@example.net,https://linkedin.com/in/mbauer,Philadelphia,Bootcamp,,13,Consulting,['EdTech'],False,False,2020-12-07
founder_1996,Donald Jones,benjamin70@example.org,https://linkedin.com/in/michele73,Miami,Self-taught,CMU,25,Tesla,['E-commerce'],True,False,2018-01-05
founder_1997,Christina Estrada,rsanders@example.net,https://linkedin.com/in/eperez,Nashville,Master's,Harvard,8,Amazon,"['AgriTech', 'FoodTech']",False,False,2019-06-15
founder_1998,Anthony Bailey,jamessummers@example.net,https://linkedin.com/in/cwiley,Austin,PhD,Caltech,21,Startup,"['MarTech', 'FoodTech', 'AI/ML']",True,False,2022-02-19
founder_1999,Joseph Allison,melissa63@example.org,https://linkedin.com/in/crichard,Nashville,Master's,Stanford,1,Facebook,"['SaaS', 'MarTech', 'FoodTech']",False,False,2021-10-05
