startup_id,technology_id,usage_intensity,implementation_date
startup_0,tech_76,Supporting,2020-03-24
startup_0,tech_63,Core,2020-04-02
startup_0,tech_18,Supporting,2021-01-17
startup_0,tech_45,Important,2025-02-10
startup_0,tech_41,Important,2024-09-04
startup_0,tech_59,Supporting,2025-03-02
startup_1,tech_32,Supporting,2020-05-29
startup_1,tech_56,Important,2018-01-11
startup_1,tech_1,Supporting,2024-07-19
startup_1,tech_69,Core,2016-10-26
startup_1,tech_4,Supporting,2012-04-02
startup_1,tech_11,Core,2020-04-22
startup_2,tech_55,Supporting,2018-09-03
startup_2,tech_9,Important,2019-08-08
startup_2,tech_74,Important,2021-10-17
startup_2,tech_23,Core,2021-05-06
startup_2,tech_4,Supporting,2020-05-26
startup_2,tech_6,Supporting,2022-05-20
startup_2,tech_41,Supporting,2019-06-19
startup_3,tech_8,Important,2021-09-03
startup_3,tech_42,Important,2023-12-19
startup_3,tech_11,Core,2023-04-19
startup_3,tech_65,Important,2024-11-12
startup_3,tech_56,Supporting,2024-06-24
startup_3,tech_77,Core,2021-07-19
startup_3,tech_9,Core,2023-07-02
startup_3,tech_32,Core,2024-07-17
startup_4,tech_27,Core,2023-05-04
startup_4,tech_28,Core,2018-09-30
startup_4,tech_67,Important,2017-03-03
startup_4,tech_78,Core,2020-04-02
startup_4,tech_55,Supporting,2019-12-18
startup_4,tech_5,Important,2025-02-03
startup_5,tech_41,Important,2019-01-06
startup_5,tech_28,Core,2014-01-03
startup_5,tech_14,Core,2021-05-12
startup_6,tech_57,Core,2025-04-27
startup_6,tech_6,Core,2025-05-18
startup_6,tech_70,Core,2025-05-12
startup_6,tech_20,Core,2025-05-10
startup_6,tech_50,Core,2025-04-27
startup_7,tech_45,Core,2012-11-02
startup_7,tech_19,Supporting,2013-12-23
startup_7,tech_52,Important,2016-12-03
startup_7,tech_61,Important,2016-07-10
startup_8,tech_59,Important,2019-10-12
startup_8,tech_40,Core,2022-05-13
startup_8,tech_48,Important,2021-10-04
startup_8,tech_46,Core,2023-10-08
startup_8,tech_61,Important,2023-01-24
startup_9,tech_70,Core,2018-01-23
startup_9,tech_12,Important,2019-04-12
startup_9,tech_52,Supporting,2020-03-10
startup_9,tech_37,Supporting,2018-07-17
startup_9,tech_43,Important,2022-07-21
startup_9,tech_50,Supporting,2018-01-13
startup_10,tech_24,Supporting,2017-01-09
startup_10,tech_61,Important,2024-08-01
startup_10,tech_59,Important,2023-10-17
startup_11,tech_15,Important,2021-07-23
startup_11,tech_6,Core,2021-12-16
startup_11,tech_68,Important,2025-02-09
startup_11,tech_58,Supporting,2023-11-24
startup_11,tech_26,Important,2022-12-08
startup_12,tech_41,Core,2024-03-11
startup_12,tech_24,Core,2025-03-30
startup_12,tech_43,Important,2024-08-26
startup_12,tech_58,Supporting,2024-06-10
startup_12,tech_76,Core,2024-11-16
startup_12,tech_36,Supporting,2023-11-03
startup_12,tech_74,Important,2023-06-21
startup_13,tech_63,Supporting,2018-05-22
startup_13,tech_38,Core,2022-10-27
startup_13,tech_7,Core,2021-03-20
startup_13,tech_31,Supporting,2024-02-19
startup_13,tech_6,Core,2020-11-10
startup_13,tech_43,Important,2022-10-25
startup_14,tech_11,Important,2024-10-20
startup_14,tech_67,Important,2023-02-05
startup_14,tech_13,Important,2014-05-17
startup_15,tech_74,Important,2014-02-13
startup_15,tech_69,Core,2019-10-01
startup_15,tech_76,Supporting,2023-10-28
startup_16,tech_1,Core,2023-09-03
startup_16,tech_63,Supporting,2022-09-21
startup_16,tech_7,Supporting,2025-02-10
startup_16,tech_32,Important,2022-12-17
startup_16,tech_78,Core,2020-12-15
startup_16,tech_5,Important,2023-03-23
startup_16,tech_15,Supporting,2024-04-09
startup_16,tech_58,Important,2021-04-14
startup_17,tech_4,Core,2024-10-18
startup_17,tech_12,Supporting,2025-01-31
startup_17,tech_47,Supporting,2025-02-15
startup_17,tech_74,Important,2025-05-11
startup_18,tech_27,Core,2020-02-20
startup_18,tech_19,Supporting,2017-09-03
startup_18,tech_25,Supporting,2024-10-30
startup_18,tech_41,Core,2020-07-04
startup_18,tech_7,Core,2016-04-08
startup_18,tech_20,Supporting,2023-12-10
startup_18,tech_67,Core,2015-01-27
startup_18,tech_47,Important,2023-08-10
startup_19,tech_5,Supporting,2025-05-27
startup_19,tech_12,Core,2025-04-20
startup_19,tech_31,Core,2025-05-20
startup_19,tech_8,Important,2024-12-23
startup_19,tech_28,Core,2025-03-30
startup_19,tech_46,Core,2025-04-22
startup_20,tech_42,Core,2015-07-12
startup_20,tech_35,Supporting,2024-11-25
startup_20,tech_63,Supporting,2012-09-19
startup_20,tech_40,Supporting,2019-10-06
startup_20,tech_72,Supporting,2015-11-01
startup_21,tech_51,Supporting,2017-02-10
startup_21,tech_54,Supporting,2019-12-16
startup_21,tech_72,Supporting,2023-04-21
startup_21,tech_77,Supporting,2021-10-23
startup_22,tech_47,Core,2024-10-09
startup_22,tech_54,Core,2022-03-03
startup_22,tech_61,Supporting,2022-08-25
startup_22,tech_41,Important,2024-08-04
startup_22,tech_56,Supporting,2023-04-09
startup_22,tech_2,Core,2024-08-27
startup_23,tech_43,Core,2021-09-28
startup_23,tech_28,Supporting,2024-01-29
startup_23,tech_5,Core,2020-11-10
startup_23,tech_4,Core,2019-06-30
startup_23,tech_20,Supporting,2023-08-05
startup_24,tech_48,Important,2016-11-19
startup_24,tech_59,Important,2022-08-03
startup_24,tech_45,Supporting,2014-04-06
startup_24,tech_54,Core,2019-12-10
startup_24,tech_26,Supporting,2022-07-13
startup_24,tech_47,Important,2016-08-03
startup_24,tech_0,Supporting,2024-02-25
startup_25,tech_21,Core,2023-11-18
startup_25,tech_67,Supporting,2021-07-20
startup_25,tech_71,Core,2020-10-31
startup_25,tech_48,Core,2019-03-26
startup_26,tech_54,Core,2017-12-25
startup_26,tech_34,Supporting,2024-02-22
startup_26,tech_67,Important,2020-12-07
startup_26,tech_62,Core,2022-03-30
startup_26,tech_51,Core,2025-04-17
startup_26,tech_18,Important,2021-05-29
startup_26,tech_37,Important,2023-06-25
startup_26,tech_31,Core,2016-03-08
startup_27,tech_63,Core,2021-03-02
startup_27,tech_23,Important,2025-05-04
startup_27,tech_75,Important,2017-10-05
startup_28,tech_52,Important,2018-06-24
startup_28,tech_39,Core,2017-04-02
startup_28,tech_77,Important,2013-10-05
startup_28,tech_32,Supporting,2017-01-22
startup_28,tech_35,Supporting,2013-12-28
startup_28,tech_45,Supporting,2017-09-19
startup_29,tech_20,Core,2020-02-17
startup_29,tech_13,Important,2024-10-24
startup_29,tech_12,Supporting,2023-09-04
startup_30,tech_48,Core,2025-04-04
startup_30,tech_42,Important,2025-03-09
startup_30,tech_51,Core,2025-05-14
startup_31,tech_64,Important,2025-05-19
startup_31,tech_71,Supporting,2025-01-18
startup_31,tech_21,Supporting,2024-08-25
startup_31,tech_61,Important,2025-04-26
startup_31,tech_8,Important,2024-03-05
startup_31,tech_38,Important,2024-04-18
startup_31,tech_40,Supporting,2024-07-27
startup_32,tech_2,Important,2021-08-12
startup_32,tech_4,Core,2021-12-19
startup_32,tech_57,Important,2022-09-13
startup_32,tech_17,Core,2025-02-20
startup_32,tech_77,Supporting,2023-06-09
startup_32,tech_53,Core,2023-10-18
startup_33,tech_76,Supporting,2017-11-26
startup_33,tech_35,Important,2015-01-04
startup_33,tech_53,Supporting,2024-03-01
startup_33,tech_14,Supporting,2022-03-12
startup_33,tech_78,Important,2023-08-25
startup_33,tech_47,Supporting,2018-12-09
startup_33,tech_19,Important,2018-03-18
startup_34,tech_54,Supporting,2020-04-29
startup_34,tech_21,Important,2014-04-15
startup_34,tech_63,Supporting,2020-11-03
startup_34,tech_68,Important,2023-06-03
startup_34,tech_73,Important,2022-08-30
startup_34,tech_24,Supporting,2013-09-23
startup_34,tech_78,Core,2024-12-28
startup_35,tech_1,Core,2023-11-10
startup_35,tech_15,Core,2024-06-23
startup_35,tech_76,Important,2024-10-12
startup_35,tech_44,Supporting,2024-12-24
startup_35,tech_41,Supporting,2024-02-11
startup_36,tech_16,Important,2022-12-29
startup_36,tech_41,Core,2023-07-09
startup_36,tech_25,Important,2018-09-14
startup_36,tech_38,Supporting,2021-02-17
startup_36,tech_67,Core,2021-01-10
startup_37,tech_63,Supporting,2019-12-20
startup_37,tech_66,Supporting,2021-02-08
startup_37,tech_8,Supporting,2023-01-08
startup_37,tech_26,Important,2020-11-14
startup_37,tech_29,Core,2021-05-30
startup_37,tech_6,Important,2017-07-12
startup_37,tech_9,Core,2018-06-07
startup_38,tech_67,Supporting,2022-12-10
startup_38,tech_47,Core,2020-11-04
startup_38,tech_39,Important,2023-08-04
startup_38,tech_62,Core,2019-08-28
startup_38,tech_26,Supporting,2020-10-03
startup_39,tech_59,Important,2025-02-11
startup_39,tech_21,Supporting,2024-10-16
startup_39,tech_9,Core,2025-04-07
startup_40,tech_69,Important,2016-04-03
startup_40,tech_43,Important,2023-11-15
startup_40,tech_58,Core,2022-12-23
startup_40,tech_4,Supporting,2022-09-13
startup_41,tech_43,Supporting,2020-04-18
startup_41,tech_18,Supporting,2023-09-01
startup_41,tech_14,Important,2024-02-19
startup_41,tech_25,Supporting,2023-02-25
startup_41,tech_3,Supporting,2019-12-16
startup_41,tech_40,Core,2023-07-27
startup_41,tech_64,Supporting,2025-03-08
startup_41,tech_8,Supporting,2021-03-20
startup_42,tech_21,Core,2025-02-08
startup_42,tech_17,Core,2018-02-11
startup_42,tech_33,Supporting,2025-01-28
startup_42,tech_10,Core,2014-10-29
startup_43,tech_13,Supporting,2023-12-02
startup_43,tech_34,Important,2024-02-02
startup_43,tech_19,Supporting,2024-03-26
startup_43,tech_27,Supporting,2023-08-29
startup_43,tech_70,Important,2020-09-15
startup_44,tech_34,Core,2025-03-10
startup_44,tech_12,Supporting,2025-03-28
startup_44,tech_35,Important,2024-09-09
startup_44,tech_43,Important,2024-09-10
startup_44,tech_39,Core,2025-03-08
startup_44,tech_30,Important,2025-02-06
startup_44,tech_40,Important,2024-06-09
startup_45,tech_40,Supporting,2021-06-06
startup_45,tech_20,Important,2021-01-16
startup_45,tech_56,Supporting,2025-01-29
startup_45,tech_12,Supporting,2021-05-18
startup_45,tech_69,Supporting,2021-01-04
startup_46,tech_66,Supporting,2022-02-24
startup_46,tech_26,Supporting,2025-04-11
startup_46,tech_55,Supporting,2022-06-18
startup_46,tech_54,Supporting,2021-03-04
startup_47,tech_26,Supporting,2016-12-28
startup_47,tech_23,Core,2017-04-24
startup_47,tech_15,Important,2014-10-22
startup_47,tech_28,Core,2022-12-30
startup_47,tech_8,Important,2015-02-20
startup_48,tech_65,Important,2015-04-05
startup_48,tech_59,Important,2023-08-28
startup_48,tech_38,Important,2021-04-06
startup_48,tech_54,Important,2022-08-01
startup_48,tech_46,Supporting,2017-11-28
startup_48,tech_9,Important,2017-02-18
startup_48,tech_15,Supporting,2020-06-28
startup_48,tech_67,Core,2020-06-25
startup_49,tech_7,Supporting,2016-10-02
startup_49,tech_8,Core,2011-08-20
startup_49,tech_24,Important,2015-12-21
startup_49,tech_72,Supporting,2015-08-07
startup_49,tech_62,Core,2019-11-19
startup_49,tech_1,Core,2011-08-08
startup_49,tech_37,Supporting,2023-01-13
startup_50,tech_78,Core,2021-11-20
startup_50,tech_73,Important,2024-01-23
startup_50,tech_35,Important,2022-07-02
startup_50,tech_16,Important,2023-01-30
startup_50,tech_54,Core,2025-05-19
startup_50,tech_26,Core,2022-11-22
startup_50,tech_65,Core,2023-07-22
startup_51,tech_47,Important,2025-01-08
startup_51,tech_53,Supporting,2012-09-16
startup_51,tech_44,Important,2021-06-11
startup_51,tech_36,Important,2023-10-18
startup_51,tech_24,Important,2015-10-23
startup_51,tech_78,Supporting,2015-05-12
startup_51,tech_21,Important,2022-01-18
startup_52,tech_52,Important,2023-06-09
startup_52,tech_44,Supporting,2025-02-22
startup_52,tech_12,Supporting,2022-05-24
startup_52,tech_49,Supporting,2023-04-08
startup_52,tech_20,Core,2023-05-13
startup_52,tech_16,Important,2022-10-06
startup_52,tech_42,Core,2024-01-13
startup_53,tech_6,Important,2023-06-24
startup_53,tech_2,Supporting,2017-04-12
startup_53,tech_64,Important,2017-05-05
startup_53,tech_9,Supporting,2019-09-20
startup_53,tech_8,Core,2024-04-22
startup_53,tech_20,Core,2018-08-20
startup_53,tech_44,Supporting,2020-11-13
startup_54,tech_23,Important,2025-02-20
startup_54,tech_36,Supporting,2025-04-02
startup_54,tech_2,Important,2023-09-17
startup_54,tech_53,Supporting,2023-09-16
startup_54,tech_79,Important,2022-09-23
startup_54,tech_24,Supporting,2023-04-30
startup_54,tech_13,Important,2024-09-23
startup_54,tech_49,Supporting,2023-04-17
startup_55,tech_71,Core,2025-05-18
startup_55,tech_48,Supporting,2025-06-05
startup_55,tech_18,Supporting,2025-05-15
startup_56,tech_53,Core,2021-06-19
startup_56,tech_22,Core,2019-11-06
startup_56,tech_58,Important,2024-08-21
startup_57,tech_57,Core,2018-10-27
startup_57,tech_79,Core,2024-03-30
startup_57,tech_42,Important,2020-04-01
startup_57,tech_59,Core,2018-02-12
startup_58,tech_19,Important,2025-03-22
startup_58,tech_51,Important,2023-08-25
startup_58,tech_40,Core,2023-10-18
startup_59,tech_34,Important,2024-01-18
startup_59,tech_9,Core,2017-07-28
startup_59,tech_23,Important,2023-12-18
startup_59,tech_28,Supporting,2021-04-18
startup_59,tech_58,Supporting,2021-12-07
startup_60,tech_5,Core,2023-06-11
startup_60,tech_16,Supporting,2023-04-19
startup_60,tech_60,Core,2019-08-18
startup_60,tech_78,Core,2021-10-25
startup_60,tech_71,Supporting,2023-06-05
startup_60,tech_77,Core,2022-11-08
startup_60,tech_19,Important,2019-05-26
startup_60,tech_8,Important,2021-10-08
startup_61,tech_23,Important,2017-02-12
startup_61,tech_39,Supporting,2022-11-25
startup_61,tech_33,Supporting,2013-02-02
startup_61,tech_19,Core,2018-12-08
startup_61,tech_58,Important,2014-12-31
startup_62,tech_38,Supporting,2025-04-14
startup_62,tech_15,Important,2019-09-15
startup_62,tech_11,Core,2024-10-14
startup_62,tech_63,Supporting,2024-07-01
startup_62,tech_35,Important,2021-06-23
startup_62,tech_74,Important,2019-06-04
startup_62,tech_59,Important,2022-03-09
startup_63,tech_39,Supporting,2025-05-01
startup_63,tech_1,Core,2017-03-14
startup_63,tech_58,Important,2014-02-27
startup_64,tech_17,Core,2024-12-23
startup_64,tech_28,Supporting,2020-08-01
startup_64,tech_56,Important,2020-05-04
startup_64,tech_19,Important,2019-10-12
startup_64,tech_77,Core,2023-08-22
startup_64,tech_76,Important,2024-04-30
startup_64,tech_59,Supporting,2025-05-30
startup_64,tech_79,Important,2020-01-23
startup_65,tech_72,Supporting,2023-09-15
startup_65,tech_65,Supporting,2020-11-13
startup_65,tech_62,Supporting,2021-08-13
startup_65,tech_67,Core,2022-10-29
startup_66,tech_23,Important,2025-05-26
startup_66,tech_79,Supporting,2025-05-25
startup_66,tech_32,Important,2025-05-26
startup_66,tech_39,Important,2025-05-23
startup_66,tech_35,Core,2025-06-05
startup_66,tech_62,Supporting,2025-05-21
startup_67,tech_46,Supporting,2023-08-26
startup_67,tech_6,Core,2024-07-10
startup_67,tech_0,Important,2023-07-27
startup_67,tech_73,Supporting,2023-03-29
startup_67,tech_71,Supporting,2023-03-14
startup_68,tech_58,Supporting,2024-04-06
startup_68,tech_31,Important,2024-07-22
startup_68,tech_9,Supporting,2024-02-05
startup_68,tech_24,Core,2025-03-17
startup_69,tech_0,Supporting,2021-03-26
startup_69,tech_59,Core,2023-03-29
startup_69,tech_23,Supporting,2020-05-27
startup_69,tech_10,Core,2025-02-18
startup_70,tech_29,Important,2022-07-25
startup_70,tech_50,Important,2015-07-02
startup_70,tech_22,Supporting,2022-04-21
startup_70,tech_10,Core,2021-06-22
startup_70,tech_67,Supporting,2022-11-02
startup_70,tech_23,Supporting,2014-07-16
startup_70,tech_27,Supporting,2024-02-19
startup_71,tech_61,Supporting,2025-01-03
startup_71,tech_18,Supporting,2024-07-28
startup_71,tech_13,Important,2023-12-24
startup_71,tech_21,Core,2025-03-08
startup_71,tech_36,Important,2024-01-23
startup_71,tech_76,Core,2024-04-04
startup_72,tech_34,Important,2017-06-17
startup_72,tech_5,Supporting,2023-06-06
startup_72,tech_26,Core,2016-09-07
startup_72,tech_61,Important,2019-05-13
startup_72,tech_40,Core,2020-11-27
startup_72,tech_10,Supporting,2019-10-04
startup_72,tech_19,Core,2020-04-18
startup_73,tech_4,Important,2018-03-30
startup_73,tech_39,Core,2021-06-22
startup_73,tech_43,Supporting,2014-10-09
startup_73,tech_78,Supporting,2017-03-30
startup_73,tech_38,Important,2025-05-04
startup_73,tech_17,Supporting,2023-03-29
startup_73,tech_9,Supporting,2017-06-20
startup_74,tech_16,Important,2019-04-09
startup_74,tech_44,Important,2023-11-28
startup_74,tech_29,Core,2018-12-11
startup_74,tech_73,Important,2023-07-13
startup_74,tech_45,Supporting,2018-05-07
startup_74,tech_66,Important,2022-01-07
startup_74,tech_71,Important,2025-04-09
startup_75,tech_28,Important,2022-02-08
startup_75,tech_72,Core,2021-02-06
startup_75,tech_11,Important,2024-01-16
startup_75,tech_29,Important,2019-11-21
startup_76,tech_52,Supporting,2014-09-19
startup_76,tech_3,Supporting,2015-06-18
startup_76,tech_55,Core,2015-01-30
startup_76,tech_38,Core,2011-11-02
startup_76,tech_19,Important,2021-11-19
startup_77,tech_20,Important,2018-03-17
startup_77,tech_25,Supporting,2023-11-23
startup_77,tech_23,Important,2018-08-19
startup_77,tech_47,Supporting,2013-10-17
startup_78,tech_18,Supporting,2022-07-17
startup_78,tech_9,Supporting,2016-09-23
startup_78,tech_5,Supporting,2015-04-13
startup_79,tech_32,Supporting,2024-10-20
startup_79,tech_26,Supporting,2024-12-04
startup_79,tech_67,Core,2024-07-31
startup_79,tech_65,Important,2024-09-04
startup_79,tech_34,Important,2024-06-12
startup_80,tech_53,Core,2020-10-08
startup_80,tech_71,Core,2018-11-12
startup_80,tech_69,Supporting,2022-03-07
startup_80,tech_79,Important,2023-09-12
startup_81,tech_75,Supporting,2024-04-16
startup_81,tech_6,Important,2023-11-01
startup_81,tech_14,Supporting,2023-02-17
startup_81,tech_44,Supporting,2024-09-26
startup_81,tech_7,Core,2024-12-08
startup_81,tech_72,Supporting,2024-03-12
startup_81,tech_64,Supporting,2023-08-26
startup_81,tech_77,Important,2025-02-10
startup_82,tech_30,Important,2015-01-02
startup_82,tech_20,Core,2020-05-06
startup_82,tech_49,Supporting,2021-02-03
startup_82,tech_53,Core,2021-09-25
startup_82,tech_12,Core,2022-09-02
startup_83,tech_13,Important,2022-04-02
startup_83,tech_56,Supporting,2024-03-28
startup_83,tech_55,Core,2020-08-28
startup_83,tech_34,Supporting,2021-12-08
startup_84,tech_51,Core,2018-07-12
startup_84,tech_65,Important,2018-01-22
startup_84,tech_30,Core,2024-02-25
startup_84,tech_60,Important,2020-04-20
startup_84,tech_77,Core,2015-03-28
startup_84,tech_75,Core,2021-05-13
startup_84,tech_54,Important,2024-10-06
startup_84,tech_3,Supporting,2020-10-01
startup_85,tech_39,Supporting,2023-08-12
startup_85,tech_24,Core,2023-12-17
startup_85,tech_59,Supporting,2024-05-27
startup_86,tech_47,Supporting,2024-06-27
startup_86,tech_51,Supporting,2024-12-29
startup_86,tech_15,Supporting,2024-11-23
startup_86,tech_56,Supporting,2024-11-14
startup_86,tech_18,Supporting,2025-06-04
startup_87,tech_48,Supporting,2021-11-05
startup_87,tech_61,Important,2024-04-16
startup_87,tech_10,Core,2016-07-11
startup_87,tech_59,Core,2015-12-03
startup_87,tech_36,Supporting,2020-04-21
startup_87,tech_23,Supporting,2023-02-04
startup_87,tech_15,Core,2012-12-08
startup_88,tech_57,Important,2024-12-31
startup_88,tech_54,Core,2025-04-21
startup_88,tech_29,Supporting,2025-01-11
startup_88,tech_79,Supporting,2025-05-11
startup_88,tech_62,Core,2025-05-11
startup_89,tech_40,Core,2015-03-15
startup_89,tech_5,Important,2025-01-10
startup_89,tech_50,Important,2017-01-31
startup_89,tech_11,Core,2014-08-23
startup_90,tech_61,Core,2023-12-23
startup_90,tech_68,Supporting,2024-05-03
startup_90,tech_49,Supporting,2024-01-15
startup_90,tech_16,Important,2022-09-28
startup_90,tech_20,Supporting,2023-05-14
startup_90,tech_13,Important,2024-10-22
startup_90,tech_9,Core,2023-12-27
startup_90,tech_69,Supporting,2025-03-13
startup_91,tech_51,Important,2025-05-24
startup_91,tech_65,Core,2025-06-04
startup_91,tech_8,Supporting,2025-05-24
startup_91,tech_23,Important,2025-05-29
startup_91,tech_0,Core,2025-05-24
startup_91,tech_67,Core,2025-05-31
startup_91,tech_25,Core,2025-05-24
startup_92,tech_0,Supporting,2019-05-19
startup_92,tech_27,Core,2020-07-07
startup_92,tech_54,Core,2019-03-20
startup_92,tech_73,Core,2020-05-26
startup_92,tech_1,Core,2020-04-01
startup_92,tech_55,Core,2025-04-06
startup_93,tech_77,Supporting,2019-06-13
startup_93,tech_25,Supporting,2019-11-24
startup_93,tech_52,Important,2016-09-03
startup_93,tech_39,Supporting,2014-09-25
startup_93,tech_2,Core,2014-05-17
startup_93,tech_57,Important,2014-11-11
startup_93,tech_53,Important,2015-01-30
startup_94,tech_69,Important,2025-05-17
startup_94,tech_26,Important,2021-09-13
startup_94,tech_68,Core,2018-12-31
startup_94,tech_56,Supporting,2024-02-06
startup_94,tech_60,Core,2020-08-17
startup_94,tech_21,Supporting,2024-04-02
startup_94,tech_52,Supporting,2025-02-12
startup_94,tech_46,Supporting,2022-04-19
startup_95,tech_26,Supporting,2025-02-20
startup_95,tech_50,Core,2025-02-22
startup_95,tech_14,Supporting,2024-05-10
startup_95,tech_59,Important,2025-05-08
startup_96,tech_0,Important,2017-02-10
startup_96,tech_39,Important,2016-12-03
startup_96,tech_31,Core,2017-05-11
startup_96,tech_45,Important,2024-12-26
startup_96,tech_67,Important,2016-03-09
startup_96,tech_9,Important,2018-12-19
startup_97,tech_67,Core,2024-07-15
startup_97,tech_10,Core,2022-07-19
startup_97,tech_19,Supporting,2021-07-04
startup_97,tech_18,Core,2019-12-08
startup_97,tech_65,Core,2021-04-28
startup_97,tech_41,Supporting,2020-10-16
startup_97,tech_59,Core,2021-01-20
startup_97,tech_53,Important,2020-10-26
startup_98,tech_8,Important,2025-01-20
startup_98,tech_29,Supporting,2024-10-01
startup_98,tech_60,Important,2024-11-21
startup_98,tech_42,Supporting,2025-01-01
startup_99,tech_79,Supporting,2019-09-17
startup_99,tech_28,Core,2019-03-11
startup_99,tech_18,Important,2024-01-11
startup_100,tech_13,Core,2025-04-15
startup_100,tech_44,Supporting,2023-12-11
startup_100,tech_79,Important,2024-04-06
startup_100,tech_22,Supporting,2022-08-27
startup_100,tech_20,Core,2024-07-13
startup_101,tech_64,Important,2023-06-01
startup_101,tech_53,Core,2023-06-16
startup_101,tech_0,Core,2024-04-09
startup_101,tech_67,Supporting,2025-03-19
startup_101,tech_16,Supporting,2019-03-19
startup_101,tech_28,Supporting,2021-06-10
startup_101,tech_34,Important,2020-01-27
startup_101,tech_6,Important,2020-12-05
startup_102,tech_62,Important,2019-01-27
startup_102,tech_19,Important,2014-10-29
startup_102,tech_25,Supporting,2013-09-15
startup_102,tech_1,Important,2024-05-31
startup_102,tech_71,Core,2021-03-13
startup_102,tech_30,Important,2013-05-10
startup_103,tech_65,Core,2024-09-07
startup_103,tech_49,Supporting,2024-10-28
startup_103,tech_25,Important,2022-02-18
startup_104,tech_61,Important,2024-04-03
startup_104,tech_29,Supporting,2015-08-17
startup_104,tech_30,Important,2016-10-26
startup_104,tech_35,Important,2020-07-18
startup_104,tech_68,Supporting,2015-02-08
startup_104,tech_20,Core,2018-02-25
startup_104,tech_6,Supporting,2014-07-31
startup_105,tech_3,Core,2023-08-23
startup_105,tech_16,Core,2025-04-22
startup_105,tech_10,Important,2025-01-12
startup_105,tech_31,Core,2022-06-17
startup_105,tech_58,Core,2021-10-02
startup_105,tech_51,Important,2021-09-29
startup_106,tech_56,Core,2023-05-25
startup_106,tech_59,Supporting,2025-02-11
startup_106,tech_68,Supporting,2024-03-17
startup_106,tech_14,Important,2024-10-03
startup_107,tech_59,Important,2022-01-03
startup_107,tech_0,Core,2022-10-04
startup_107,tech_3,Important,2020-01-24
startup_107,tech_67,Supporting,2021-04-01
startup_107,tech_37,Supporting,2022-03-10
startup_107,tech_61,Supporting,2022-04-21
startup_107,tech_63,Supporting,2021-01-05
startup_108,tech_68,Supporting,2023-12-01
startup_108,tech_31,Important,2024-03-16
startup_108,tech_48,Core,2025-06-04
startup_109,tech_32,Important,2022-03-28
startup_109,tech_28,Supporting,2021-09-27
startup_109,tech_35,Important,2022-01-05
startup_110,tech_37,Core,2021-05-02
startup_110,tech_31,Supporting,2018-12-19
startup_110,tech_6,Core,2018-11-02
startup_110,tech_22,Supporting,2024-03-09
startup_111,tech_56,Important,2020-04-28
startup_111,tech_17,Core,2017-04-03
startup_111,tech_72,Supporting,2017-07-08
startup_111,tech_69,Core,2024-07-05
startup_111,tech_25,Core,2017-09-29
startup_111,tech_71,Core,2014-07-31
startup_112,tech_75,Important,2025-03-27
startup_112,tech_65,Important,2025-02-15
startup_112,tech_35,Important,2024-07-31
startup_112,tech_29,Core,2024-11-22
startup_112,tech_5,Important,2024-09-27
startup_112,tech_26,Supporting,2024-11-04
startup_112,tech_12,Supporting,2024-10-11
startup_113,tech_42,Important,2025-05-29
startup_113,tech_57,Supporting,2021-02-13
startup_113,tech_12,Important,2020-05-09
startup_113,tech_63,Core,2015-05-27
startup_114,tech_43,Important,2021-04-28
startup_114,tech_28,Important,2024-05-29
startup_114,tech_7,Supporting,2023-03-20
startup_114,tech_11,Core,2023-01-15
startup_115,tech_62,Important,2019-09-04
startup_115,tech_65,Important,2015-10-24
startup_115,tech_76,Important,2021-11-15
startup_115,tech_9,Important,2019-05-23
startup_115,tech_60,Supporting,2019-09-14
startup_115,tech_8,Important,2022-08-17
startup_115,tech_70,Core,2024-12-24
startup_116,tech_31,Important,2025-03-17
startup_116,tech_71,Supporting,2025-05-01
startup_116,tech_26,Core,2025-06-02
startup_116,tech_79,Supporting,2025-05-29
startup_117,tech_75,Core,2025-02-05
startup_117,tech_22,Core,2025-03-19
startup_117,tech_10,Supporting,2025-03-25
startup_117,tech_69,Core,2025-04-25
startup_117,tech_39,Supporting,2024-11-07
startup_117,tech_48,Supporting,2024-03-30
startup_117,tech_74,Important,2025-02-27
startup_117,tech_5,Supporting,2025-03-06
startup_118,tech_42,Important,2016-05-27
startup_118,tech_46,Core,2019-07-10
startup_118,tech_24,Supporting,2017-10-07
startup_118,tech_37,Supporting,2020-05-26
startup_118,tech_6,Core,2015-09-02
startup_118,tech_72,Core,2019-02-17
startup_118,tech_27,Supporting,2015-05-22
startup_118,tech_11,Supporting,2015-05-19
startup_119,tech_15,Core,2023-06-26
startup_119,tech_48,Supporting,2020-07-31
startup_119,tech_40,Core,2025-03-28
startup_119,tech_63,Core,2015-05-14
startup_119,tech_70,Supporting,2022-01-21
startup_120,tech_25,Core,2022-02-20
startup_120,tech_54,Important,2025-01-25
startup_120,tech_23,Supporting,2024-06-12
startup_120,tech_9,Core,2020-06-30
startup_120,tech_35,Important,2020-11-08
startup_120,tech_48,Important,2023-10-06
startup_121,tech_35,Important,2023-07-29
startup_121,tech_16,Supporting,2012-09-16
startup_121,tech_48,Core,2019-10-20
startup_122,tech_74,Important,2025-05-10
startup_122,tech_38,Important,2025-03-11
startup_122,tech_67,Supporting,2025-05-01
startup_122,tech_18,Core,2025-06-05
startup_123,tech_36,Supporting,2024-01-12
startup_123,tech_3,Supporting,2022-05-22
startup_123,tech_23,Important,2020-08-18
startup_123,tech_37,Important,2023-05-25
startup_123,tech_42,Core,2021-10-10
startup_124,tech_47,Important,2025-02-01
startup_124,tech_1,Core,2019-07-09
startup_124,tech_32,Core,2017-04-23
startup_124,tech_30,Important,2018-10-17
startup_124,tech_54,Important,2020-02-01
startup_124,tech_18,Important,2016-06-04
startup_124,tech_29,Core,2020-07-18
startup_125,tech_78,Core,2012-06-13
startup_125,tech_71,Core,2022-04-03
startup_125,tech_19,Core,2022-02-10
startup_126,tech_75,Important,2024-12-06
startup_126,tech_14,Important,2016-09-06
startup_126,tech_57,Important,2018-02-18
startup_126,tech_42,Core,2019-07-01
startup_126,tech_19,Important,2014-11-10
startup_126,tech_60,Core,2021-07-28
startup_126,tech_10,Core,2014-01-24
startup_127,tech_68,Supporting,2024-12-04
startup_127,tech_43,Supporting,2020-02-10
startup_127,tech_9,Important,2018-02-20
startup_127,tech_65,Important,2015-08-19
startup_127,tech_37,Core,2018-12-10
startup_128,tech_49,Supporting,2025-04-10
startup_128,tech_68,Core,2025-05-21
startup_128,tech_40,Important,2025-04-19
startup_128,tech_19,Supporting,2025-05-10
startup_128,tech_22,Supporting,2025-05-27
startup_128,tech_35,Supporting,2025-04-28
startup_129,tech_13,Important,2018-05-19
startup_129,tech_32,Important,2021-10-25
startup_129,tech_12,Important,2019-01-23
startup_129,tech_10,Core,2018-11-05
startup_129,tech_43,Supporting,2023-05-07
startup_129,tech_68,Supporting,2018-12-09
startup_130,tech_14,Core,2024-04-04
startup_130,tech_8,Important,2025-02-16
startup_130,tech_40,Supporting,2024-05-10
startup_130,tech_57,Core,2024-03-29
startup_130,tech_16,Important,2024-09-13
startup_131,tech_64,Supporting,2024-04-08
startup_131,tech_52,Important,2024-04-15
startup_131,tech_44,Supporting,2016-10-25
startup_131,tech_66,Important,2019-07-12
startup_132,tech_3,Core,2018-04-11
startup_132,tech_31,Core,2024-12-28
startup_132,tech_16,Core,2016-01-26
startup_132,tech_71,Supporting,2017-06-02
startup_133,tech_78,Important,2022-07-25
startup_133,tech_42,Core,2020-06-13
startup_133,tech_0,Core,2015-08-21
startup_133,tech_25,Important,2015-01-02
startup_133,tech_21,Supporting,2016-04-18
startup_133,tech_59,Core,2023-02-04
startup_134,tech_25,Core,2024-07-10
startup_134,tech_41,Supporting,2023-11-18
startup_134,tech_50,Core,2024-07-15
startup_134,tech_70,Important,2024-03-24
startup_134,tech_4,Supporting,2024-06-13
startup_135,tech_31,Supporting,2022-09-28
startup_135,tech_51,Supporting,2021-03-11
startup_135,tech_55,Supporting,2019-09-26
startup_135,tech_43,Supporting,2020-07-17
startup_135,tech_72,Supporting,2022-05-10
startup_135,tech_25,Supporting,2020-06-22
startup_135,tech_50,Important,2019-11-06
startup_135,tech_68,Important,2025-01-21
startup_136,tech_63,Important,2020-10-18
startup_136,tech_18,Supporting,2022-11-08
startup_136,tech_55,Supporting,2020-11-08
startup_136,tech_33,Important,2022-06-27
startup_136,tech_36,Core,2018-09-30
startup_137,tech_44,Important,2023-07-29
startup_137,tech_39,Supporting,2023-05-05
startup_137,tech_66,Important,2024-03-07
startup_137,tech_61,Core,2024-04-07
startup_137,tech_15,Supporting,2023-03-09
startup_138,tech_38,Core,2023-10-02
startup_138,tech_61,Core,2025-01-20
startup_138,tech_53,Supporting,2023-12-29
startup_138,tech_36,Supporting,2025-02-17
startup_138,tech_65,Supporting,2025-01-26
startup_138,tech_40,Core,2023-11-02
startup_138,tech_50,Supporting,2025-02-13
startup_138,tech_59,Supporting,2025-06-05
startup_139,tech_10,Important,2023-02-13
startup_139,tech_52,Supporting,2024-10-21
startup_139,tech_29,Important,2020-10-08
startup_139,tech_25,Important,2021-05-21
startup_139,tech_45,Core,2021-10-19
startup_139,tech_59,Supporting,2020-04-01
startup_139,tech_62,Important,2019-07-09
startup_140,tech_45,Important,2017-02-18
startup_140,tech_16,Core,2024-03-31
startup_140,tech_66,Core,2021-05-08
startup_140,tech_24,Important,2016-08-04
startup_140,tech_49,Supporting,2024-07-25
startup_140,tech_8,Core,2017-10-10
startup_141,tech_9,Core,2024-02-09
startup_141,tech_74,Important,2024-12-01
startup_141,tech_38,Supporting,2024-06-22
startup_141,tech_78,Important,2024-11-10
startup_141,tech_18,Core,2020-07-10
startup_141,tech_65,Supporting,2023-05-29
startup_141,tech_44,Important,2024-10-03
startup_141,tech_10,Core,2023-11-23
startup_142,tech_26,Core,2024-10-09
startup_142,tech_79,Important,2023-03-23
startup_142,tech_60,Supporting,2017-07-04
startup_142,tech_58,Supporting,2018-11-21
startup_142,tech_16,Core,2017-06-04
startup_142,tech_68,Core,2022-05-06
startup_143,tech_44,Important,2020-05-09
startup_143,tech_26,Core,2023-06-14
startup_143,tech_38,Core,2020-11-15
startup_143,tech_9,Important,2019-11-13
startup_143,tech_29,Supporting,2018-04-19
startup_143,tech_5,Important,2018-06-07
startup_144,tech_0,Core,2022-12-22
startup_144,tech_61,Supporting,2020-03-24
startup_144,tech_14,Supporting,2024-12-26
startup_144,tech_63,Important,2022-07-23
startup_144,tech_16,Important,2024-10-26
startup_145,tech_26,Important,2024-05-21
startup_145,tech_11,Core,2024-09-11
startup_145,tech_27,Core,2020-10-20
startup_145,tech_43,Supporting,2022-02-01
startup_145,tech_17,Supporting,2024-12-20
startup_145,tech_40,Important,2018-10-05
startup_145,tech_3,Supporting,2022-07-19
startup_145,tech_2,Core,2025-04-09
startup_146,tech_59,Important,2017-05-21
startup_146,tech_22,Core,2014-10-20
startup_146,tech_12,Core,2016-12-23
startup_147,tech_0,Important,2024-08-02
startup_147,tech_74,Core,2023-04-21
startup_147,tech_68,Supporting,2022-10-21
startup_147,tech_22,Important,2024-12-31
startup_148,tech_67,Important,2016-08-27
startup_148,tech_59,Important,2022-07-30
startup_148,tech_28,Supporting,2017-08-24
startup_149,tech_32,Core,2022-11-26
startup_149,tech_61,Supporting,2023-03-18
startup_149,tech_29,Important,2024-02-25
startup_149,tech_2,Important,2022-12-13
startup_149,tech_43,Core,2023-02-21
startup_149,tech_36,Core,2025-01-30
startup_149,tech_62,Important,2022-03-10
startup_150,tech_30,Core,2019-05-30
startup_150,tech_72,Important,2024-12-12
startup_150,tech_64,Important,2015-04-18
startup_151,tech_71,Important,2024-12-03
startup_151,tech_4,Supporting,2023-08-04
startup_151,tech_70,Important,2024-07-20
startup_151,tech_48,Supporting,2023-07-21
startup_151,tech_76,Supporting,2024-07-04
startup_151,tech_57,Supporting,2023-10-21
startup_152,tech_62,Supporting,2022-10-20
startup_152,tech_49,Important,2021-02-08
startup_152,tech_17,Important,2022-04-23
startup_152,tech_36,Supporting,2021-03-13
startup_152,tech_8,Supporting,2020-06-13
startup_152,tech_70,Core,2022-03-10
startup_152,tech_55,Important,2021-06-17
startup_152,tech_69,Core,2024-03-17
startup_153,tech_63,Important,2021-09-05
startup_153,tech_38,Core,2025-05-31
startup_153,tech_52,Core,2020-05-26
startup_154,tech_37,Important,2022-09-17
startup_154,tech_6,Core,2023-12-01
startup_154,tech_13,Core,2024-03-23
startup_154,tech_69,Core,2023-03-09
startup_154,tech_52,Core,2024-11-15
startup_154,tech_63,Core,2022-12-07
startup_154,tech_21,Important,2023-03-31
startup_155,tech_64,Core,2021-01-13
startup_155,tech_16,Important,2020-10-13
startup_155,tech_74,Supporting,2020-05-05
startup_156,tech_31,Important,2021-09-03
startup_156,tech_28,Important,2024-07-23
startup_156,tech_16,Important,2021-04-13
startup_156,tech_51,Supporting,2023-07-31
startup_156,tech_72,Important,2021-03-10
startup_156,tech_67,Important,2019-03-16
startup_156,tech_25,Supporting,2017-04-27
startup_157,tech_16,Important,2015-05-27
startup_157,tech_73,Core,2022-05-26
startup_157,tech_5,Supporting,2017-04-08
startup_157,tech_6,Important,2023-01-14
startup_157,tech_20,Core,2018-07-24
startup_158,tech_7,Important,2022-08-13
startup_158,tech_79,Important,2013-04-09
startup_158,tech_6,Supporting,2016-06-15
startup_158,tech_57,Supporting,2015-06-11
startup_158,tech_31,Core,2024-03-16
startup_158,tech_32,Core,2017-07-01
startup_158,tech_59,Core,2019-03-03
startup_159,tech_78,Supporting,2025-05-08
startup_159,tech_17,Important,2025-03-09
startup_159,tech_38,Supporting,2024-09-21
startup_159,tech_23,Important,2025-04-17
startup_159,tech_32,Supporting,2025-01-03
startup_159,tech_57,Important,2025-04-12
startup_160,tech_7,Core,2025-05-07
startup_160,tech_31,Important,2024-06-22
startup_160,tech_75,Important,2024-08-03
startup_160,tech_9,Important,2025-03-11
startup_160,tech_30,Important,2024-06-19
startup_160,tech_55,Supporting,2024-06-19
startup_161,tech_9,Important,2019-12-06
startup_161,tech_45,Core,2024-04-01
startup_161,tech_51,Core,2017-08-15
startup_161,tech_42,Important,2023-04-27
startup_161,tech_19,Core,2013-03-12
startup_162,tech_1,Important,2025-02-23
startup_162,tech_74,Core,2023-05-05
startup_162,tech_67,Important,2024-06-10
startup_163,tech_3,Important,2024-09-20
startup_163,tech_11,Supporting,2013-07-10
startup_163,tech_4,Core,2023-10-07
startup_163,tech_55,Core,2024-03-24
startup_163,tech_26,Core,2016-11-22
startup_163,tech_19,Core,2013-04-21
startup_163,tech_72,Supporting,2014-07-13
startup_163,tech_75,Core,2018-03-09
startup_164,tech_5,Core,2020-11-14
startup_164,tech_21,Important,2021-05-09
startup_164,tech_49,Important,2017-11-18
startup_164,tech_56,Supporting,2019-01-28
startup_164,tech_54,Supporting,2015-06-07
startup_164,tech_40,Supporting,2025-05-23
startup_164,tech_32,Important,2014-08-16
startup_164,tech_48,Supporting,2018-02-14
startup_165,tech_27,Important,2016-01-10
startup_165,tech_35,Core,2015-11-03
startup_165,tech_13,Supporting,2015-10-01
startup_165,tech_7,Important,2017-11-17
startup_165,tech_4,Core,2024-04-22
startup_165,tech_42,Important,2021-05-14
startup_165,tech_20,Supporting,2013-12-23
startup_165,tech_11,Core,2016-05-16
startup_166,tech_71,Core,2019-03-23
startup_166,tech_47,Core,2023-01-28
startup_166,tech_27,Supporting,2020-07-29
startup_166,tech_17,Core,2019-02-17
startup_166,tech_49,Important,2020-12-13
startup_166,tech_12,Supporting,2023-09-04
startup_166,tech_67,Core,2023-03-14
startup_166,tech_22,Important,2023-06-16
startup_167,tech_8,Core,2015-07-10
startup_167,tech_53,Core,2021-06-10
startup_167,tech_50,Supporting,2018-06-05
startup_167,tech_9,Supporting,2022-11-19
startup_167,tech_26,Core,2018-11-11
startup_167,tech_77,Important,2016-02-05
startup_167,tech_39,Important,2025-01-10
startup_167,tech_68,Supporting,2015-12-10
startup_168,tech_69,Supporting,2020-11-06
startup_168,tech_79,Core,2022-05-08
startup_168,tech_17,Important,2020-06-25
startup_169,tech_68,Supporting,2021-05-28
startup_169,tech_14,Core,2021-10-18
startup_169,tech_28,Supporting,2021-03-14
startup_169,tech_15,Core,2020-12-29
startup_169,tech_0,Important,2020-10-16
startup_169,tech_48,Core,2025-04-19
startup_170,tech_67,Important,2021-01-04
startup_170,tech_77,Supporting,2023-09-30
startup_170,tech_30,Supporting,2014-11-15
startup_170,tech_68,Supporting,2016-08-29
startup_171,tech_57,Core,2020-11-04
startup_171,tech_42,Core,2022-01-21
startup_171,tech_63,Supporting,2021-05-24
startup_171,tech_75,Important,2022-12-24
startup_171,tech_35,Important,2024-12-17
startup_171,tech_0,Important,2024-05-14
startup_171,tech_48,Supporting,2023-02-10
startup_171,tech_2,Core,2022-12-01
startup_172,tech_5,Core,2024-03-08
startup_172,tech_32,Important,2024-07-09
startup_172,tech_77,Important,2024-03-03
startup_172,tech_65,Important,2025-01-01
startup_172,tech_42,Important,2024-11-14
startup_172,tech_55,Core,2024-05-14
startup_173,tech_9,Supporting,2024-04-19
startup_173,tech_63,Important,2020-07-04
startup_173,tech_72,Supporting,2022-05-01
startup_173,tech_6,Important,2025-03-08
startup_173,tech_15,Supporting,2015-06-05
startup_173,tech_22,Supporting,2013-04-28
startup_173,tech_46,Important,2013-03-15
startup_173,tech_69,Supporting,2018-12-15
startup_174,tech_63,Supporting,2021-11-25
startup_174,tech_22,Core,2022-12-08
startup_174,tech_49,Core,2022-07-20
startup_174,tech_16,Important,2024-05-02
startup_174,tech_56,Important,2020-02-24
startup_174,tech_55,Supporting,2019-07-03
startup_174,tech_69,Core,2023-04-12
startup_175,tech_22,Core,2019-07-23
startup_175,tech_48,Core,2024-04-01
startup_175,tech_71,Important,2021-04-14
startup_175,tech_62,Supporting,2020-08-28
startup_175,tech_30,Core,2019-07-13
startup_175,tech_33,Core,2025-03-10
startup_176,tech_77,Supporting,2025-05-19
startup_176,tech_24,Core,2025-05-21
startup_176,tech_54,Important,2025-04-02
startup_176,tech_60,Supporting,2025-05-25
startup_176,tech_52,Core,2025-03-21
startup_176,tech_65,Supporting,2025-04-07
startup_176,tech_70,Important,2025-04-07
startup_176,tech_30,Core,2025-04-01
startup_177,tech_54,Important,2024-05-25
startup_177,tech_12,Supporting,2023-08-08
startup_177,tech_69,Supporting,2022-12-08
startup_177,tech_61,Core,2023-02-21
startup_177,tech_42,Important,2025-02-19
startup_177,tech_1,Important,2024-03-17
startup_177,tech_35,Supporting,2023-12-06
startup_178,tech_16,Important,2021-10-23
startup_178,tech_59,Important,2021-06-19
startup_178,tech_52,Core,2013-10-05
startup_179,tech_8,Important,2019-05-11
startup_179,tech_11,Core,2018-05-01
startup_179,tech_42,Important,2020-01-14
startup_179,tech_48,Supporting,2019-01-30
startup_179,tech_45,Important,2021-03-05
startup_179,tech_62,Supporting,2025-03-22
startup_179,tech_2,Supporting,2019-03-01
startup_180,tech_17,Important,2017-09-22
startup_180,tech_64,Supporting,2024-05-20
startup_180,tech_33,Core,2011-05-14
startup_180,tech_24,Core,2016-08-09
startup_180,tech_6,Supporting,2013-09-13
startup_181,tech_28,Supporting,2012-08-22
startup_181,tech_30,Core,2011-12-18
startup_181,tech_50,Core,2017-03-09
startup_181,tech_20,Core,2022-11-21
startup_181,tech_19,Core,2019-04-07
startup_181,tech_11,Core,2017-11-28
startup_181,tech_3,Core,2011-09-18
startup_182,tech_5,Important,2023-09-15
startup_182,tech_73,Core,2019-04-07
startup_182,tech_35,Supporting,2020-04-28
startup_182,tech_37,Supporting,2024-09-10
startup_183,tech_52,Important,2021-06-30
startup_183,tech_77,Important,2023-03-18
startup_183,tech_57,Supporting,2024-07-31
startup_183,tech_8,Supporting,2021-06-01
startup_183,tech_74,Core,2021-01-31
startup_183,tech_43,Core,2022-11-19
startup_183,tech_42,Core,2023-08-15
startup_184,tech_48,Important,2022-12-27
startup_184,tech_44,Important,2024-06-15
startup_184,tech_25,Supporting,2017-10-26
startup_184,tech_16,Supporting,2020-08-27
startup_184,tech_75,Supporting,2017-11-29
startup_184,tech_28,Important,2019-09-14
startup_184,tech_11,Core,2017-09-29
startup_184,tech_30,Important,2022-02-11
startup_185,tech_0,Important,2019-03-27
startup_185,tech_25,Supporting,2023-06-09
startup_185,tech_34,Important,2016-12-09
startup_185,tech_8,Important,2023-05-23
startup_185,tech_29,Supporting,2019-05-18
startup_186,tech_5,Supporting,2024-02-05
startup_186,tech_29,Core,2020-11-13
startup_186,tech_22,Important,2020-08-25
startup_186,tech_30,Core,2022-08-19
startup_186,tech_79,Supporting,2021-11-16
startup_187,tech_34,Important,2025-03-04
startup_187,tech_73,Core,2017-09-23
startup_187,tech_61,Important,2024-09-24
startup_187,tech_68,Supporting,2016-08-18
startup_187,tech_24,Supporting,2023-12-16
startup_187,tech_0,Supporting,2022-03-24
startup_187,tech_41,Important,2021-11-17
startup_188,tech_74,Important,2024-10-07
startup_188,tech_73,Supporting,2024-08-30
startup_188,tech_21,Core,2024-11-22
startup_188,tech_17,Important,2025-01-24
startup_189,tech_9,Core,2020-11-17
startup_189,tech_42,Core,2023-08-09
startup_189,tech_10,Supporting,2022-06-12
startup_189,tech_74,Important,2023-05-26
startup_189,tech_67,Supporting,2024-09-17
startup_189,tech_37,Supporting,2022-06-13
startup_190,tech_27,Important,2024-08-20
startup_190,tech_15,Core,2024-07-03
startup_190,tech_44,Supporting,2024-08-03
startup_190,tech_41,Core,2023-02-22
startup_190,tech_73,Important,2021-11-03
startup_191,tech_15,Supporting,2014-03-05
startup_191,tech_54,Core,2018-04-28
startup_191,tech_22,Important,2017-09-05
startup_191,tech_27,Important,2013-04-09
startup_192,tech_30,Supporting,2022-11-09
startup_192,tech_54,Important,2023-01-12
startup_192,tech_5,Core,2025-04-22
startup_192,tech_62,Supporting,2024-10-01
startup_192,tech_29,Important,2019-05-24
startup_193,tech_23,Supporting,2020-09-11
startup_193,tech_21,Supporting,2021-12-03
startup_193,tech_64,Important,2024-01-19
startup_193,tech_6,Core,2019-10-17
startup_193,tech_31,Core,2018-06-30
startup_193,tech_17,Important,2024-06-06
startup_193,tech_66,Important,2020-08-21
startup_194,tech_78,Core,2025-04-17
startup_194,tech_12,Supporting,2025-03-25
startup_194,tech_43,Important,2025-03-19
startup_194,tech_72,Supporting,2025-05-22
startup_195,tech_11,Core,2023-12-01
startup_195,tech_79,Important,2022-08-01
startup_195,tech_28,Supporting,2018-09-15
startup_195,tech_68,Supporting,2022-09-04
startup_195,tech_50,Core,2022-08-04
startup_195,tech_65,Supporting,2019-04-25
startup_195,tech_52,Supporting,2021-03-27
startup_196,tech_67,Supporting,2025-05-28
startup_196,tech_5,Important,2025-05-17
startup_196,tech_58,Supporting,2024-09-12
startup_196,tech_69,Supporting,2024-09-09
startup_196,tech_15,Supporting,2024-07-30
startup_197,tech_69,Supporting,2024-05-11
startup_197,tech_14,Core,2025-03-30
startup_197,tech_57,Core,2023-06-06
startup_198,tech_52,Core,2023-06-27
startup_198,tech_50,Core,2023-07-02
startup_198,tech_67,Core,2021-07-12
startup_198,tech_10,Supporting,2022-10-06
startup_198,tech_33,Important,2024-11-08
startup_199,tech_33,Supporting,2021-07-05
startup_199,tech_54,Core,2022-09-23
startup_199,tech_48,Core,2023-02-22
startup_200,tech_76,Core,2020-05-14
startup_200,tech_23,Core,2015-03-28
startup_200,tech_53,Core,2017-11-11
startup_200,tech_55,Important,2025-05-20
startup_200,tech_10,Supporting,2013-03-25
startup_200,tech_54,Core,2013-04-14
startup_200,tech_8,Important,2023-07-04
startup_200,tech_66,Core,2024-02-29
startup_201,tech_29,Core,2019-01-06
startup_201,tech_48,Core,2018-04-06
startup_201,tech_7,Important,2023-04-29
startup_201,tech_42,Core,2022-12-03
startup_201,tech_32,Core,2022-10-03
startup_202,tech_45,Supporting,2024-11-29
startup_202,tech_2,Important,2023-05-31
startup_202,tech_47,Core,2023-10-03
startup_202,tech_16,Core,2022-09-21
startup_202,tech_32,Important,2024-12-24
startup_203,tech_55,Core,2017-11-16
startup_203,tech_31,Supporting,2021-04-29
startup_203,tech_77,Supporting,2016-03-26
startup_203,tech_21,Supporting,2024-09-01
startup_203,tech_47,Supporting,2023-01-22
startup_203,tech_37,Core,2013-11-16
startup_204,tech_4,Supporting,2024-12-23
startup_204,tech_79,Core,2024-07-10
startup_204,tech_69,Core,2024-03-15
startup_204,tech_11,Core,2023-10-25
startup_205,tech_18,Core,2024-08-12
startup_205,tech_69,Core,2019-10-11
startup_205,tech_15,Important,2022-10-09
startup_205,tech_14,Supporting,2021-11-19
startup_205,tech_53,Core,2021-12-03
startup_205,tech_20,Core,2022-03-26
startup_205,tech_23,Core,2023-12-20
startup_206,tech_59,Important,2025-04-01
startup_206,tech_16,Supporting,2023-12-13
startup_206,tech_15,Supporting,2023-07-08
startup_207,tech_69,Supporting,2015-09-18
startup_207,tech_25,Core,2014-01-24
startup_207,tech_37,Important,2019-08-10
startup_207,tech_32,Important,2024-11-02
startup_207,tech_28,Important,2021-04-23
startup_207,tech_44,Supporting,2015-10-10
startup_208,tech_53,Core,2024-03-13
startup_208,tech_4,Supporting,2025-01-23
startup_208,tech_0,Supporting,2025-04-16
startup_208,tech_42,Core,2025-04-10
startup_208,tech_45,Important,2024-03-22
startup_209,tech_58,Core,2011-08-08
startup_209,tech_53,Important,2024-04-11
startup_209,tech_36,Important,2014-07-30
startup_209,tech_25,Supporting,2013-04-27
startup_209,tech_79,Important,2016-05-15
startup_209,tech_26,Supporting,2024-04-03
startup_209,tech_61,Core,2013-04-04
startup_210,tech_31,Important,2015-03-06
startup_210,tech_7,Core,2023-01-07
startup_210,tech_34,Important,2018-06-01
startup_210,tech_55,Core,2015-02-03
startup_210,tech_15,Core,2020-09-25
startup_211,tech_37,Important,2025-05-09
startup_211,tech_21,Important,2023-11-07
startup_211,tech_27,Important,2023-02-13
startup_211,tech_17,Supporting,2025-02-27
startup_211,tech_65,Supporting,2022-08-25
startup_211,tech_4,Important,2022-08-19
startup_211,tech_6,Core,2024-11-18
startup_211,tech_46,Core,2022-06-29
startup_212,tech_5,Supporting,2018-04-08
startup_212,tech_65,Important,2020-01-19
startup_212,tech_50,Core,2017-12-19
startup_212,tech_9,Important,2021-10-07
startup_213,tech_61,Core,2015-07-28
startup_213,tech_54,Important,2021-11-02
startup_213,tech_32,Supporting,2019-10-25
startup_213,tech_21,Core,2017-01-29
startup_213,tech_29,Supporting,2019-12-31
startup_213,tech_65,Important,2019-03-07
startup_214,tech_48,Supporting,2024-09-30
startup_214,tech_53,Supporting,2024-10-31
startup_214,tech_47,Supporting,2023-03-08
startup_214,tech_30,Supporting,2024-06-27
startup_214,tech_38,Supporting,2024-04-30
startup_214,tech_23,Important,2023-05-29
startup_214,tech_34,Supporting,2023-12-11
startup_215,tech_26,Supporting,2014-08-12
startup_215,tech_61,Core,2015-11-24
startup_215,tech_29,Important,2021-10-03
startup_216,tech_25,Supporting,2025-01-24
startup_216,tech_71,Important,2024-11-18
startup_216,tech_70,Supporting,2024-09-06
startup_217,tech_61,Supporting,2025-05-30
startup_217,tech_10,Supporting,2025-05-17
startup_217,tech_1,Important,2025-06-02
startup_218,tech_61,Supporting,2024-11-25
startup_218,tech_23,Core,2017-06-17
startup_218,tech_76,Important,2022-08-28
startup_218,tech_66,Supporting,2020-03-15
startup_218,tech_7,Core,2023-04-22
startup_218,tech_38,Core,2016-01-19
startup_218,tech_43,Supporting,2024-12-21
startup_218,tech_39,Core,2020-08-08
startup_219,tech_4,Core,2023-05-17
startup_219,tech_57,Core,2023-04-13
startup_219,tech_48,Core,2025-03-16
startup_219,tech_38,Core,2024-04-08
startup_219,tech_47,Important,2025-03-02
startup_219,tech_14,Supporting,2025-04-13
startup_219,tech_37,Core,2023-02-14
startup_220,tech_9,Important,2021-11-07
startup_220,tech_68,Important,2014-08-07
startup_220,tech_55,Supporting,2021-10-17
startup_220,tech_22,Important,2023-11-08
startup_220,tech_72,Core,2024-01-28
startup_220,tech_45,Core,2019-07-28
startup_221,tech_33,Important,2023-01-23
startup_221,tech_66,Core,2024-08-17
startup_221,tech_43,Core,2024-04-10
startup_221,tech_27,Important,2024-11-21
startup_222,tech_61,Supporting,2019-08-02
startup_222,tech_16,Supporting,2018-04-12
startup_222,tech_49,Core,2021-12-13
startup_222,tech_29,Supporting,2023-11-01
startup_222,tech_59,Important,2022-12-19
startup_222,tech_55,Core,2022-03-02
startup_223,tech_38,Core,2021-10-20
startup_223,tech_22,Core,2016-12-09
startup_223,tech_52,Supporting,2016-04-05
startup_223,tech_78,Core,2022-07-30
startup_223,tech_75,Supporting,2018-02-15
startup_224,tech_60,Important,2021-08-27
startup_224,tech_25,Supporting,2024-02-08
startup_224,tech_27,Supporting,2022-12-26
startup_224,tech_11,Core,2024-09-13
startup_224,tech_63,Core,2025-05-08
startup_225,tech_77,Supporting,2024-01-06
startup_225,tech_20,Important,2025-02-23
startup_225,tech_55,Important,2024-11-11
startup_225,tech_56,Important,2023-09-12
startup_225,tech_62,Supporting,2024-04-11
startup_225,tech_33,Supporting,2024-03-31
startup_225,tech_73,Important,2025-05-01
startup_226,tech_4,Core,2024-04-19
startup_226,tech_30,Core,2017-07-18
startup_226,tech_16,Core,2021-07-01
startup_226,tech_39,Important,2018-08-02
startup_226,tech_46,Supporting,2024-04-24
startup_227,tech_52,Important,2018-09-28
startup_227,tech_8,Core,2024-01-05
startup_227,tech_24,Important,2021-08-05
startup_227,tech_0,Supporting,2019-07-02
startup_227,tech_53,Core,2024-01-25
startup_227,tech_27,Supporting,2020-12-24
startup_227,tech_10,Core,2023-12-08
startup_227,tech_18,Core,2023-02-11
startup_228,tech_8,Important,2024-02-01
startup_228,tech_0,Important,2024-02-29
startup_228,tech_40,Core,2024-05-01
startup_228,tech_36,Important,2024-12-31
startup_228,tech_6,Supporting,2025-04-27
startup_228,tech_20,Supporting,2024-04-17
startup_228,tech_14,Supporting,2024-11-15
startup_228,tech_73,Core,2024-06-29
startup_229,tech_12,Important,2018-10-07
startup_229,tech_7,Supporting,2022-11-06
startup_229,tech_19,Important,2021-08-21
startup_230,tech_5,Supporting,2021-01-27
startup_230,tech_72,Important,2025-01-02
startup_230,tech_75,Supporting,2022-12-10
startup_231,tech_0,Supporting,2016-04-15
startup_231,tech_40,Supporting,2023-01-19
startup_231,tech_36,Important,2016-02-14
startup_231,tech_57,Core,2018-08-12
startup_232,tech_61,Supporting,2024-03-19
startup_232,tech_60,Supporting,2021-11-20
startup_232,tech_17,Important,2022-09-24
startup_232,tech_66,Supporting,2024-06-16
startup_232,tech_59,Core,2023-02-09
startup_232,tech_11,Core,2020-06-23
startup_232,tech_51,Supporting,2021-09-06
startup_233,tech_72,Important,2020-10-31
startup_233,tech_62,Core,2024-11-09
startup_233,tech_69,Supporting,2018-08-07
startup_234,tech_36,Important,2017-12-06
startup_234,tech_10,Important,2020-12-04
startup_234,tech_16,Supporting,2024-01-18
startup_234,tech_13,Core,2018-12-16
startup_234,tech_60,Important,2018-03-30
startup_234,tech_50,Core,2017-08-19
startup_234,tech_25,Core,2019-01-09
startup_234,tech_49,Core,2016-01-16
startup_235,tech_40,Supporting,2024-11-24
startup_235,tech_16,Important,2024-06-19
startup_235,tech_29,Supporting,2025-03-18
startup_235,tech_51,Important,2024-02-26
startup_236,tech_34,Supporting,2017-08-26
startup_236,tech_45,Important,2017-12-15
startup_236,tech_27,Core,2019-05-29
startup_236,tech_5,Important,2011-05-01
startup_236,tech_7,Important,2023-03-06
startup_236,tech_51,Supporting,2014-12-08
startup_236,tech_30,Core,2014-05-30
startup_236,tech_16,Core,2021-07-16
startup_237,tech_59,Core,2024-01-24
startup_237,tech_78,Important,2023-11-11
startup_237,tech_54,Supporting,2023-03-02
startup_237,tech_13,Supporting,2023-09-14
startup_238,tech_50,Important,2022-09-16
startup_238,tech_54,Supporting,2023-02-20
startup_238,tech_44,Supporting,2020-12-26
startup_238,tech_52,Core,2015-08-16
startup_238,tech_15,Supporting,2024-01-22
startup_239,tech_77,Supporting,2025-01-23
startup_239,tech_72,Important,2020-12-23
startup_239,tech_60,Supporting,2017-04-25
startup_239,tech_61,Important,2021-10-07
startup_239,tech_1,Important,2019-10-30
startup_239,tech_35,Important,2019-07-29
startup_240,tech_25,Important,2015-05-31
startup_240,tech_72,Important,2023-10-23
startup_240,tech_4,Important,2014-09-24
startup_241,tech_15,Supporting,2025-03-27
startup_241,tech_32,Supporting,2019-06-03
startup_241,tech_53,Core,2023-08-26
startup_242,tech_51,Core,2022-08-31
startup_242,tech_0,Important,2021-06-29
startup_242,tech_61,Important,2020-01-22
startup_242,tech_38,Core,2018-08-05
startup_242,tech_67,Supporting,2023-02-28
startup_242,tech_44,Supporting,2020-01-29
startup_242,tech_39,Important,2017-08-07
startup_243,tech_66,Supporting,2018-12-19
startup_243,tech_70,Core,2015-11-17
startup_243,tech_12,Supporting,2018-07-03
startup_243,tech_51,Core,2022-08-19
startup_243,tech_19,Important,2016-04-04
startup_244,tech_28,Core,2014-05-29
startup_244,tech_12,Core,2014-12-12
startup_244,tech_64,Core,2017-07-11
startup_244,tech_34,Supporting,2013-12-22
startup_244,tech_25,Important,2014-09-05
startup_244,tech_13,Important,2025-02-28
startup_244,tech_5,Supporting,2015-09-18
startup_244,tech_10,Supporting,2019-02-20
startup_245,tech_62,Important,2018-01-31
startup_245,tech_64,Important,2015-09-16
startup_245,tech_21,Supporting,2017-08-15
startup_245,tech_9,Core,2021-10-17
startup_245,tech_4,Important,2018-12-18
startup_245,tech_14,Important,2015-10-23
startup_245,tech_58,Important,2013-02-08
startup_245,tech_35,Core,2013-03-07
startup_246,tech_29,Supporting,2020-06-18
startup_246,tech_3,Important,2019-04-27
startup_246,tech_34,Important,2024-10-16
startup_246,tech_59,Important,2023-11-17
startup_247,tech_31,Important,2024-01-31
startup_247,tech_43,Supporting,2024-08-19
startup_247,tech_54,Supporting,2024-11-18
startup_247,tech_66,Core,2024-12-18
startup_248,tech_32,Core,2021-08-02
startup_248,tech_36,Core,2023-09-04
startup_248,tech_25,Supporting,2023-08-16
startup_248,tech_55,Supporting,2024-01-24
startup_248,tech_33,Core,2024-09-08
startup_248,tech_11,Core,2025-02-22
startup_249,tech_30,Core,2023-05-01
startup_249,tech_60,Important,2025-05-04
startup_249,tech_15,Core,2024-01-12
startup_250,tech_63,Important,2019-07-15
startup_250,tech_23,Supporting,2023-04-19
startup_250,tech_36,Core,2019-12-24
startup_250,tech_39,Core,2022-05-17
startup_250,tech_4,Core,2017-08-04
startup_250,tech_66,Important,2023-11-08
startup_250,tech_35,Core,2024-03-31
startup_251,tech_34,Core,2022-04-04
startup_251,tech_16,Important,2021-02-19
startup_251,tech_53,Supporting,2021-01-26
startup_251,tech_68,Important,2020-03-30
startup_251,tech_78,Important,2025-01-06
startup_251,tech_2,Core,2020-04-25
startup_252,tech_47,Important,2015-12-16
startup_252,tech_0,Supporting,2015-09-02
startup_252,tech_20,Core,2021-06-03
startup_252,tech_4,Important,2024-06-26
startup_252,tech_6,Important,2018-09-08
startup_252,tech_5,Core,2016-01-18
startup_252,tech_53,Important,2020-03-07
startup_252,tech_79,Important,2017-08-04
startup_253,tech_28,Important,2022-08-15
startup_253,tech_24,Supporting,2024-09-15
startup_253,tech_78,Supporting,2025-01-11
startup_254,tech_25,Core,2018-10-11
startup_254,tech_46,Important,2023-04-08
startup_254,tech_49,Core,2019-10-08
startup_255,tech_4,Supporting,2023-04-30
startup_255,tech_46,Important,2022-01-22
startup_255,tech_78,Core,2020-10-23
startup_255,tech_58,Core,2016-09-23
startup_255,tech_11,Supporting,2021-09-14
startup_255,tech_41,Core,2018-10-05
startup_255,tech_40,Core,2023-05-21
startup_256,tech_36,Supporting,2021-03-26
startup_256,tech_19,Supporting,2019-09-09
startup_256,tech_0,Supporting,2019-11-16
startup_257,tech_27,Supporting,2024-11-04
startup_257,tech_78,Core,2024-03-06
startup_257,tech_70,Supporting,2024-11-27
startup_257,tech_3,Important,2024-08-04
startup_257,tech_66,Core,2024-10-30
startup_257,tech_62,Core,2025-05-11
startup_258,tech_29,Supporting,2018-10-19
startup_258,tech_23,Important,2019-01-23
startup_258,tech_49,Supporting,2021-06-07
startup_258,tech_7,Supporting,2022-08-11
startup_258,tech_57,Core,2018-12-28
startup_258,tech_42,Supporting,2024-08-15
startup_258,tech_50,Supporting,2017-11-30
startup_259,tech_28,Supporting,2024-09-16
startup_259,tech_74,Important,2023-11-19
startup_259,tech_14,Core,2024-10-12
startup_259,tech_32,Core,2023-12-11
startup_259,tech_49,Supporting,2020-12-07
startup_259,tech_7,Important,2025-01-04
startup_260,tech_65,Supporting,2024-07-26
startup_260,tech_13,Supporting,2024-08-01
startup_260,tech_56,Supporting,2024-10-09
startup_260,tech_45,Core,2025-04-28
startup_260,tech_31,Supporting,2024-11-12
startup_260,tech_71,Important,2024-06-27
startup_260,tech_10,Core,2024-09-21
startup_260,tech_22,Core,2024-01-23
startup_261,tech_49,Important,2025-04-09
startup_261,tech_44,Important,2024-10-13
startup_261,tech_68,Supporting,2024-12-15
startup_262,tech_50,Important,2025-03-02
startup_262,tech_73,Supporting,2023-02-09
startup_262,tech_53,Important,2022-12-04
startup_262,tech_30,Supporting,2023-09-29
startup_262,tech_71,Important,2023-09-26
startup_262,tech_68,Supporting,2023-01-29
startup_263,tech_42,Core,2015-03-22
startup_263,tech_44,Supporting,2019-02-03
startup_263,tech_52,Important,2014-11-09
startup_263,tech_26,Supporting,2019-01-16
startup_263,tech_19,Core,2020-05-13
startup_263,tech_74,Core,2012-07-28
startup_263,tech_71,Core,2018-12-09
startup_263,tech_43,Supporting,2021-07-10
startup_264,tech_49,Supporting,2018-03-12
startup_264,tech_41,Core,2016-09-06
startup_264,tech_14,Core,2018-12-20
startup_264,tech_60,Supporting,2019-02-16
startup_264,tech_53,Core,2024-07-24
startup_264,tech_51,Core,2019-07-06
startup_264,tech_68,Core,2024-08-06
startup_264,tech_73,Important,2020-09-01
startup_265,tech_12,Supporting,2025-05-28
startup_265,tech_37,Supporting,2025-05-30
startup_265,tech_54,Core,2025-05-14
startup_266,tech_5,Supporting,2020-07-09
startup_266,tech_32,Supporting,2013-05-15
startup_266,tech_13,Important,2024-02-12
startup_267,tech_37,Important,2025-04-03
startup_267,tech_63,Important,2025-05-11
startup_267,tech_72,Core,2025-06-05
startup_267,tech_70,Important,2025-03-07
startup_267,tech_61,Important,2025-04-16
startup_267,tech_59,Supporting,2025-05-18
startup_268,tech_53,Important,2024-05-14
startup_268,tech_7,Supporting,2024-07-08
startup_268,tech_29,Core,2024-09-14
startup_268,tech_45,Core,2025-03-24
startup_268,tech_28,Important,2024-08-08
startup_268,tech_10,Supporting,2025-05-28
startup_268,tech_65,Important,2024-03-21
startup_268,tech_44,Supporting,2024-11-29
startup_269,tech_33,Supporting,2017-02-13
startup_269,tech_26,Core,2024-07-15
startup_269,tech_48,Core,2019-09-19
startup_269,tech_45,Important,2012-09-14
startup_269,tech_56,Supporting,2021-08-25
startup_270,tech_43,Important,2014-09-14
startup_270,tech_49,Supporting,2018-08-27
startup_270,tech_12,Core,2015-04-27
startup_270,tech_72,Important,2023-12-12
startup_270,tech_59,Important,2025-04-25
startup_271,tech_37,Important,2017-05-30
startup_271,tech_70,Supporting,2025-02-18
startup_271,tech_42,Supporting,2017-11-08
startup_271,tech_60,Core,2017-02-08
startup_271,tech_29,Supporting,2023-04-26
startup_272,tech_47,Important,2016-12-12
startup_272,tech_69,Important,2018-07-08
startup_272,tech_40,Important,2017-01-10
startup_272,tech_11,Important,2020-12-28
startup_272,tech_31,Core,2024-05-14
startup_272,tech_61,Supporting,2015-12-20
startup_272,tech_41,Core,2015-10-09
startup_273,tech_41,Important,2022-11-25
startup_273,tech_35,Core,2017-01-26
startup_273,tech_9,Core,2024-06-29
startup_273,tech_6,Supporting,2021-10-07
startup_273,tech_42,Important,2020-03-12
startup_274,tech_57,Supporting,2016-08-23
startup_274,tech_1,Important,2022-04-21
startup_274,tech_38,Core,2022-11-27
startup_274,tech_29,Important,2023-05-20
startup_275,tech_66,Core,2024-07-31
startup_275,tech_34,Core,2019-12-08
startup_275,tech_60,Core,2023-12-30
startup_275,tech_15,Core,2018-03-28
startup_275,tech_61,Important,2016-02-17
startup_275,tech_32,Supporting,2015-11-19
startup_275,tech_57,Supporting,2017-03-08
startup_276,tech_26,Core,2024-08-18
startup_276,tech_50,Important,2024-01-14
startup_276,tech_52,Important,2022-07-28
startup_276,tech_54,Important,2021-07-11
startup_276,tech_7,Supporting,2024-10-17
startup_276,tech_48,Important,2022-07-26
startup_277,tech_0,Supporting,2025-04-14
startup_277,tech_76,Core,2025-04-16
startup_277,tech_73,Important,2024-06-28
startup_277,tech_11,Important,2024-07-01
startup_277,tech_22,Core,2025-03-13
startup_277,tech_67,Supporting,2024-12-25
startup_277,tech_50,Supporting,2025-04-07
startup_278,tech_79,Supporting,2022-06-03
startup_278,tech_48,Important,2021-12-29
startup_278,tech_70,Supporting,2020-04-14
startup_279,tech_35,Core,2022-01-18
startup_279,tech_32,Important,2021-12-29
startup_279,tech_29,Supporting,2017-01-02
startup_279,tech_10,Supporting,2024-03-04
startup_279,tech_52,Important,2019-11-05
startup_279,tech_72,Core,2024-06-08
startup_280,tech_26,Important,2019-01-12
startup_280,tech_15,Core,2023-08-11
startup_280,tech_0,Supporting,2020-08-12
startup_281,tech_54,Supporting,2025-02-14
startup_281,tech_29,Core,2023-09-13
startup_281,tech_0,Important,2023-08-30
startup_281,tech_62,Core,2024-08-19
startup_281,tech_60,Core,2023-08-02
startup_282,tech_5,Important,2024-02-29
startup_282,tech_22,Supporting,2024-09-23
startup_282,tech_26,Important,2023-05-09
startup_282,tech_50,Core,2021-12-21
startup_283,tech_72,Supporting,2023-01-30
startup_283,tech_12,Supporting,2025-03-19
startup_283,tech_51,Core,2023-10-01
startup_283,tech_26,Important,2021-07-19
startup_284,tech_8,Important,2021-04-08
startup_284,tech_9,Important,2021-06-03
startup_284,tech_48,Important,2021-05-11
startup_284,tech_4,Important,2022-10-20
startup_284,tech_51,Core,2017-03-08
startup_284,tech_67,Core,2016-05-09
startup_285,tech_67,Supporting,2022-10-29
startup_285,tech_6,Supporting,2019-12-23
startup_285,tech_56,Important,2016-03-17
startup_285,tech_2,Core,2012-10-01
startup_285,tech_29,Core,2024-05-13
startup_285,tech_4,Supporting,2016-04-06
startup_285,tech_71,Core,2022-01-14
startup_285,tech_12,Core,2016-05-28
startup_286,tech_71,Important,2017-12-22
startup_286,tech_69,Important,2022-04-08
startup_286,tech_55,Core,2022-07-06
startup_286,tech_54,Important,2017-12-22
startup_286,tech_35,Core,2023-07-23
startup_287,tech_16,Supporting,2023-04-24
startup_287,tech_18,Important,2024-07-31
startup_287,tech_74,Core,2021-10-01
startup_288,tech_15,Core,2018-01-23
startup_288,tech_38,Supporting,2022-11-27
startup_288,tech_58,Core,2021-05-30
startup_289,tech_71,Supporting,2025-01-21
startup_289,tech_5,Core,2024-08-06
startup_289,tech_10,Core,2021-11-15
startup_289,tech_11,Important,2024-02-05
startup_289,tech_77,Important,2023-11-23
startup_289,tech_48,Core,2022-04-26
startup_290,tech_16,Supporting,2023-03-15
startup_290,tech_17,Core,2023-10-30
startup_290,tech_20,Important,2021-03-01
startup_290,tech_42,Core,2021-02-23
startup_290,tech_25,Supporting,2021-06-06
startup_290,tech_75,Core,2023-09-25
startup_290,tech_43,Supporting,2021-07-15
startup_291,tech_77,Important,2018-05-27
startup_291,tech_22,Core,2020-02-15
startup_291,tech_75,Important,2023-06-03
startup_291,tech_8,Core,2013-04-22
startup_291,tech_56,Supporting,2012-03-12
startup_291,tech_53,Important,2015-10-18
startup_291,tech_5,Important,2015-11-17
startup_292,tech_67,Important,2020-11-19
startup_292,tech_47,Important,2021-09-25
startup_292,tech_27,Core,2022-08-01
startup_293,tech_47,Core,2025-04-10
startup_293,tech_6,Core,2024-09-11
startup_293,tech_63,Supporting,2025-05-31
startup_293,tech_34,Core,2024-07-16
startup_293,tech_70,Important,2025-04-01
startup_293,tech_76,Supporting,2024-09-30
startup_293,tech_5,Important,2025-01-25
startup_294,tech_26,Core,2016-08-12
startup_294,tech_53,Supporting,2016-08-21
startup_294,tech_40,Core,2021-08-15
startup_295,tech_71,Important,2018-07-29
startup_295,tech_41,Core,2016-05-02
startup_295,tech_6,Important,2017-03-07
startup_295,tech_45,Core,2022-01-07
startup_295,tech_51,Important,2018-05-06
startup_295,tech_48,Core,2023-12-21
startup_295,tech_60,Important,2019-12-27
startup_296,tech_60,Core,2023-01-08
startup_296,tech_76,Supporting,2023-09-19
startup_296,tech_48,Important,2023-07-31
startup_296,tech_73,Important,2023-04-24
startup_296,tech_24,Important,2024-09-25
startup_296,tech_41,Supporting,2023-06-15
startup_296,tech_49,Important,2024-03-26
startup_296,tech_44,Supporting,2024-01-17
startup_297,tech_42,Supporting,2025-05-03
startup_297,tech_68,Supporting,2025-05-11
startup_297,tech_21,Core,2025-01-07
startup_297,tech_49,Supporting,2025-03-10
startup_297,tech_24,Core,2025-01-25
startup_297,tech_36,Core,2025-02-07
startup_297,tech_62,Supporting,2025-05-14
startup_297,tech_79,Supporting,2025-01-24
startup_298,tech_36,Important,2012-10-23
startup_298,tech_25,Core,2025-02-03
startup_298,tech_40,Supporting,2022-08-22
startup_298,tech_2,Core,2016-03-24
startup_298,tech_6,Important,2013-04-07
startup_299,tech_48,Supporting,2025-01-11
startup_299,tech_25,Supporting,2025-04-02
startup_299,tech_42,Important,2025-02-05
startup_299,tech_13,Supporting,2025-01-24
startup_299,tech_28,Important,2025-04-06
startup_299,tech_15,Core,2025-01-26
startup_299,tech_78,Important,2025-06-04
startup_300,tech_16,Supporting,2019-06-06
startup_300,tech_71,Core,2021-05-18
startup_300,tech_14,Core,2025-04-29
startup_300,tech_1,Supporting,2022-03-22
startup_300,tech_55,Core,2023-04-24
startup_300,tech_3,Important,2025-02-08
startup_300,tech_19,Important,2020-07-15
startup_300,tech_28,Important,2019-06-27
startup_301,tech_78,Core,2020-02-09
startup_301,tech_68,Supporting,2024-10-21
startup_301,tech_63,Supporting,2021-01-14
startup_301,tech_14,Core,2019-07-08
startup_301,tech_62,Important,2024-02-01
startup_302,tech_36,Core,2012-06-28
startup_302,tech_7,Core,2018-03-01
startup_302,tech_77,Supporting,2017-10-15
startup_302,tech_68,Important,2018-09-22
startup_302,tech_21,Important,2020-05-03
startup_302,tech_19,Core,2020-07-03
startup_302,tech_1,Important,2016-10-04
startup_303,tech_39,Important,2017-08-02
startup_303,tech_8,Core,2022-03-01
startup_303,tech_78,Core,2019-05-22
startup_304,tech_3,Supporting,2019-03-07
startup_304,tech_71,Supporting,2018-03-24
startup_304,tech_27,Supporting,2022-04-29
startup_304,tech_33,Important,2023-01-29
startup_304,tech_49,Core,2020-05-09
startup_305,tech_14,Important,2023-03-16
startup_305,tech_29,Important,2019-03-22
startup_305,tech_69,Important,2024-08-14
startup_305,tech_8,Important,2021-07-26
startup_305,tech_66,Core,2024-03-25
startup_306,tech_44,Supporting,2023-07-24
startup_306,tech_0,Important,2022-04-10
startup_306,tech_53,Core,2023-07-16
startup_306,tech_65,Core,2025-05-14
startup_307,tech_38,Supporting,2019-06-20
startup_307,tech_7,Supporting,2019-03-05
startup_307,tech_19,Important,2023-06-05
startup_307,tech_24,Important,2017-08-20
startup_307,tech_46,Important,2014-01-03
startup_307,tech_30,Important,2013-12-15
startup_308,tech_30,Important,2019-02-20
startup_308,tech_12,Important,2023-05-20
startup_308,tech_46,Core,2019-11-06
startup_308,tech_25,Important,2020-06-19
startup_308,tech_7,Core,2019-07-18
startup_308,tech_31,Important,2022-06-14
startup_309,tech_1,Important,2021-07-15
startup_309,tech_40,Supporting,2014-08-01
startup_309,tech_2,Supporting,2020-08-23
startup_309,tech_73,Core,2016-04-16
startup_310,tech_54,Important,2024-04-16
startup_310,tech_41,Core,2024-03-06
startup_310,tech_68,Core,2024-10-21
startup_311,tech_52,Supporting,2013-12-04
startup_311,tech_54,Core,2022-03-09
startup_311,tech_2,Important,2014-07-11
startup_311,tech_26,Core,2020-03-08
startup_311,tech_70,Core,2024-12-25
startup_311,tech_3,Supporting,2025-04-14
startup_312,tech_57,Core,2022-12-28
startup_312,tech_4,Supporting,2023-09-01
startup_312,tech_38,Important,2021-12-06
startup_312,tech_49,Core,2022-10-23
startup_312,tech_12,Important,2022-11-13
startup_313,tech_9,Important,2023-09-29
startup_313,tech_74,Core,2020-07-09
startup_313,tech_32,Core,2020-06-25
startup_313,tech_55,Important,2019-05-26
startup_313,tech_3,Core,2022-07-03
startup_313,tech_26,Important,2019-06-21
startup_313,tech_30,Core,2023-09-15
startup_314,tech_68,Core,2024-08-16
startup_314,tech_27,Supporting,2021-09-03
startup_314,tech_66,Core,2019-06-14
startup_315,tech_5,Supporting,2025-03-11
startup_315,tech_33,Core,2024-10-27
startup_315,tech_39,Supporting,2025-05-12
startup_315,tech_70,Important,2024-10-27
startup_315,tech_56,Important,2024-11-19
startup_315,tech_74,Important,2024-11-24
startup_316,tech_56,Supporting,2018-01-09
startup_316,tech_49,Core,2024-11-24
startup_316,tech_35,Important,2018-09-27
startup_316,tech_57,Core,2024-08-08
startup_316,tech_36,Important,2017-05-24
startup_316,tech_74,Important,2020-07-22
startup_317,tech_9,Supporting,2025-01-10
startup_317,tech_62,Core,2024-10-31
startup_317,tech_73,Important,2024-07-07
startup_317,tech_40,Core,2024-10-27
startup_318,tech_36,Supporting,2025-05-22
startup_318,tech_37,Important,2025-05-23
startup_318,tech_6,Important,2023-11-26
startup_319,tech_43,Important,2015-11-28
startup_319,tech_18,Supporting,2016-03-09
startup_319,tech_31,Supporting,2016-05-08
startup_319,tech_14,Supporting,2015-12-16
startup_319,tech_78,Core,2015-10-14
startup_319,tech_9,Important,2016-09-27
startup_319,tech_75,Important,2016-04-24
startup_319,tech_48,Core,2018-07-09
startup_320,tech_57,Important,2024-01-20
startup_320,tech_12,Supporting,2022-10-25
startup_320,tech_13,Core,2023-07-30
startup_320,tech_43,Supporting,2024-04-23
startup_321,tech_12,Supporting,2025-05-14
startup_321,tech_25,Important,2025-05-01
startup_321,tech_56,Supporting,2025-04-30
startup_321,tech_78,Supporting,2025-05-15
startup_322,tech_25,Supporting,2017-03-24
startup_322,tech_67,Important,2023-03-17
startup_322,tech_6,Important,2023-09-25
startup_322,tech_23,Important,2013-02-14
startup_322,tech_57,Core,2020-10-31
startup_322,tech_45,Important,2017-04-12
startup_322,tech_33,Important,2025-01-23
startup_323,tech_36,Important,2020-11-07
startup_323,tech_4,Supporting,2016-01-02
startup_323,tech_63,Supporting,2013-08-03
startup_323,tech_38,Core,2018-05-21
startup_324,tech_39,Supporting,2020-04-04
startup_324,tech_77,Core,2023-05-01
startup_324,tech_40,Important,2018-12-26
startup_325,tech_0,Supporting,2014-06-14
startup_325,tech_20,Core,2023-10-08
startup_325,tech_36,Supporting,2014-09-30
startup_325,tech_2,Supporting,2025-01-14
startup_325,tech_67,Important,2015-11-24
startup_325,tech_1,Important,2014-12-26
startup_326,tech_51,Important,2015-04-25
startup_326,tech_26,Core,2016-10-12
startup_326,tech_70,Supporting,2015-12-08
startup_326,tech_56,Important,2024-10-26
startup_326,tech_5,Important,2023-08-27
startup_327,tech_60,Supporting,2017-04-01
startup_327,tech_52,Core,2017-09-19
startup_327,tech_79,Core,2012-07-26
startup_327,tech_29,Important,2014-08-22
startup_327,tech_39,Core,2024-04-11
startup_327,tech_44,Supporting,2021-08-01
startup_328,tech_64,Important,2022-12-04
startup_328,tech_55,Important,2023-10-29
startup_328,tech_52,Important,2024-03-24
startup_328,tech_1,Important,2025-05-10
startup_328,tech_35,Supporting,2022-07-09
startup_328,tech_74,Supporting,2025-02-27
startup_328,tech_61,Important,2022-07-30
startup_329,tech_32,Core,2023-10-23
startup_329,tech_27,Important,2015-10-17
startup_329,tech_1,Core,2021-08-03
startup_329,tech_33,Important,2024-03-24
startup_329,tech_43,Core,2019-01-22
startup_329,tech_5,Supporting,2019-10-29
startup_329,tech_39,Important,2014-11-06
startup_329,tech_16,Core,2022-04-02
startup_330,tech_19,Core,2016-08-24
startup_330,tech_36,Core,2017-03-30
startup_330,tech_47,Core,2013-09-04
startup_330,tech_64,Important,2019-01-07
startup_330,tech_14,Core,2017-10-31
startup_330,tech_24,Core,2018-09-20
startup_330,tech_17,Core,2013-10-12
startup_331,tech_33,Core,2024-02-29
startup_331,tech_77,Core,2023-10-02
startup_331,tech_44,Supporting,2024-05-23
startup_331,tech_8,Core,2023-12-20
startup_331,tech_53,Supporting,2024-06-03
startup_331,tech_15,Core,2023-10-18
startup_331,tech_63,Core,2023-11-30
startup_332,tech_24,Important,2024-01-31
startup_332,tech_38,Core,2014-08-01
startup_332,tech_77,Core,2018-11-19
startup_332,tech_44,Important,2019-12-29
startup_332,tech_4,Core,2018-11-04
startup_332,tech_78,Core,2022-04-17
startup_333,tech_72,Supporting,2025-05-28
startup_333,tech_6,Supporting,2022-02-04
startup_333,tech_42,Core,2023-04-02
startup_333,tech_78,Supporting,2024-07-03
startup_333,tech_13,Important,2022-04-22
startup_334,tech_29,Core,2021-11-28
startup_334,tech_45,Supporting,2024-05-30
startup_334,tech_18,Supporting,2021-03-10
startup_334,tech_20,Supporting,2021-05-30
startup_334,tech_69,Supporting,2021-02-16
startup_334,tech_76,Important,2020-03-17
startup_334,tech_73,Core,2022-01-04
startup_335,tech_68,Core,2025-01-08
startup_335,tech_55,Core,2024-09-17
startup_335,tech_37,Core,2021-01-08
startup_335,tech_2,Important,2021-07-15
startup_335,tech_26,Supporting,2021-08-14
startup_335,tech_63,Important,2024-03-27
startup_336,tech_26,Important,2023-12-30
startup_336,tech_6,Supporting,2021-11-20
startup_336,tech_19,Supporting,2025-05-11
startup_336,tech_55,Supporting,2025-05-20
startup_337,tech_17,Supporting,2025-05-06
startup_337,tech_32,Supporting,2025-05-25
startup_337,tech_53,Core,2025-05-03
startup_337,tech_34,Core,2025-06-05
startup_337,tech_4,Core,2025-05-03
startup_338,tech_18,Supporting,2019-05-10
startup_338,tech_64,Supporting,2019-10-05
startup_338,tech_1,Important,2019-12-13
startup_338,tech_42,Core,2020-07-22
startup_338,tech_3,Core,2015-07-17
startup_338,tech_8,Supporting,2016-11-15
startup_339,tech_34,Core,2024-10-24
startup_339,tech_77,Important,2024-06-08
startup_339,tech_26,Core,2023-08-29
startup_339,tech_24,Supporting,2023-07-03
startup_339,tech_38,Supporting,2023-08-19
startup_339,tech_63,Supporting,2025-04-01
startup_339,tech_36,Core,2024-06-26
startup_339,tech_74,Core,2023-12-02
startup_340,tech_78,Core,2020-12-16
startup_340,tech_67,Important,2018-12-19
startup_340,tech_65,Supporting,2023-12-08
startup_340,tech_75,Important,2020-09-22
startup_340,tech_6,Supporting,2017-08-16
startup_340,tech_37,Supporting,2017-06-28
startup_340,tech_27,Important,2021-05-29
startup_340,tech_60,Important,2021-11-20
startup_341,tech_36,Important,2014-06-24
startup_341,tech_78,Important,2016-01-10
startup_341,tech_79,Core,2023-07-16
startup_341,tech_53,Supporting,2019-09-12
startup_341,tech_34,Core,2019-03-28
startup_342,tech_52,Supporting,2022-05-30
startup_342,tech_33,Core,2023-10-17
startup_342,tech_0,Important,2023-12-12
startup_342,tech_64,Important,2018-03-12
startup_343,tech_31,Important,2025-01-22
startup_343,tech_57,Supporting,2021-04-14
startup_343,tech_54,Important,2020-12-27
startup_344,tech_61,Important,2018-11-03
startup_344,tech_73,Important,2023-01-16
startup_344,tech_57,Supporting,2023-10-23
startup_344,tech_17,Important,2019-04-22
startup_344,tech_28,Core,2016-05-29
startup_344,tech_0,Core,2022-01-08
startup_344,tech_16,Important,2021-10-17
startup_345,tech_3,Supporting,2021-06-30
startup_345,tech_79,Core,2017-05-23
startup_345,tech_49,Supporting,2024-09-18
startup_345,tech_27,Core,2017-09-06
startup_345,tech_67,Important,2016-05-12
startup_345,tech_69,Supporting,2015-08-19
startup_345,tech_21,Core,2024-02-15
startup_346,tech_10,Supporting,2024-12-19
startup_346,tech_9,Supporting,2022-06-01
startup_346,tech_18,Important,2024-10-13
startup_346,tech_59,Supporting,2022-07-05
startup_346,tech_41,Supporting,2024-06-26
startup_347,tech_37,Supporting,2020-09-02
startup_347,tech_15,Important,2024-01-31
startup_347,tech_58,Core,2011-09-11
startup_347,tech_56,Important,2021-07-05
startup_347,tech_7,Important,2021-03-20
startup_347,tech_3,Important,2020-12-26
startup_347,tech_41,Supporting,2018-12-13
startup_347,tech_49,Core,2020-06-17
startup_348,tech_50,Important,2021-08-17
startup_348,tech_55,Supporting,2020-08-29
startup_348,tech_61,Supporting,2017-05-14
startup_349,tech_64,Important,2022-04-07
startup_349,tech_31,Supporting,2015-11-28
startup_349,tech_38,Core,2018-03-30
startup_349,tech_75,Core,2025-02-01
startup_350,tech_26,Supporting,2025-06-03
startup_350,tech_25,Core,2022-10-07
startup_350,tech_15,Core,2020-10-24
startup_350,tech_37,Supporting,2018-03-16
startup_350,tech_58,Supporting,2018-11-26
startup_350,tech_31,Important,2022-10-06
startup_351,tech_2,Supporting,2023-10-21
startup_351,tech_15,Important,2022-12-01
startup_351,tech_53,Supporting,2022-04-02
startup_351,tech_71,Important,2022-06-18
startup_351,tech_60,Core,2022-11-05
startup_351,tech_75,Supporting,2025-04-23
startup_351,tech_54,Supporting,2025-01-19
startup_352,tech_47,Supporting,2024-06-07
startup_352,tech_52,Important,2024-10-19
startup_352,tech_30,Supporting,2025-04-03
startup_352,tech_12,Core,2024-09-23
startup_353,tech_31,Important,2022-06-02
startup_353,tech_8,Core,2012-08-09
startup_353,tech_79,Important,2023-10-26
startup_353,tech_54,Core,2017-01-04
startup_353,tech_68,Important,2021-05-15
startup_353,tech_9,Important,2014-02-07
startup_354,tech_2,Important,2024-09-12
startup_354,tech_30,Supporting,2024-11-20
startup_354,tech_15,Important,2024-09-15
startup_355,tech_50,Important,2020-11-03
startup_355,tech_42,Important,2023-03-06
startup_355,tech_40,Supporting,2021-08-19
startup_356,tech_37,Important,2021-05-14
startup_356,tech_27,Supporting,2024-11-16
startup_356,tech_20,Supporting,2024-11-08
startup_356,tech_47,Core,2022-09-27
startup_356,tech_32,Core,2024-04-05
startup_356,tech_3,Core,2020-05-23
startup_357,tech_46,Core,2017-04-16
startup_357,tech_22,Core,2013-12-12
startup_357,tech_42,Core,2017-04-12
startup_357,tech_67,Supporting,2022-04-28
startup_358,tech_68,Important,2024-02-20
startup_358,tech_37,Core,2021-08-04
startup_358,tech_20,Core,2022-03-07
startup_358,tech_61,Core,2023-08-08
startup_358,tech_76,Important,2022-05-17
startup_358,tech_43,Core,2023-02-26
startup_359,tech_52,Important,2021-12-14
startup_359,tech_15,Supporting,2024-09-08
startup_359,tech_0,Core,2022-06-06
startup_359,tech_11,Important,2013-01-05
startup_359,tech_16,Supporting,2012-08-19
startup_359,tech_10,Important,2023-11-07
startup_359,tech_76,Important,2022-02-24
startup_359,tech_24,Important,2016-10-23
startup_360,tech_31,Core,2024-11-21
startup_360,tech_68,Important,2024-09-29
startup_360,tech_43,Supporting,2025-03-01
startup_360,tech_48,Important,2025-02-21
startup_360,tech_73,Important,2025-04-25
startup_360,tech_19,Core,2024-09-18
startup_360,tech_71,Core,2024-10-09
startup_361,tech_40,Core,2020-02-27
startup_361,tech_14,Supporting,2022-11-14
startup_361,tech_60,Supporting,2024-07-15
startup_361,tech_54,Important,2019-06-24
startup_361,tech_18,Core,2021-06-23
startup_361,tech_50,Supporting,2023-12-13
startup_361,tech_32,Important,2022-10-25
startup_361,tech_16,Important,2025-06-01
startup_362,tech_11,Core,2018-12-04
startup_362,tech_44,Supporting,2022-02-08
startup_362,tech_57,Core,2022-09-20
startup_362,tech_27,Supporting,2025-06-05
startup_362,tech_73,Core,2025-04-15
startup_362,tech_12,Supporting,2021-11-24
startup_362,tech_38,Supporting,2024-02-29
startup_363,tech_68,Important,2021-11-12
startup_363,tech_48,Supporting,2021-10-04
startup_363,tech_41,Important,2023-01-27
startup_364,tech_17,Core,2018-07-18
startup_364,tech_28,Important,2023-07-07
startup_364,tech_60,Core,2024-04-20
startup_364,tech_40,Core,2024-09-05
startup_364,tech_70,Core,2019-10-23
startup_364,tech_50,Core,2024-08-22
startup_364,tech_57,Core,2022-09-04
startup_364,tech_16,Supporting,2024-06-06
startup_365,tech_77,Core,2014-01-03
startup_365,tech_11,Core,2021-03-11
startup_365,tech_24,Supporting,2024-07-15
startup_365,tech_64,Core,2017-10-29
startup_366,tech_68,Core,2022-11-30
startup_366,tech_38,Supporting,2017-12-23
startup_366,tech_43,Core,2022-09-01
startup_366,tech_62,Core,2016-08-24
startup_366,tech_15,Supporting,2019-09-12
startup_367,tech_58,Core,2023-02-19
startup_367,tech_6,Important,2021-06-11
startup_367,tech_52,Supporting,2025-04-29
startup_367,tech_72,Core,2021-10-08
startup_367,tech_11,Supporting,2022-09-26
startup_367,tech_53,Core,2023-01-12
startup_367,tech_9,Important,2024-05-17
startup_368,tech_37,Important,2024-05-06
startup_368,tech_13,Supporting,2024-02-22
startup_368,tech_14,Supporting,2023-05-19
startup_368,tech_47,Core,2023-08-24
startup_368,tech_29,Supporting,2025-05-04
startup_369,tech_16,Core,2020-08-23
startup_369,tech_27,Important,2019-05-18
startup_369,tech_20,Important,2024-05-18
startup_369,tech_32,Important,2021-06-29
startup_370,tech_65,Supporting,2018-09-22
startup_370,tech_74,Supporting,2024-12-19
startup_370,tech_6,Core,2021-08-18
startup_370,tech_67,Core,2018-07-14
startup_370,tech_11,Supporting,2024-08-25
startup_370,tech_72,Important,2019-02-16
startup_370,tech_77,Core,2017-07-08
startup_371,tech_14,Important,2023-12-25
startup_371,tech_38,Important,2025-04-15
startup_371,tech_15,Core,2023-12-23
startup_371,tech_59,Core,2024-09-30
startup_371,tech_44,Core,2024-12-12
startup_371,tech_61,Important,2024-05-15
startup_371,tech_9,Supporting,2024-07-05
startup_372,tech_5,Supporting,2019-09-05
startup_372,tech_44,Important,2018-07-16
startup_372,tech_28,Core,2022-06-19
startup_372,tech_70,Core,2020-11-06
startup_372,tech_52,Important,2025-02-15
startup_372,tech_62,Supporting,2024-01-05
startup_372,tech_47,Supporting,2017-10-11
startup_372,tech_42,Core,2019-07-14
startup_373,tech_39,Supporting,2023-04-21
startup_373,tech_4,Supporting,2020-08-02
startup_373,tech_14,Core,2025-02-25
startup_374,tech_66,Important,2011-07-21
startup_374,tech_33,Core,2024-04-30
startup_374,tech_52,Core,2016-02-14
startup_374,tech_5,Important,2022-06-22
startup_374,tech_16,Core,2020-09-25
startup_374,tech_48,Important,2022-04-17
startup_374,tech_73,Supporting,2018-08-24
startup_375,tech_77,Important,2022-11-30
startup_375,tech_29,Important,2023-02-28
startup_375,tech_66,Important,2012-11-04
startup_375,tech_57,Supporting,2024-04-09
startup_375,tech_59,Core,2017-01-17
startup_375,tech_61,Supporting,2022-09-13
startup_376,tech_59,Supporting,2024-07-04
startup_376,tech_65,Important,2024-11-05
startup_376,tech_23,Supporting,2023-04-08
startup_376,tech_32,Supporting,2024-06-10
startup_376,tech_37,Core,2023-05-17
startup_376,tech_28,Important,2025-03-27
startup_376,tech_4,Supporting,2025-03-23
startup_377,tech_32,Core,2024-10-20
startup_377,tech_17,Core,2020-05-31
startup_377,tech_73,Core,2014-07-21
startup_377,tech_66,Core,2016-02-12
startup_377,tech_65,Important,2016-04-04
startup_377,tech_23,Supporting,2020-06-02
startup_378,tech_21,Core,2021-04-01
startup_378,tech_74,Important,2017-03-21
startup_378,tech_12,Core,2022-04-27
startup_378,tech_52,Core,2023-11-05
startup_378,tech_4,Core,2019-07-08
startup_378,tech_45,Important,2025-05-31
startup_378,tech_46,Core,2024-05-11
startup_379,tech_5,Important,2024-05-28
startup_379,tech_45,Supporting,2020-07-09
startup_379,tech_21,Supporting,2023-11-28
startup_379,tech_60,Important,2022-08-22
startup_379,tech_67,Core,2024-10-03
startup_379,tech_62,Important,2023-02-05
startup_379,tech_18,Supporting,2020-06-06
startup_380,tech_70,Important,2017-02-05
startup_380,tech_10,Core,2021-08-24
startup_380,tech_72,Important,2018-08-20
startup_380,tech_39,Supporting,2017-08-24
startup_381,tech_79,Core,2020-04-22
startup_381,tech_9,Supporting,2019-06-09
startup_381,tech_32,Supporting,2018-01-18
startup_381,tech_3,Important,2018-10-25
startup_381,tech_10,Supporting,2013-11-14
startup_381,tech_61,Core,2015-04-22
startup_382,tech_12,Core,2019-04-09
startup_382,tech_74,Core,2014-05-06
startup_382,tech_37,Core,2019-11-08
startup_382,tech_13,Supporting,2024-01-16
startup_382,tech_24,Core,2018-01-27
startup_383,tech_0,Core,2024-07-21
startup_383,tech_66,Supporting,2023-12-18
startup_383,tech_16,Important,2023-05-21
startup_384,tech_45,Core,2024-12-25
startup_384,tech_9,Supporting,2023-10-11
startup_384,tech_66,Important,2024-10-17
startup_384,tech_76,Important,2024-12-26
startup_384,tech_57,Supporting,2024-12-10
startup_384,tech_20,Core,2024-04-12
startup_384,tech_50,Core,2025-03-02
startup_384,tech_69,Important,2023-12-31
startup_385,tech_8,Supporting,2021-01-14
startup_385,tech_54,Supporting,2021-09-16
startup_385,tech_73,Supporting,2020-04-24
startup_385,tech_62,Core,2016-02-03
startup_385,tech_17,Supporting,2018-02-17
startup_386,tech_24,Supporting,2024-01-04
startup_386,tech_30,Core,2024-08-30
startup_386,tech_48,Core,2024-09-21
startup_387,tech_49,Supporting,2024-07-28
startup_387,tech_11,Core,2020-03-07
startup_387,tech_74,Important,2024-07-12
startup_388,tech_22,Important,2016-06-20
startup_388,tech_53,Supporting,2014-10-02
startup_388,tech_78,Core,2022-01-26
startup_388,tech_58,Important,2023-10-30
startup_388,tech_59,Important,2018-01-13
startup_389,tech_5,Supporting,2023-05-25
startup_389,tech_41,Core,2023-02-17
startup_389,tech_77,Important,2023-04-19
startup_389,tech_17,Core,2023-05-03
startup_389,tech_34,Supporting,2024-07-09
startup_389,tech_9,Core,2024-06-22
startup_390,tech_77,Important,2021-05-02
startup_390,tech_52,Important,2022-01-14
startup_390,tech_58,Important,2022-02-23
startup_391,tech_79,Supporting,2023-02-17
startup_391,tech_18,Important,2022-08-29
startup_391,tech_77,Core,2022-03-04
startup_392,tech_76,Core,2020-02-10
startup_392,tech_71,Core,2019-05-15
startup_392,tech_59,Important,2022-10-29
startup_392,tech_52,Important,2020-10-13
startup_393,tech_25,Important,2021-04-15
startup_393,tech_15,Supporting,2020-03-25
startup_393,tech_77,Supporting,2020-08-21
startup_393,tech_28,Supporting,2022-02-28
startup_393,tech_12,Supporting,2024-05-09
startup_393,tech_51,Supporting,2020-06-29
startup_393,tech_31,Supporting,2023-04-16
startup_394,tech_23,Supporting,2021-04-03
startup_394,tech_4,Core,2022-07-20
startup_394,tech_29,Core,2024-02-11
startup_395,tech_3,Supporting,2019-02-19
startup_395,tech_20,Core,2022-11-09
startup_395,tech_26,Supporting,2019-06-11
startup_395,tech_16,Important,2015-04-24
startup_396,tech_78,Supporting,2018-11-02
startup_396,tech_54,Important,2021-11-07
startup_396,tech_9,Important,2017-05-25
startup_396,tech_2,Supporting,2017-01-04
startup_396,tech_58,Core,2022-02-10
startup_397,tech_18,Important,2015-07-23
startup_397,tech_26,Supporting,2017-12-31
startup_397,tech_44,Core,2014-01-27
startup_397,tech_2,Supporting,2022-01-28
startup_397,tech_63,Core,2016-01-29
startup_397,tech_70,Important,2020-12-25
startup_397,tech_49,Supporting,2023-04-02
startup_397,tech_67,Supporting,2020-04-26
startup_398,tech_1,Supporting,2021-11-10
startup_398,tech_43,Important,2016-09-04
startup_398,tech_56,Core,2015-12-21
startup_398,tech_49,Supporting,2018-10-17
startup_398,tech_20,Core,2017-12-25
startup_398,tech_22,Supporting,2016-09-10
startup_399,tech_30,Core,2019-03-27
startup_399,tech_69,Important,2018-06-04
startup_399,tech_19,Important,2021-01-31
startup_399,tech_31,Important,2018-04-17
startup_399,tech_10,Supporting,2014-09-13
startup_399,tech_79,Supporting,2021-03-13
startup_399,tech_70,Important,2018-04-30
startup_400,tech_57,Core,2025-06-01
startup_400,tech_22,Important,2024-07-09
startup_400,tech_28,Core,2025-01-07
startup_400,tech_44,Supporting,2024-12-23
startup_400,tech_75,Supporting,2025-01-03
startup_401,tech_54,Core,2024-06-13
startup_401,tech_17,Supporting,2023-03-27
startup_401,tech_5,Core,2020-07-15
startup_401,tech_10,Supporting,2021-10-21
startup_401,tech_50,Supporting,2021-01-25
startup_402,tech_20,Important,2022-12-17
startup_402,tech_59,Core,2013-10-09
startup_402,tech_67,Important,2020-07-04
startup_403,tech_55,Core,2024-05-23
startup_403,tech_17,Core,2025-01-18
startup_403,tech_73,Supporting,2025-03-03
startup_403,tech_72,Core,2025-04-05
startup_403,tech_10,Supporting,2025-05-05
startup_403,tech_75,Important,2024-12-05
startup_403,tech_24,Important,2024-05-07
startup_404,tech_12,Supporting,2024-12-05
startup_404,tech_56,Core,2023-10-17
startup_404,tech_37,Important,2024-03-28
startup_404,tech_1,Core,2023-02-27
startup_404,tech_64,Important,2023-02-23
startup_404,tech_74,Important,2023-03-23
startup_404,tech_51,Supporting,2023-07-22
startup_405,tech_20,Important,2024-01-24
startup_405,tech_77,Important,2018-06-22
startup_405,tech_5,Core,2017-07-16
startup_405,tech_13,Supporting,2017-03-20
startup_405,tech_60,Important,2021-06-12
startup_405,tech_67,Core,2021-07-01
startup_406,tech_28,Core,2023-02-14
startup_406,tech_18,Supporting,2020-12-09
startup_406,tech_32,Core,2013-06-21
startup_406,tech_67,Core,2015-01-04
startup_406,tech_19,Important,2019-02-20
startup_406,tech_10,Supporting,2018-08-17
startup_406,tech_63,Supporting,2024-02-16
startup_406,tech_69,Supporting,2015-04-13
startup_407,tech_20,Important,2025-05-27
startup_407,tech_7,Important,2025-01-16
startup_407,tech_60,Important,2024-10-27
startup_407,tech_36,Supporting,2025-02-11
startup_408,tech_46,Supporting,2015-09-09
startup_408,tech_62,Important,2022-09-13
startup_408,tech_10,Important,2015-01-20
startup_409,tech_51,Supporting,2018-06-05
startup_409,tech_18,Core,2013-08-19
startup_409,tech_10,Important,2023-03-09
startup_409,tech_79,Important,2015-08-24
startup_409,tech_70,Core,2019-07-27
startup_409,tech_48,Important,2015-05-19
startup_409,tech_1,Supporting,2024-10-18
startup_410,tech_56,Important,2020-04-21
startup_410,tech_23,Important,2018-12-17
startup_410,tech_46,Important,2024-02-06
startup_410,tech_21,Core,2023-02-01
startup_410,tech_6,Supporting,2019-08-15
startup_410,tech_14,Supporting,2022-04-18
startup_410,tech_77,Important,2020-03-17
startup_411,tech_53,Core,2025-04-26
startup_411,tech_47,Core,2022-05-08
startup_411,tech_65,Core,2023-01-09
startup_411,tech_60,Supporting,2025-03-09
startup_411,tech_23,Important,2023-09-13
startup_412,tech_11,Supporting,2020-11-14
startup_412,tech_67,Core,2023-01-28
startup_412,tech_55,Important,2024-06-18
startup_412,tech_39,Core,2024-03-17
startup_412,tech_22,Important,2023-06-27
startup_412,tech_46,Core,2021-01-18
startup_413,tech_1,Supporting,2022-02-08
startup_413,tech_41,Core,2019-11-07
startup_413,tech_67,Supporting,2023-02-14
startup_413,tech_31,Core,2017-04-06
startup_413,tech_21,Supporting,2023-09-06
startup_413,tech_16,Core,2018-06-11
startup_414,tech_3,Supporting,2021-09-06
startup_414,tech_61,Important,2021-10-12
startup_414,tech_67,Important,2021-09-10
startup_414,tech_8,Important,2021-06-23
startup_414,tech_72,Important,2016-06-20
startup_414,tech_79,Supporting,2024-05-23
startup_414,tech_47,Core,2017-08-03
startup_414,tech_10,Important,2016-10-13
startup_415,tech_67,Supporting,2025-05-12
startup_415,tech_5,Core,2025-05-21
startup_415,tech_31,Core,2025-05-30
startup_415,tech_60,Supporting,2025-05-17
startup_415,tech_77,Important,2025-05-27
startup_415,tech_4,Important,2025-06-04
startup_416,tech_11,Important,2022-11-19
startup_416,tech_23,Core,2020-10-11
startup_416,tech_73,Important,2021-06-19
startup_416,tech_46,Core,2024-01-22
startup_416,tech_20,Important,2024-05-19
startup_416,tech_34,Core,2023-07-19
startup_416,tech_26,Core,2023-10-16
startup_417,tech_43,Core,2021-10-11
startup_417,tech_23,Important,2021-09-13
startup_417,tech_70,Important,2022-01-25
startup_418,tech_6,Important,2025-01-14
startup_418,tech_20,Supporting,2025-05-02
startup_418,tech_74,Important,2025-05-18
startup_418,tech_47,Supporting,2024-12-29
startup_418,tech_33,Supporting,2024-10-10
startup_418,tech_22,Core,2025-04-30
startup_419,tech_21,Supporting,2014-02-23
startup_419,tech_13,Core,2022-02-19
startup_419,tech_5,Important,2010-12-19
startup_419,tech_78,Important,2022-02-14
startup_420,tech_37,Core,2020-03-24
startup_420,tech_50,Supporting,2022-07-23
startup_420,tech_61,Core,2024-03-21
startup_420,tech_76,Important,2022-12-27
startup_421,tech_50,Core,2018-11-07
startup_421,tech_12,Core,2018-11-26
startup_421,tech_47,Core,2022-02-15
startup_421,tech_21,Supporting,2023-07-28
startup_421,tech_25,Important,2021-03-31
startup_421,tech_24,Core,2022-10-08
startup_421,tech_78,Supporting,2019-01-01
startup_422,tech_2,Important,2016-11-27
startup_422,tech_30,Supporting,2022-02-10
startup_422,tech_31,Important,2022-05-17
startup_423,tech_55,Supporting,2025-05-24
startup_423,tech_35,Supporting,2021-02-20
startup_423,tech_46,Supporting,2024-10-16
startup_423,tech_22,Important,2023-04-29
startup_424,tech_23,Core,2025-04-15
startup_424,tech_40,Supporting,2024-10-13
startup_424,tech_22,Core,2024-04-09
startup_424,tech_51,Important,2025-05-11
startup_425,tech_64,Important,2022-04-06
startup_425,tech_36,Supporting,2021-07-11
startup_425,tech_45,Supporting,2024-08-03
startup_425,tech_76,Supporting,2025-01-12
startup_425,tech_73,Core,2022-04-26
startup_425,tech_32,Important,2022-10-18
startup_425,tech_47,Supporting,2025-03-30
startup_426,tech_49,Supporting,2023-10-11
startup_426,tech_57,Important,2024-07-04
startup_426,tech_62,Important,2024-05-28
startup_426,tech_17,Important,2025-03-26
startup_427,tech_45,Core,2024-11-07
startup_427,tech_55,Supporting,2022-11-02
startup_427,tech_4,Important,2025-05-05
startup_427,tech_73,Important,2023-10-27
startup_427,tech_57,Important,2022-03-14
startup_427,tech_10,Supporting,2022-08-26
startup_427,tech_1,Important,2024-09-27
startup_428,tech_60,Supporting,2022-03-18
startup_428,tech_3,Core,2024-01-09
startup_428,tech_19,Core,2019-04-26
startup_428,tech_71,Core,2019-05-02
startup_429,tech_1,Important,2021-01-13
startup_429,tech_29,Core,2021-12-25
startup_429,tech_54,Supporting,2021-03-02
startup_429,tech_49,Core,2023-07-05
startup_429,tech_56,Important,2025-01-17
startup_429,tech_11,Core,2024-07-23
startup_429,tech_43,Supporting,2021-01-13
startup_430,tech_55,Important,2021-04-26
startup_430,tech_70,Important,2019-01-28
startup_430,tech_60,Core,2022-06-22
startup_430,tech_49,Core,2018-11-24
startup_430,tech_42,Important,2015-07-22
startup_430,tech_44,Core,2022-11-12
startup_430,tech_25,Important,2023-10-05
startup_430,tech_53,Supporting,2025-04-21
startup_431,tech_55,Important,2021-04-30
startup_431,tech_44,Core,2019-05-07
startup_431,tech_19,Supporting,2022-04-27
startup_431,tech_14,Important,2021-04-09
startup_431,tech_70,Core,2018-01-26
startup_431,tech_57,Supporting,2016-01-11
startup_432,tech_59,Supporting,2024-02-24
startup_432,tech_65,Important,2025-03-29
startup_432,tech_56,Core,2023-10-20
startup_432,tech_68,Supporting,2024-12-21
startup_432,tech_42,Supporting,2024-01-03
startup_433,tech_42,Important,2021-07-30
startup_433,tech_12,Supporting,2017-11-25
startup_433,tech_23,Supporting,2024-08-04
startup_433,tech_44,Supporting,2018-08-25
startup_434,tech_1,Important,2023-02-07
startup_434,tech_19,Important,2022-11-23
startup_434,tech_70,Supporting,2021-09-14
startup_434,tech_13,Important,2023-12-09
startup_435,tech_11,Supporting,2023-10-16
startup_435,tech_79,Supporting,2025-04-11
startup_435,tech_49,Supporting,2020-06-05
startup_435,tech_37,Important,2021-10-07
startup_436,tech_64,Important,2024-01-26
startup_436,tech_19,Supporting,2022-12-18
startup_436,tech_25,Supporting,2022-05-27
startup_436,tech_35,Important,2022-04-07
startup_436,tech_29,Core,2025-03-14
startup_436,tech_53,Core,2022-11-29
startup_436,tech_7,Core,2022-06-17
startup_437,tech_42,Core,2023-11-12
startup_437,tech_6,Core,2023-09-09
startup_437,tech_52,Supporting,2025-01-05
startup_437,tech_54,Important,2024-09-28
startup_437,tech_24,Core,2023-07-18
startup_437,tech_78,Core,2025-03-31
startup_437,tech_43,Supporting,2025-01-23
startup_438,tech_3,Core,2022-10-12
startup_438,tech_66,Supporting,2025-01-22
startup_438,tech_7,Supporting,2024-08-18
startup_439,tech_30,Supporting,2021-12-28
startup_439,tech_45,Core,2022-06-22
startup_439,tech_43,Supporting,2024-05-05
startup_440,tech_49,Supporting,2021-01-07
startup_440,tech_76,Core,2025-05-09
startup_440,tech_29,Important,2017-01-20
startup_440,tech_40,Supporting,2024-02-10
startup_440,tech_10,Important,2025-03-28
startup_440,tech_46,Core,2023-09-18
startup_441,tech_30,Supporting,2022-11-13
startup_441,tech_45,Important,2020-06-27
startup_441,tech_14,Important,2020-10-01
startup_442,tech_44,Core,2022-07-04
startup_442,tech_40,Core,2021-10-13
startup_442,tech_39,Supporting,2023-11-30
startup_443,tech_15,Important,2021-09-14
startup_443,tech_40,Core,2021-04-01
startup_443,tech_63,Important,2017-04-20
startup_443,tech_6,Core,2023-12-31
startup_443,tech_10,Important,2024-07-07
startup_444,tech_7,Important,2024-12-02
startup_444,tech_46,Supporting,2023-10-07
startup_444,tech_30,Supporting,2023-09-30
startup_444,tech_10,Supporting,2024-04-19
startup_444,tech_45,Supporting,2023-02-12
startup_444,tech_34,Important,2024-02-06
startup_444,tech_52,Important,2023-05-31
startup_444,tech_32,Supporting,2024-02-07
startup_445,tech_35,Core,2021-09-21
startup_445,tech_47,Important,2022-09-23
startup_445,tech_61,Important,2024-12-15
startup_445,tech_18,Supporting,2024-09-19
startup_445,tech_63,Supporting,2021-05-11
startup_445,tech_26,Important,2017-10-28
startup_445,tech_6,Core,2021-08-27
startup_445,tech_68,Important,2024-07-26
startup_446,tech_17,Core,2022-07-04
startup_446,tech_75,Important,2022-04-13
startup_446,tech_78,Supporting,2021-10-02
startup_446,tech_13,Important,2023-12-31
startup_446,tech_32,Supporting,2023-10-27
startup_446,tech_39,Important,2022-01-31
startup_447,tech_8,Core,2024-12-19
startup_447,tech_29,Core,2021-02-02
startup_447,tech_36,Core,2021-05-18
startup_447,tech_5,Important,2022-12-09
startup_447,tech_1,Core,2022-08-23
startup_448,tech_29,Core,2022-06-11
startup_448,tech_71,Core,2022-06-01
startup_448,tech_57,Core,2022-04-24
startup_448,tech_2,Important,2023-02-10
startup_448,tech_39,Important,2023-10-07
startup_448,tech_21,Core,2022-07-29
startup_449,tech_74,Supporting,2015-12-29
startup_449,tech_34,Supporting,2022-11-20
startup_449,tech_2,Supporting,2016-01-05
startup_449,tech_48,Supporting,2020-07-24
startup_449,tech_54,Important,2022-08-22
startup_450,tech_42,Supporting,2025-01-29
startup_450,tech_66,Supporting,2025-05-16
startup_450,tech_22,Core,2025-05-08
startup_450,tech_12,Supporting,2025-03-01
startup_450,tech_48,Core,2025-01-23
startup_451,tech_76,Important,2024-04-08
startup_451,tech_68,Supporting,2022-11-06
startup_451,tech_70,Supporting,2025-01-10
startup_451,tech_24,Supporting,2023-09-22
startup_451,tech_61,Supporting,2023-11-09
startup_451,tech_39,Core,2024-01-30
startup_451,tech_11,Supporting,2024-06-29
startup_451,tech_47,Supporting,2024-07-06
startup_452,tech_58,Core,2015-09-08
startup_452,tech_25,Important,2020-05-23
startup_452,tech_33,Core,2018-11-07
startup_452,tech_18,Supporting,2017-05-10
startup_452,tech_0,Supporting,2016-04-14
startup_452,tech_6,Important,2017-07-07
startup_453,tech_52,Important,2025-03-31
startup_453,tech_24,Core,2024-08-13
startup_453,tech_43,Core,2024-10-17
startup_453,tech_30,Core,2024-09-10
startup_454,tech_9,Supporting,2025-03-31
startup_454,tech_12,Core,2020-03-24
startup_454,tech_27,Core,2021-05-25
startup_454,tech_73,Core,2021-08-25
startup_455,tech_41,Important,2024-01-03
startup_455,tech_13,Important,2019-05-06
startup_455,tech_8,Important,2022-08-12
startup_455,tech_7,Supporting,2017-08-07
startup_455,tech_10,Supporting,2018-02-02
startup_455,tech_56,Core,2025-01-04
startup_455,tech_61,Supporting,2019-07-22
startup_456,tech_55,Core,2023-10-24
startup_456,tech_64,Core,2023-04-16
startup_456,tech_9,Core,2024-12-24
startup_456,tech_21,Supporting,2024-12-22
startup_456,tech_25,Supporting,2023-11-22
startup_456,tech_53,Core,2023-02-05
startup_456,tech_29,Important,2022-12-05
startup_456,tech_34,Supporting,2024-05-23
startup_457,tech_16,Important,2016-11-24
startup_457,tech_77,Important,2024-11-07
startup_457,tech_33,Core,2022-08-17
startup_457,tech_47,Core,2022-11-10
startup_457,tech_25,Supporting,2022-10-05
startup_458,tech_60,Core,2022-07-01
startup_458,tech_41,Important,2018-06-05
startup_458,tech_42,Core,2020-04-06
startup_458,tech_51,Core,2017-08-14
startup_458,tech_6,Core,2019-04-08
startup_458,tech_36,Supporting,2019-05-19
startup_458,tech_7,Important,2019-10-08
startup_458,tech_27,Core,2024-04-27
startup_459,tech_55,Supporting,2019-01-17
startup_459,tech_35,Supporting,2023-08-05
startup_459,tech_41,Core,2015-08-28
startup_459,tech_77,Core,2016-05-22
startup_459,tech_45,Important,2017-02-25
startup_460,tech_5,Core,2018-05-15
startup_460,tech_65,Supporting,2018-03-21
startup_460,tech_12,Important,2017-07-30
startup_460,tech_34,Supporting,2016-11-24
startup_461,tech_18,Important,2025-05-09
startup_461,tech_51,Important,2025-04-23
startup_461,tech_62,Supporting,2025-04-18
startup_461,tech_68,Supporting,2025-05-05
startup_462,tech_56,Supporting,2024-12-23
startup_462,tech_4,Supporting,2025-01-01
startup_462,tech_76,Core,2024-11-21
startup_462,tech_5,Core,2024-12-28
startup_462,tech_54,Important,2024-12-26
startup_463,tech_53,Important,2022-02-02
startup_463,tech_42,Important,2021-12-30
startup_463,tech_15,Supporting,2013-10-14
startup_463,tech_74,Important,2019-03-17
startup_463,tech_25,Core,2023-05-21
startup_463,tech_37,Supporting,2018-09-03
startup_464,tech_36,Core,2023-03-30
startup_464,tech_34,Important,2019-10-12
startup_464,tech_3,Core,2022-11-05
startup_464,tech_26,Important,2018-06-02
startup_464,tech_72,Important,2021-01-04
startup_464,tech_48,Core,2019-05-12
startup_464,tech_40,Core,2024-10-29
startup_464,tech_62,Important,2024-10-02
startup_465,tech_22,Core,2021-02-28
startup_465,tech_78,Core,2018-04-10
startup_465,tech_0,Important,2021-11-05
startup_465,tech_32,Core,2023-08-20
startup_466,tech_13,Supporting,2022-06-05
startup_466,tech_53,Important,2018-07-18
startup_466,tech_20,Core,2025-04-27
startup_466,tech_36,Important,2024-10-05
startup_466,tech_38,Supporting,2017-11-17
startup_466,tech_43,Supporting,2023-05-05
startup_466,tech_27,Supporting,2021-09-08
startup_466,tech_4,Supporting,2020-04-08
startup_467,tech_39,Important,2024-09-14
startup_467,tech_56,Supporting,2022-01-05
startup_467,tech_63,Core,2022-08-25
startup_467,tech_30,Important,2015-05-03
startup_467,tech_49,Important,2017-04-02
startup_468,tech_74,Important,2025-04-20
startup_468,tech_43,Core,2025-02-15
startup_468,tech_31,Core,2025-03-24
startup_469,tech_10,Important,2018-04-14
startup_469,tech_11,Supporting,2018-11-14
startup_469,tech_38,Important,2023-01-02
startup_469,tech_7,Core,2015-09-26
startup_469,tech_42,Important,2014-04-04
startup_469,tech_55,Important,2017-12-28
startup_469,tech_13,Core,2015-11-12
startup_469,tech_65,Core,2013-08-16
startup_470,tech_68,Core,2021-07-01
startup_470,tech_26,Supporting,2020-02-09
startup_470,tech_37,Core,2024-03-22
startup_471,tech_65,Supporting,2025-04-09
startup_471,tech_76,Core,2020-02-20
startup_471,tech_17,Important,2021-02-19
startup_471,tech_61,Important,2025-05-04
startup_471,tech_48,Supporting,2021-08-15
startup_472,tech_27,Core,2018-02-21
startup_472,tech_79,Important,2018-05-20
startup_472,tech_74,Core,2023-08-14
startup_473,tech_29,Core,2022-07-18
startup_473,tech_2,Supporting,2025-01-06
startup_473,tech_13,Supporting,2022-10-25
startup_473,tech_26,Core,2023-12-27
startup_473,tech_66,Core,2023-12-23
startup_473,tech_74,Supporting,2020-07-03
startup_473,tech_41,Core,2024-11-06
startup_474,tech_35,Supporting,2021-10-08
startup_474,tech_70,Supporting,2019-12-25
startup_474,tech_46,Core,2022-12-06
startup_474,tech_53,Core,2023-03-13
startup_475,tech_69,Important,2025-02-23
startup_475,tech_4,Supporting,2021-02-04
startup_475,tech_48,Supporting,2023-09-01
startup_475,tech_50,Core,2023-04-05
startup_475,tech_30,Important,2023-02-02
startup_475,tech_25,Core,2022-03-13
startup_475,tech_24,Core,2021-03-06
startup_476,tech_27,Supporting,2025-02-17
startup_476,tech_43,Important,2025-02-10
startup_476,tech_34,Important,2025-04-21
startup_476,tech_60,Supporting,2025-05-10
startup_477,tech_64,Important,2024-01-30
startup_477,tech_35,Important,2024-12-03
startup_477,tech_26,Core,2024-10-30
startup_477,tech_41,Supporting,2024-09-28
startup_478,tech_56,Supporting,2023-08-30
startup_478,tech_47,Important,2020-06-30
startup_478,tech_8,Supporting,2024-07-19
startup_479,tech_62,Supporting,2016-09-02
startup_479,tech_73,Important,2023-12-28
startup_479,tech_6,Core,2021-01-25
startup_479,tech_4,Important,2019-09-05
startup_479,tech_53,Supporting,2020-10-26
startup_480,tech_28,Supporting,2025-06-03
startup_480,tech_16,Supporting,2025-04-27
startup_480,tech_12,Supporting,2025-05-08
startup_480,tech_0,Important,2025-04-01
startup_480,tech_62,Supporting,2025-04-25
startup_480,tech_17,Important,2025-05-25
startup_481,tech_34,Core,2012-05-31
startup_481,tech_77,Supporting,2017-04-17
startup_481,tech_31,Core,2015-07-12
startup_481,tech_32,Core,2022-08-25
startup_481,tech_73,Supporting,2024-06-13
startup_481,tech_42,Important,2019-08-30
startup_481,tech_53,Important,2016-10-28
startup_481,tech_59,Important,2012-08-27
startup_482,tech_25,Important,2024-08-10
startup_482,tech_42,Core,2013-11-20
startup_482,tech_18,Important,2023-12-20
startup_482,tech_45,Core,2015-05-02
startup_482,tech_38,Core,2024-07-18
startup_482,tech_39,Core,2022-09-27
startup_483,tech_53,Important,2017-05-29
startup_483,tech_69,Core,2014-09-08
startup_483,tech_56,Supporting,2011-08-06
startup_483,tech_27,Important,2015-02-21
startup_483,tech_33,Supporting,2022-07-02
startup_483,tech_15,Supporting,2014-09-18
startup_484,tech_33,Supporting,2021-04-28
startup_484,tech_39,Supporting,2022-03-12
startup_484,tech_31,Supporting,2022-08-23
startup_484,tech_22,Important,2022-03-17
startup_484,tech_3,Core,2022-02-11
startup_484,tech_65,Core,2021-04-22
startup_485,tech_48,Core,2020-06-28
startup_485,tech_33,Important,2019-03-22
startup_485,tech_30,Important,2020-11-12
startup_485,tech_8,Core,2019-03-14
startup_485,tech_72,Supporting,2024-02-20
startup_485,tech_41,Important,2021-05-16
startup_486,tech_71,Important,2023-06-04
startup_486,tech_7,Supporting,2023-12-07
startup_486,tech_58,Core,2019-04-15
startup_487,tech_69,Supporting,2024-09-10
startup_487,tech_55,Core,2024-11-24
startup_487,tech_59,Supporting,2024-11-06
startup_487,tech_18,Supporting,2024-06-07
startup_488,tech_27,Supporting,2023-10-23
startup_488,tech_39,Important,2020-07-31
startup_488,tech_78,Supporting,2022-05-19
startup_488,tech_38,Important,2017-08-24
startup_488,tech_70,Core,2021-10-10
startup_489,tech_32,Supporting,2021-05-18
startup_489,tech_25,Important,2016-09-30
startup_489,tech_48,Supporting,2021-10-17
startup_489,tech_62,Core,2017-03-14
startup_489,tech_30,Core,2021-11-16
startup_490,tech_3,Important,2018-04-26
startup_490,tech_75,Core,2016-01-08
startup_490,tech_78,Supporting,2020-07-09
startup_490,tech_30,Core,2021-07-26
startup_490,tech_32,Core,2015-09-07
startup_491,tech_79,Supporting,2023-02-26
startup_491,tech_12,Supporting,2013-11-22
startup_491,tech_64,Important,2013-12-16
startup_491,tech_78,Important,2024-01-11
startup_491,tech_47,Core,2015-11-25
startup_491,tech_59,Supporting,2016-10-19
startup_492,tech_62,Important,2024-12-21
startup_492,tech_48,Supporting,2024-11-27
startup_492,tech_20,Supporting,2025-04-12
startup_492,tech_39,Important,2025-05-22
startup_492,tech_16,Core,2025-01-27
startup_492,tech_73,Supporting,2024-10-23
startup_492,tech_33,Supporting,2024-10-31
startup_492,tech_72,Supporting,2024-10-24
startup_493,tech_57,Core,2019-01-30
startup_493,tech_36,Core,2013-12-04
startup_493,tech_47,Supporting,2019-11-17
startup_493,tech_77,Important,2021-01-17
startup_493,tech_9,Supporting,2016-05-08
startup_493,tech_27,Important,2019-07-04
startup_493,tech_3,Core,2018-11-10
startup_494,tech_23,Supporting,2020-03-14
startup_494,tech_49,Core,2019-01-12
startup_494,tech_30,Core,2016-02-29
startup_494,tech_72,Supporting,2013-01-16
startup_494,tech_27,Important,2014-04-18
startup_494,tech_70,Core,2014-07-06
startup_494,tech_31,Supporting,2023-07-06
startup_494,tech_10,Supporting,2018-08-23
startup_495,tech_7,Important,2021-02-10
startup_495,tech_68,Supporting,2018-04-10
startup_495,tech_16,Important,2023-05-28
startup_495,tech_73,Important,2020-01-31
startup_495,tech_71,Important,2019-03-20
startup_495,tech_72,Supporting,2021-01-15
startup_496,tech_50,Supporting,2024-04-09
startup_496,tech_47,Core,2023-06-15
startup_496,tech_49,Core,2023-06-30
startup_496,tech_36,Supporting,2022-11-06
startup_496,tech_39,Important,2024-05-01
startup_496,tech_21,Important,2024-05-15
startup_497,tech_26,Core,2025-05-07
startup_497,tech_24,Important,2024-02-29
startup_497,tech_10,Core,2020-06-06
startup_497,tech_18,Core,2020-01-18
startup_497,tech_23,Core,2024-07-11
startup_497,tech_55,Supporting,2025-04-14
startup_497,tech_6,Core,2025-05-30
startup_498,tech_14,Core,2018-06-20
startup_498,tech_38,Important,2016-09-11
startup_498,tech_50,Important,2023-11-01
startup_499,tech_32,Important,2024-12-20
startup_499,tech_53,Supporting,2015-05-31
startup_499,tech_59,Supporting,2022-08-05
startup_499,tech_6,Supporting,2025-05-19
startup_500,tech_41,Important,2025-04-16
startup_500,tech_33,Important,2025-02-17
startup_500,tech_52,Important,2025-03-28
startup_500,tech_40,Core,2025-02-14
startup_501,tech_72,Important,2015-08-03
startup_501,tech_77,Supporting,2022-09-04
startup_501,tech_30,Important,2025-03-20
startup_501,tech_17,Supporting,2018-02-05
startup_501,tech_50,Core,2021-03-25
startup_502,tech_61,Core,2022-11-14
startup_502,tech_55,Important,2020-05-02
startup_502,tech_67,Core,2024-12-14
startup_502,tech_58,Core,2012-03-24
startup_502,tech_0,Important,2011-08-10
startup_502,tech_75,Supporting,2016-10-05
startup_503,tech_57,Important,2025-04-20
startup_503,tech_64,Important,2025-01-22
startup_503,tech_76,Core,2025-01-31
startup_503,tech_15,Core,2025-05-03
startup_503,tech_20,Supporting,2025-04-08
startup_503,tech_37,Important,2024-12-26
startup_503,tech_16,Important,2024-12-26
startup_504,tech_38,Core,2023-11-09
startup_504,tech_70,Supporting,2022-06-07
startup_504,tech_12,Core,2024-10-01
startup_504,tech_46,Important,2025-06-02
startup_504,tech_63,Important,2020-10-09
startup_504,tech_24,Core,2023-10-27
startup_504,tech_32,Supporting,2021-10-17
startup_504,tech_44,Core,2020-10-28
startup_505,tech_54,Important,2018-07-24
startup_505,tech_17,Supporting,2018-05-19
startup_505,tech_11,Supporting,2024-02-24
startup_505,tech_13,Important,2020-03-11
startup_505,tech_69,Core,2023-12-16
startup_506,tech_17,Important,2022-06-14
startup_506,tech_37,Important,2021-04-24
startup_506,tech_49,Important,2020-06-01
startup_506,tech_24,Supporting,2024-12-20
startup_506,tech_34,Important,2020-03-21
startup_506,tech_21,Core,2022-12-24
startup_507,tech_4,Important,2018-10-31
startup_507,tech_72,Important,2022-02-07
startup_507,tech_42,Core,2011-09-10
startup_507,tech_71,Core,2019-05-27
startup_507,tech_5,Core,2022-12-17
startup_507,tech_78,Core,2014-12-08
startup_507,tech_62,Core,2013-12-18
startup_508,tech_35,Core,2023-10-24
startup_508,tech_53,Important,2022-07-18
startup_508,tech_2,Core,2023-11-08
startup_508,tech_12,Supporting,2021-06-18
startup_509,tech_18,Important,2021-03-19
startup_509,tech_65,Core,2022-11-01
startup_509,tech_32,Core,2023-05-12
startup_509,tech_9,Supporting,2021-03-20
startup_510,tech_35,Supporting,2025-04-12
startup_510,tech_49,Important,2025-03-07
startup_510,tech_0,Important,2025-06-04
startup_511,tech_35,Important,2023-10-20
startup_511,tech_22,Important,2022-06-15
startup_511,tech_51,Important,2023-09-26
startup_511,tech_18,Core,2022-08-19
startup_511,tech_75,Supporting,2021-05-16
startup_511,tech_10,Supporting,2020-06-25
startup_511,tech_34,Supporting,2023-01-28
startup_511,tech_37,Core,2022-11-12
startup_512,tech_18,Supporting,2018-07-16
startup_512,tech_54,Core,2024-11-07
startup_512,tech_10,Core,2024-11-14
startup_512,tech_45,Important,2020-06-18
startup_512,tech_13,Important,2019-07-22
startup_513,tech_78,Important,2021-09-05
startup_513,tech_56,Supporting,2024-04-11
startup_513,tech_47,Supporting,2019-07-27
startup_513,tech_43,Supporting,2025-03-20
startup_514,tech_79,Important,2019-07-14
startup_514,tech_1,Important,2022-03-28
startup_514,tech_72,Important,2025-04-27
startup_514,tech_0,Important,2018-02-14
startup_515,tech_6,Core,2021-01-25
startup_515,tech_43,Core,2023-10-15
startup_515,tech_14,Core,2023-12-31
startup_515,tech_52,Important,2022-09-24
startup_515,tech_38,Important,2024-06-04
startup_515,tech_16,Core,2023-08-22
startup_515,tech_34,Supporting,2024-07-14
startup_515,tech_63,Supporting,2024-08-10
startup_516,tech_15,Important,2020-12-20
startup_516,tech_19,Supporting,2017-07-01
startup_516,tech_0,Core,2016-06-22
startup_516,tech_54,Important,2024-04-02
startup_516,tech_21,Supporting,2020-06-22
startup_517,tech_11,Core,2025-05-29
startup_517,tech_26,Important,2025-05-18
startup_517,tech_48,Core,2025-05-28
startup_517,tech_29,Core,2025-06-02
startup_517,tech_25,Important,2025-05-02
startup_518,tech_67,Important,2022-12-28
startup_518,tech_74,Important,2023-11-06
startup_518,tech_73,Important,2024-05-15
startup_519,tech_78,Important,2024-05-11
startup_519,tech_2,Important,2024-03-26
startup_519,tech_13,Core,2025-04-20
startup_519,tech_6,Supporting,2025-03-11
startup_519,tech_59,Supporting,2024-07-23
startup_519,tech_50,Important,2024-12-28
startup_520,tech_47,Important,2020-07-17
startup_520,tech_72,Supporting,2024-07-20
startup_520,tech_60,Important,2017-08-16
startup_520,tech_1,Core,2015-01-24
startup_520,tech_61,Important,2015-03-06
startup_521,tech_17,Important,2024-06-20
startup_521,tech_0,Core,2023-07-17
startup_521,tech_76,Important,2024-07-25
startup_521,tech_52,Supporting,2024-06-13
startup_521,tech_57,Supporting,2024-03-23
startup_521,tech_56,Important,2023-09-06
startup_521,tech_46,Important,2022-07-16
startup_521,tech_1,Core,2023-06-19
startup_522,tech_11,Core,2020-10-10
startup_522,tech_52,Core,2024-01-21
startup_522,tech_43,Important,2021-05-27
startup_522,tech_18,Important,2021-05-29
startup_523,tech_50,Supporting,2023-05-19
startup_523,tech_19,Supporting,2025-04-10
startup_523,tech_42,Core,2019-08-16
startup_523,tech_75,Supporting,2018-03-15
startup_523,tech_49,Supporting,2018-01-17
startup_523,tech_70,Important,2023-11-07
startup_523,tech_59,Important,2019-07-13
startup_523,tech_65,Important,2023-08-02
startup_524,tech_30,Important,2022-12-26
startup_524,tech_36,Supporting,2023-05-18
startup_524,tech_57,Important,2025-01-20
startup_524,tech_70,Supporting,2022-10-17
startup_524,tech_74,Important,2024-01-31
startup_524,tech_1,Core,2025-04-02
startup_525,tech_30,Supporting,2024-04-02
startup_525,tech_37,Important,2024-06-07
startup_525,tech_1,Core,2021-05-16
startup_525,tech_35,Core,2021-03-17
startup_525,tech_56,Important,2022-09-04
startup_525,tech_66,Important,2023-05-10
startup_525,tech_3,Important,2022-06-24
startup_526,tech_14,Supporting,2022-09-19
startup_526,tech_18,Core,2023-10-28
startup_526,tech_45,Supporting,2025-02-04
startup_526,tech_29,Supporting,2024-11-23
startup_526,tech_6,Important,2022-06-14
startup_526,tech_78,Important,2025-03-21
startup_527,tech_65,Supporting,2021-01-18
startup_527,tech_72,Supporting,2021-04-23
startup_527,tech_0,Core,2022-08-23
startup_527,tech_41,Core,2019-12-29
startup_528,tech_15,Supporting,2022-12-14
startup_528,tech_39,Core,2024-04-10
startup_528,tech_55,Core,2020-10-13
startup_528,tech_74,Important,2024-05-15
startup_528,tech_62,Important,2023-01-27
startup_528,tech_51,Important,2023-10-06
startup_528,tech_63,Core,2025-03-21
startup_529,tech_54,Supporting,2016-02-11
startup_529,tech_61,Important,2024-02-24
startup_529,tech_39,Core,2022-08-21
startup_529,tech_44,Supporting,2016-11-30
startup_530,tech_30,Core,2021-08-26
startup_530,tech_29,Supporting,2025-01-24
startup_530,tech_52,Important,2022-02-06
startup_531,tech_18,Core,2023-04-02
startup_531,tech_41,Core,2021-08-22
startup_531,tech_63,Important,2019-06-06
startup_531,tech_66,Core,2023-11-10
startup_531,tech_19,Important,2021-04-25
startup_531,tech_50,Supporting,2019-08-10
startup_532,tech_38,Core,2012-10-01
startup_532,tech_15,Core,2011-12-19
startup_532,tech_1,Important,2013-05-05
startup_533,tech_40,Important,2022-03-04
startup_533,tech_70,Core,2020-02-19
startup_533,tech_45,Important,2024-06-21
startup_533,tech_61,Important,2022-10-22
startup_533,tech_9,Important,2019-05-03
startup_533,tech_33,Core,2019-02-03
startup_533,tech_55,Supporting,2019-12-17
startup_534,tech_62,Important,2025-02-24
startup_534,tech_31,Supporting,2025-04-23
startup_534,tech_5,Core,2025-01-07
startup_534,tech_11,Supporting,2025-04-19
startup_534,tech_38,Important,2025-02-11
startup_534,tech_8,Supporting,2024-12-17
startup_534,tech_73,Core,2025-01-06
startup_535,tech_16,Core,2021-02-14
startup_535,tech_9,Important,2024-02-01
startup_535,tech_1,Important,2020-12-13
startup_535,tech_2,Supporting,2023-12-05
startup_535,tech_45,Supporting,2023-03-25
startup_536,tech_60,Supporting,2024-10-25
startup_536,tech_15,Supporting,2018-08-10
startup_536,tech_61,Supporting,2019-09-07
startup_536,tech_37,Important,2018-07-05
startup_536,tech_33,Important,2015-07-21
startup_536,tech_71,Supporting,2016-10-31
startup_537,tech_28,Supporting,2025-02-08
startup_537,tech_24,Supporting,2024-06-23
startup_537,tech_33,Supporting,2024-10-08
startup_537,tech_35,Core,2024-07-26
startup_537,tech_19,Important,2024-01-01
startup_537,tech_70,Core,2024-02-05
startup_537,tech_22,Core,2025-01-13
startup_537,tech_41,Important,2024-03-21
startup_538,tech_51,Supporting,2021-02-21
startup_538,tech_59,Core,2023-01-06
startup_538,tech_13,Important,2020-06-24
startup_538,tech_53,Important,2018-09-09
startup_538,tech_67,Important,2018-04-18
startup_538,tech_72,Supporting,2018-01-04
startup_538,tech_75,Supporting,2024-11-02
startup_538,tech_79,Important,2022-03-29
startup_539,tech_26,Important,2021-03-30
startup_539,tech_33,Important,2025-02-23
startup_539,tech_52,Supporting,2020-03-03
startup_539,tech_28,Core,2024-12-05
startup_539,tech_76,Important,2021-01-26
startup_540,tech_78,Supporting,2022-05-12
startup_540,tech_61,Core,2023-05-19
startup_540,tech_23,Core,2020-05-18
startup_540,tech_4,Core,2025-05-02
startup_540,tech_50,Core,2018-07-16
startup_540,tech_65,Important,2022-10-24
startup_541,tech_4,Supporting,2022-12-16
startup_541,tech_38,Important,2020-12-08
startup_541,tech_42,Core,2024-12-07
startup_541,tech_11,Supporting,2022-03-14
startup_541,tech_47,Supporting,2021-09-27
startup_541,tech_74,Important,2021-05-25
startup_542,tech_3,Important,2021-08-26
startup_542,tech_54,Supporting,2015-06-05
startup_542,tech_31,Core,2019-02-25
startup_542,tech_23,Core,2020-01-31
startup_542,tech_43,Important,2021-02-02
startup_542,tech_67,Important,2023-10-28
startup_542,tech_71,Important,2016-12-15
startup_542,tech_36,Supporting,2020-09-19
startup_543,tech_9,Core,2023-01-24
startup_543,tech_50,Core,2024-10-18
startup_543,tech_58,Supporting,2023-05-25
startup_543,tech_3,Supporting,2023-06-10
startup_543,tech_13,Supporting,2024-04-07
startup_543,tech_1,Core,2023-10-28
startup_543,tech_44,Core,2023-02-27
startup_543,tech_61,Supporting,2023-05-11
startup_544,tech_68,Core,2025-04-07
startup_544,tech_16,Core,2023-12-23
startup_544,tech_5,Supporting,2023-08-21
startup_544,tech_70,Supporting,2024-05-29
startup_544,tech_7,Core,2024-11-12
startup_544,tech_74,Important,2024-04-01
startup_544,tech_63,Supporting,2023-11-27
startup_545,tech_15,Core,2016-12-27
startup_545,tech_60,Supporting,2021-02-08
startup_545,tech_4,Important,2018-08-10
startup_545,tech_64,Important,2014-03-18
startup_546,tech_15,Supporting,2018-12-05
startup_546,tech_48,Supporting,2025-04-15
startup_546,tech_29,Important,2015-07-23
startup_546,tech_38,Important,2017-05-08
startup_546,tech_13,Core,2020-05-05
startup_546,tech_42,Important,2015-07-17
startup_547,tech_0,Core,2017-07-21
startup_547,tech_22,Supporting,2024-03-27
startup_547,tech_6,Important,2022-11-01
startup_548,tech_55,Supporting,2017-07-05
startup_548,tech_51,Supporting,2025-04-24
startup_548,tech_48,Important,2025-02-18
startup_548,tech_35,Important,2019-06-10
startup_548,tech_71,Important,2019-08-04
startup_548,tech_11,Important,2024-05-14
startup_548,tech_30,Important,2023-08-21
startup_548,tech_79,Core,2020-01-10
startup_549,tech_34,Core,2020-01-11
startup_549,tech_66,Core,2016-11-15
startup_549,tech_78,Supporting,2019-03-09
startup_550,tech_45,Important,2019-01-30
startup_550,tech_74,Important,2017-08-04
startup_550,tech_77,Core,2019-04-04
startup_550,tech_10,Important,2015-08-01
startup_550,tech_0,Core,2023-08-20
startup_551,tech_38,Supporting,2024-12-16
startup_551,tech_44,Supporting,2021-12-01
startup_551,tech_60,Important,2021-06-24
startup_551,tech_55,Core,2020-10-14
startup_551,tech_24,Core,2021-03-25
startup_551,tech_2,Core,2021-10-10
startup_551,tech_20,Supporting,2023-03-20
startup_552,tech_39,Core,2024-01-31
startup_552,tech_46,Important,2024-05-10
startup_552,tech_67,Important,2024-05-15
startup_552,tech_13,Core,2023-06-08
startup_552,tech_26,Core,2023-11-14
startup_552,tech_24,Important,2024-10-10
startup_552,tech_65,Core,2024-09-20
startup_552,tech_62,Supporting,2023-04-03
startup_553,tech_35,Core,2022-11-01
startup_553,tech_9,Supporting,2021-06-21
startup_553,tech_63,Core,2023-01-09
startup_554,tech_37,Core,2023-03-25
startup_554,tech_59,Important,2024-07-30
startup_554,tech_36,Important,2022-05-28
startup_554,tech_20,Supporting,2022-07-26
startup_555,tech_79,Important,2023-02-05
startup_555,tech_12,Core,2022-12-22
startup_555,tech_59,Supporting,2025-02-19
startup_555,tech_28,Supporting,2022-09-12
startup_555,tech_37,Supporting,2022-02-11
startup_555,tech_21,Supporting,2024-12-25
startup_555,tech_56,Core,2023-02-23
startup_555,tech_25,Supporting,2023-09-14
startup_556,tech_70,Supporting,2024-11-10
startup_556,tech_23,Core,2024-06-27
startup_556,tech_7,Important,2023-04-06
startup_556,tech_50,Core,2023-09-12
startup_556,tech_64,Important,2023-06-27
startup_556,tech_51,Core,2024-01-19
startup_556,tech_15,Important,2024-01-01
startup_557,tech_34,Supporting,2024-04-02
startup_557,tech_25,Important,2019-06-07
startup_557,tech_61,Important,2024-06-26
startup_557,tech_42,Important,2022-05-21
startup_557,tech_70,Important,2021-05-20
startup_558,tech_37,Important,2024-02-29
startup_558,tech_53,Supporting,2019-12-19
startup_558,tech_20,Supporting,2023-04-23
startup_558,tech_55,Supporting,2021-07-03
startup_558,tech_5,Supporting,2021-05-27
startup_559,tech_61,Supporting,2024-09-07
startup_559,tech_67,Important,2017-04-28
startup_559,tech_19,Core,2021-03-18
startup_559,tech_57,Important,2022-06-13
startup_559,tech_58,Important,2022-05-17
startup_560,tech_5,Supporting,2023-01-18
startup_560,tech_61,Core,2023-01-21
startup_560,tech_13,Supporting,2024-04-17
startup_560,tech_64,Core,2025-04-25
startup_560,tech_1,Core,2024-12-29
startup_560,tech_47,Important,2025-04-28
startup_561,tech_1,Core,2020-08-28
startup_561,tech_11,Core,2013-07-10
startup_561,tech_35,Supporting,2023-01-09
startup_562,tech_60,Important,2022-12-02
startup_562,tech_40,Important,2021-12-14
startup_562,tech_69,Core,2019-11-05
startup_562,tech_34,Core,2022-04-16
startup_562,tech_66,Supporting,2021-10-01
startup_562,tech_16,Core,2019-01-30
startup_562,tech_33,Important,2017-07-27
startup_562,tech_0,Important,2017-06-23
startup_563,tech_14,Important,2024-05-01
startup_563,tech_2,Important,2024-02-28
startup_563,tech_57,Core,2024-11-16
startup_564,tech_11,Core,2022-10-05
startup_564,tech_32,Supporting,2023-12-14
startup_564,tech_54,Important,2017-11-11
startup_564,tech_58,Important,2022-09-11
startup_564,tech_21,Important,2025-04-25
startup_564,tech_51,Important,2020-10-13
startup_565,tech_33,Core,2024-07-15
startup_565,tech_26,Core,2023-12-14
startup_565,tech_62,Core,2023-06-03
startup_565,tech_0,Supporting,2022-08-08
startup_565,tech_74,Core,2024-01-30
startup_566,tech_22,Supporting,2018-04-01
startup_566,tech_7,Core,2022-01-18
startup_566,tech_34,Important,2021-12-01
startup_566,tech_38,Supporting,2020-04-08
startup_566,tech_46,Important,2019-07-06
startup_566,tech_35,Supporting,2024-12-13
startup_566,tech_56,Supporting,2021-11-11
startup_566,tech_16,Core,2017-05-17
startup_567,tech_1,Important,2021-05-15
startup_567,tech_14,Supporting,2023-05-18
startup_567,tech_71,Core,2021-02-22
startup_567,tech_45,Important,2015-03-25
startup_567,tech_60,Core,2024-07-07
startup_567,tech_26,Core,2021-03-06
startup_567,tech_18,Core,2017-07-26
startup_568,tech_21,Supporting,2023-03-29
startup_568,tech_45,Supporting,2022-03-11
startup_568,tech_31,Important,2020-12-03
startup_568,tech_53,Core,2022-01-31
startup_569,tech_14,Supporting,2020-02-11
startup_569,tech_23,Important,2024-04-03
startup_569,tech_32,Important,2019-10-11
startup_569,tech_33,Important,2019-04-08
startup_569,tech_60,Important,2019-12-04
startup_570,tech_36,Core,2025-06-03
startup_570,tech_33,Important,2022-11-20
startup_570,tech_72,Supporting,2023-04-09
startup_570,tech_5,Core,2024-02-11
startup_570,tech_3,Important,2024-04-18
startup_570,tech_40,Important,2022-07-09
startup_570,tech_77,Important,2024-12-11
startup_570,tech_60,Supporting,2023-09-26
startup_571,tech_66,Core,2024-06-09
startup_571,tech_34,Important,2022-10-22
startup_571,tech_8,Important,2019-09-06
startup_571,tech_75,Supporting,2020-05-20
startup_571,tech_20,Supporting,2017-08-11
startup_571,tech_55,Core,2023-04-13
startup_571,tech_44,Supporting,2018-06-13
startup_571,tech_9,Core,2022-01-22
startup_572,tech_51,Important,2020-03-17
startup_572,tech_66,Important,2024-05-21
startup_572,tech_19,Important,2019-04-10
startup_572,tech_62,Important,2017-11-30
startup_572,tech_53,Supporting,2017-01-28
startup_573,tech_44,Core,2023-10-15
startup_573,tech_46,Important,2023-06-23
startup_573,tech_51,Supporting,2024-10-21
startup_573,tech_68,Supporting,2021-12-26
startup_573,tech_32,Core,2023-01-25
startup_573,tech_20,Important,2025-02-06
startup_573,tech_39,Supporting,2024-12-06
startup_574,tech_39,Core,2020-11-29
startup_574,tech_65,Core,2024-07-08
startup_574,tech_50,Important,2021-01-13
startup_574,tech_58,Core,2022-02-22
startup_574,tech_13,Core,2021-02-11
startup_574,tech_43,Core,2022-02-15
startup_574,tech_18,Important,2023-04-07
startup_574,tech_79,Core,2022-08-18
startup_575,tech_6,Important,2023-08-03
startup_575,tech_66,Important,2021-05-14
startup_575,tech_78,Supporting,2024-10-07
startup_575,tech_43,Core,2021-12-05
startup_576,tech_45,Core,2025-05-26
startup_576,tech_57,Supporting,2024-11-26
startup_576,tech_74,Supporting,2025-01-22
startup_576,tech_50,Supporting,2024-10-30
startup_576,tech_34,Supporting,2024-10-09
startup_576,tech_37,Core,2025-05-13
startup_577,tech_67,Important,2025-03-18
startup_577,tech_0,Important,2025-03-17
startup_577,tech_9,Core,2025-04-09
startup_577,tech_56,Core,2025-03-22
startup_578,tech_38,Supporting,2024-11-14
startup_578,tech_24,Core,2020-06-18
startup_578,tech_43,Supporting,2021-12-09
startup_578,tech_56,Core,2024-01-10
startup_578,tech_68,Core,2022-05-22
startup_578,tech_13,Core,2023-09-28
startup_578,tech_33,Supporting,2019-08-29
startup_578,tech_61,Important,2023-12-22
startup_579,tech_65,Core,2023-02-03
startup_579,tech_27,Core,2022-02-02
startup_579,tech_45,Supporting,2023-08-12
startup_580,tech_28,Core,2012-08-18
startup_580,tech_1,Important,2024-12-02
startup_580,tech_71,Important,2012-12-11
startup_580,tech_20,Important,2016-06-29
startup_580,tech_34,Supporting,2012-07-14
startup_580,tech_69,Supporting,2014-07-05
startup_580,tech_23,Supporting,2018-05-04
startup_581,tech_25,Important,2025-03-23
startup_581,tech_65,Supporting,2024-10-17
startup_581,tech_35,Important,2025-06-01
startup_581,tech_55,Core,2025-02-14
startup_581,tech_27,Core,2024-12-08
startup_581,tech_15,Supporting,2024-11-21
startup_581,tech_3,Core,2025-03-02
startup_581,tech_2,Supporting,2024-12-30
startup_582,tech_40,Core,2021-11-13
startup_582,tech_35,Supporting,2022-10-30
startup_582,tech_61,Important,2021-07-07
startup_582,tech_27,Supporting,2022-04-03
startup_582,tech_45,Important,2021-10-06
startup_582,tech_21,Supporting,2024-11-02
startup_582,tech_55,Supporting,2023-04-17
startup_583,tech_7,Supporting,2022-02-19
startup_583,tech_26,Core,2019-10-14
startup_583,tech_78,Core,2021-03-27
startup_583,tech_58,Important,2021-10-18
startup_584,tech_7,Supporting,2025-02-28
startup_584,tech_33,Supporting,2025-01-06
startup_584,tech_61,Supporting,2023-04-28
startup_584,tech_18,Core,2021-11-15
startup_584,tech_78,Important,2022-10-17
startup_585,tech_54,Core,2022-03-14
startup_585,tech_29,Core,2020-12-28
startup_585,tech_62,Core,2023-08-28
startup_585,tech_75,Core,2018-07-20
startup_585,tech_6,Important,2025-03-22
startup_585,tech_56,Important,2023-09-28
startup_585,tech_46,Important,2020-07-05
startup_586,tech_20,Supporting,2018-09-25
startup_586,tech_16,Important,2019-03-23
startup_586,tech_50,Important,2022-06-17
startup_586,tech_37,Core,2023-06-01
startup_586,tech_73,Core,2018-12-24
startup_587,tech_59,Important,2018-11-15
startup_587,tech_49,Core,2020-03-17
startup_587,tech_52,Supporting,2025-06-02
startup_587,tech_77,Important,2024-02-02
startup_588,tech_65,Core,2022-07-12
startup_588,tech_15,Important,2023-01-18
startup_588,tech_43,Core,2022-07-18
startup_588,tech_16,Supporting,2022-10-01
startup_588,tech_10,Core,2023-12-12
startup_589,tech_40,Important,2024-09-24
startup_589,tech_70,Important,2022-06-12
startup_589,tech_33,Important,2025-04-09
startup_589,tech_0,Important,2019-11-25
startup_589,tech_78,Important,2024-06-29
startup_589,tech_31,Core,2023-10-27
startup_590,tech_36,Core,2024-01-27
startup_590,tech_53,Important,2017-07-24
startup_590,tech_7,Core,2023-10-26
startup_590,tech_75,Important,2019-04-15
startup_590,tech_49,Core,2021-12-19
startup_590,tech_72,Important,2019-09-15
startup_590,tech_5,Supporting,2021-10-17
startup_590,tech_33,Important,2025-05-20
startup_591,tech_38,Supporting,2013-10-06
startup_591,tech_45,Core,2019-10-22
startup_591,tech_64,Core,2020-04-06
startup_591,tech_12,Supporting,2021-12-27
startup_591,tech_78,Core,2024-01-18
startup_591,tech_41,Important,2019-08-17
startup_592,tech_9,Core,2024-07-27
startup_592,tech_22,Core,2025-05-09
startup_592,tech_11,Important,2023-09-15
startup_592,tech_53,Core,2024-09-25
startup_593,tech_53,Core,2025-04-04
startup_593,tech_17,Core,2024-12-29
startup_593,tech_51,Important,2025-04-19
startup_593,tech_44,Core,2025-02-21
startup_593,tech_52,Important,2024-12-31
startup_593,tech_77,Supporting,2025-01-02
startup_593,tech_0,Core,2025-03-20
startup_593,tech_18,Core,2025-05-20
startup_594,tech_49,Supporting,2023-12-29
startup_594,tech_51,Important,2017-05-13
startup_594,tech_29,Important,2017-08-24
startup_594,tech_18,Core,2022-04-02
startup_594,tech_62,Supporting,2016-05-04
startup_594,tech_27,Important,2016-07-01
startup_594,tech_48,Core,2024-10-28
startup_595,tech_7,Core,2012-04-07
startup_595,tech_10,Supporting,2013-12-02
startup_595,tech_63,Core,2017-07-04
startup_596,tech_52,Supporting,2020-08-17
startup_596,tech_14,Core,2013-10-23
startup_596,tech_48,Core,2017-03-01
startup_596,tech_65,Supporting,2013-09-21
startup_596,tech_62,Supporting,2019-04-25
startup_597,tech_60,Important,2020-11-06
startup_597,tech_64,Supporting,2023-11-16
startup_597,tech_47,Important,2016-09-21
startup_597,tech_43,Supporting,2018-11-27
startup_598,tech_59,Important,2024-11-05
startup_598,tech_71,Core,2024-07-24
startup_598,tech_11,Supporting,2024-07-27
startup_598,tech_52,Supporting,2024-10-25
startup_598,tech_79,Core,2024-05-23
startup_598,tech_26,Core,2025-02-28
startup_598,tech_33,Core,2024-10-24
startup_598,tech_19,Important,2024-05-20
startup_599,tech_58,Important,2014-04-06
startup_599,tech_4,Important,2019-12-08
startup_599,tech_52,Important,2019-04-23
startup_599,tech_33,Supporting,2025-03-12
startup_600,tech_23,Core,2024-07-15
startup_600,tech_25,Important,2023-01-22
startup_600,tech_42,Supporting,2024-01-04
startup_600,tech_17,Core,2024-10-11
startup_600,tech_56,Supporting,2020-10-18
startup_600,tech_46,Important,2021-12-23
startup_600,tech_29,Important,2021-05-22
startup_601,tech_5,Supporting,2021-06-23
startup_601,tech_22,Core,2024-07-27
startup_601,tech_26,Important,2019-05-08
startup_601,tech_16,Supporting,2022-04-25
startup_602,tech_44,Important,2013-09-21
startup_602,tech_0,Supporting,2012-12-21
startup_602,tech_10,Important,2022-11-06
startup_602,tech_15,Supporting,2019-12-14
startup_602,tech_13,Supporting,2016-10-29
startup_602,tech_45,Core,2015-02-04
startup_602,tech_79,Core,2022-06-22
startup_602,tech_74,Supporting,2011-12-03
startup_603,tech_66,Core,2024-05-26
startup_603,tech_22,Important,2018-10-04
startup_603,tech_16,Supporting,2021-07-07
startup_604,tech_42,Supporting,2020-01-23
startup_604,tech_70,Important,2019-03-23
startup_604,tech_39,Supporting,2024-09-30
startup_605,tech_22,Supporting,2023-05-02
startup_605,tech_62,Supporting,2025-01-24
startup_605,tech_2,Core,2023-07-14
startup_605,tech_74,Important,2025-02-10
startup_605,tech_60,Important,2024-12-07
startup_605,tech_27,Supporting,2024-12-29
startup_606,tech_54,Core,2023-04-24
startup_606,tech_58,Core,2024-06-24
startup_606,tech_75,Supporting,2016-04-05
startup_606,tech_67,Important,2016-04-21
startup_607,tech_67,Supporting,2020-03-26
startup_607,tech_28,Important,2022-02-05
startup_607,tech_40,Core,2019-10-23
startup_607,tech_21,Important,2025-02-01
startup_607,tech_63,Core,2024-06-08
startup_607,tech_36,Core,2023-08-11
startup_608,tech_38,Important,2025-01-23
startup_608,tech_12,Important,2025-01-12
startup_608,tech_75,Important,2024-12-23
startup_608,tech_29,Core,2025-01-16
startup_608,tech_16,Important,2024-11-22
startup_608,tech_37,Core,2025-01-05
startup_609,tech_21,Important,2024-08-17
startup_609,tech_69,Supporting,2021-06-19
startup_609,tech_44,Core,2024-08-25
startup_609,tech_27,Supporting,2024-09-20
startup_609,tech_49,Core,2018-08-27
startup_610,tech_51,Core,2022-07-17
startup_610,tech_9,Important,2018-07-15
startup_610,tech_76,Important,2017-05-18
startup_610,tech_46,Supporting,2021-09-19
startup_610,tech_44,Important,2019-09-14
startup_611,tech_64,Supporting,2021-11-30
startup_611,tech_61,Important,2020-06-03
startup_611,tech_75,Supporting,2023-07-07
startup_611,tech_28,Supporting,2024-09-15
startup_611,tech_57,Core,2023-01-06
startup_612,tech_64,Core,2023-06-07
startup_612,tech_48,Core,2020-08-19
startup_612,tech_23,Supporting,2017-05-07
startup_613,tech_77,Important,2024-11-03
startup_613,tech_19,Supporting,2025-01-07
startup_613,tech_34,Important,2025-01-13
startup_613,tech_24,Important,2025-01-03
startup_614,tech_34,Core,2022-08-09
startup_614,tech_43,Core,2023-03-06
startup_614,tech_50,Important,2019-10-14
startup_614,tech_35,Core,2025-01-14
startup_614,tech_69,Supporting,2020-10-27
startup_614,tech_18,Important,2021-08-15
startup_615,tech_69,Supporting,2013-11-20
startup_615,tech_73,Important,2018-01-22
startup_615,tech_26,Important,2017-04-24
startup_615,tech_1,Supporting,2019-12-22
startup_615,tech_32,Supporting,2023-07-14
startup_615,tech_40,Important,2019-01-14
startup_615,tech_55,Supporting,2021-11-21
startup_615,tech_4,Important,2021-12-29
startup_616,tech_5,Important,2018-11-18
startup_616,tech_69,Important,2018-06-18
startup_616,tech_64,Supporting,2018-05-15
startup_616,tech_45,Important,2022-12-03
startup_616,tech_54,Supporting,2022-07-05
startup_616,tech_57,Core,2020-07-24
startup_616,tech_71,Core,2025-01-15
startup_617,tech_12,Important,2020-10-04
startup_617,tech_10,Core,2020-11-30
startup_617,tech_43,Important,2022-03-26
startup_617,tech_50,Core,2019-11-05
startup_617,tech_30,Important,2025-05-28
startup_617,tech_73,Supporting,2024-12-28
startup_617,tech_41,Supporting,2021-07-23
startup_617,tech_78,Core,2020-08-19
startup_618,tech_70,Supporting,2023-12-12
startup_618,tech_1,Core,2022-02-14
startup_618,tech_2,Important,2022-05-25
startup_618,tech_34,Core,2023-04-06
startup_618,tech_40,Important,2022-05-23
startup_618,tech_71,Supporting,2020-01-14
startup_618,tech_55,Supporting,2021-09-26
startup_618,tech_12,Supporting,2021-06-22
startup_619,tech_56,Supporting,2015-10-01
startup_619,tech_15,Supporting,2017-01-24
startup_619,tech_34,Important,2020-02-14
startup_619,tech_38,Important,2020-09-17
startup_619,tech_70,Supporting,2018-10-13
startup_619,tech_55,Supporting,2021-03-26
startup_619,tech_13,Core,2022-07-13
startup_620,tech_53,Core,2024-09-05
startup_620,tech_72,Core,2025-02-22
startup_620,tech_50,Supporting,2024-06-10
startup_620,tech_33,Supporting,2024-01-28
startup_620,tech_70,Core,2024-10-04
startup_621,tech_36,Core,2025-06-03
startup_621,tech_46,Core,2024-10-07
startup_621,tech_15,Core,2025-03-05
startup_621,tech_24,Core,2024-08-20
startup_621,tech_69,Core,2022-12-12
startup_622,tech_75,Supporting,2024-04-21
startup_622,tech_19,Important,2023-07-05
startup_622,tech_42,Core,2024-03-01
startup_622,tech_10,Supporting,2024-12-21
startup_622,tech_18,Core,2023-08-15
startup_622,tech_60,Core,2024-12-04
startup_623,tech_56,Core,2022-09-22
startup_623,tech_53,Core,2023-08-06
startup_623,tech_55,Important,2023-11-22
startup_623,tech_12,Core,2015-08-24
startup_623,tech_27,Core,2017-04-20
startup_623,tech_34,Supporting,2024-10-05
startup_623,tech_74,Core,2023-08-08
startup_623,tech_15,Important,2020-05-11
startup_624,tech_53,Important,2025-03-29
startup_624,tech_64,Core,2025-04-07
startup_624,tech_52,Important,2025-04-01
startup_625,tech_37,Important,2021-05-01
startup_625,tech_27,Core,2022-05-10
startup_625,tech_10,Core,2020-12-28
startup_626,tech_19,Important,2023-08-26
startup_626,tech_27,Core,2022-08-09
startup_626,tech_14,Important,2024-08-21
startup_626,tech_64,Core,2022-11-25
startup_626,tech_28,Important,2024-08-18
startup_626,tech_59,Supporting,2024-02-24
startup_626,tech_6,Supporting,2023-07-20
startup_627,tech_14,Core,2018-10-05
startup_627,tech_29,Core,2021-08-25
startup_627,tech_42,Core,2020-12-28
startup_627,tech_71,Core,2023-02-26
startup_627,tech_72,Core,2020-06-25
startup_627,tech_22,Important,2020-05-31
startup_627,tech_76,Important,2021-05-30
startup_627,tech_79,Supporting,2020-08-14
startup_628,tech_52,Supporting,2023-11-22
startup_628,tech_13,Supporting,2023-12-29
startup_628,tech_25,Supporting,2025-03-02
startup_628,tech_20,Supporting,2025-02-03
startup_628,tech_0,Core,2024-12-31
startup_628,tech_42,Important,2023-10-24
startup_628,tech_39,Important,2024-01-17
startup_629,tech_38,Core,2025-04-20
startup_629,tech_2,Important,2024-12-26
startup_629,tech_0,Important,2025-05-02
startup_629,tech_28,Supporting,2025-01-29
startup_630,tech_1,Supporting,2014-04-21
startup_630,tech_10,Important,2015-11-21
startup_630,tech_6,Supporting,2017-01-28
startup_630,tech_50,Important,2021-03-15
startup_630,tech_64,Important,2012-11-03
startup_631,tech_31,Core,2014-05-04
startup_631,tech_5,Important,2016-04-25
startup_631,tech_14,Important,2014-05-08
startup_631,tech_11,Core,2019-07-08
startup_631,tech_25,Important,2022-01-25
startup_631,tech_73,Important,2015-08-14
startup_632,tech_71,Core,2017-02-14
startup_632,tech_57,Important,2023-01-06
startup_632,tech_40,Important,2020-03-11
startup_632,tech_72,Core,2018-06-02
startup_633,tech_14,Important,2020-02-11
startup_633,tech_55,Important,2021-06-05
startup_633,tech_60,Important,2014-10-08
startup_633,tech_75,Supporting,2022-07-02
startup_634,tech_44,Supporting,2022-08-02
startup_634,tech_15,Important,2022-02-20
startup_634,tech_24,Core,2025-04-14
startup_634,tech_0,Core,2021-11-20
startup_635,tech_12,Supporting,2016-09-28
startup_635,tech_28,Supporting,2022-10-24
startup_635,tech_1,Important,2018-11-22
startup_635,tech_55,Important,2015-10-12
startup_635,tech_5,Supporting,2012-05-10
startup_636,tech_58,Core,2013-10-17
startup_636,tech_39,Core,2016-07-15
startup_636,tech_63,Core,2017-08-20
startup_637,tech_16,Important,2025-02-17
startup_637,tech_48,Important,2024-08-23
startup_637,tech_18,Supporting,2024-04-26
startup_638,tech_16,Important,2020-09-02
startup_638,tech_50,Supporting,2021-12-02
startup_638,tech_18,Supporting,2017-05-06
startup_638,tech_51,Important,2022-07-24
startup_639,tech_23,Supporting,2023-10-13
startup_639,tech_58,Supporting,2012-02-28
startup_639,tech_43,Supporting,2012-11-26
startup_639,tech_13,Important,2021-06-03
startup_639,tech_6,Supporting,2018-08-20
startup_639,tech_15,Important,2014-12-24
startup_639,tech_39,Supporting,2012-10-03
startup_639,tech_66,Core,2012-10-24
startup_640,tech_44,Important,2022-08-18
startup_640,tech_63,Supporting,2014-09-01
startup_640,tech_39,Supporting,2020-04-10
startup_640,tech_15,Core,2023-05-19
startup_640,tech_51,Supporting,2020-02-20
startup_640,tech_45,Important,2024-11-26
startup_640,tech_67,Core,2021-04-14
startup_640,tech_75,Important,2021-08-14
startup_641,tech_72,Important,2018-06-08
startup_641,tech_63,Important,2019-11-20
startup_641,tech_3,Supporting,2016-06-27
startup_641,tech_2,Supporting,2019-07-03
startup_641,tech_75,Supporting,2012-01-31
startup_641,tech_25,Core,2024-07-02
startup_642,tech_41,Supporting,2017-03-17
startup_642,tech_71,Supporting,2022-09-28
startup_642,tech_66,Core,2022-09-20
startup_642,tech_43,Supporting,2020-10-18
startup_642,tech_70,Core,2013-10-09
startup_642,tech_59,Supporting,2019-10-15
startup_642,tech_55,Core,2020-11-15
startup_643,tech_28,Core,2023-09-04
startup_643,tech_0,Supporting,2021-09-24
startup_643,tech_49,Core,2020-07-20
startup_643,tech_62,Supporting,2023-03-29
startup_644,tech_58,Core,2025-04-11
startup_644,tech_35,Core,2025-04-14
startup_644,tech_50,Core,2025-04-25
startup_644,tech_71,Important,2025-02-22
startup_644,tech_74,Important,2025-04-13
startup_644,tech_79,Core,2025-03-22
startup_645,tech_42,Core,2020-08-25
startup_645,tech_79,Core,2022-04-24
startup_645,tech_5,Supporting,2020-05-14
startup_645,tech_70,Supporting,2020-10-25
startup_646,tech_53,Supporting,2015-02-11
startup_646,tech_70,Important,2016-03-31
startup_646,tech_5,Important,2018-10-09
startup_647,tech_37,Important,2013-02-03
startup_647,tech_35,Supporting,2014-04-26
startup_647,tech_33,Important,2023-06-22
startup_647,tech_74,Important,2020-04-12
startup_647,tech_77,Core,2021-12-19
startup_648,tech_52,Core,2022-12-13
startup_648,tech_65,Important,2022-02-25
startup_648,tech_73,Important,2025-04-07
startup_648,tech_10,Important,2022-03-07
startup_648,tech_36,Supporting,2021-08-15
startup_648,tech_34,Important,2023-12-28
startup_648,tech_77,Core,2020-11-28
startup_649,tech_9,Supporting,2016-12-06
startup_649,tech_25,Important,2024-04-26
startup_649,tech_14,Core,2019-07-01
startup_649,tech_41,Supporting,2024-05-30
startup_649,tech_17,Important,2021-11-28
startup_649,tech_22,Core,2016-06-08
startup_650,tech_10,Important,2024-10-14
startup_650,tech_76,Supporting,2024-02-06
startup_650,tech_73,Core,2024-12-04
startup_650,tech_71,Core,2024-05-01
startup_650,tech_11,Supporting,2024-11-11
startup_650,tech_75,Core,2023-12-20
startup_650,tech_57,Important,2024-01-06
startup_650,tech_16,Supporting,2024-01-13
startup_651,tech_25,Core,2024-01-02
startup_651,tech_36,Supporting,2024-03-25
startup_651,tech_19,Core,2022-11-13
startup_651,tech_7,Supporting,2024-02-21
startup_651,tech_17,Supporting,2023-03-12
startup_652,tech_26,Important,2013-10-05
startup_652,tech_17,Important,2014-10-16
startup_652,tech_40,Important,2023-02-08
startup_652,tech_78,Supporting,2014-07-28
startup_652,tech_45,Core,2024-05-28
startup_652,tech_70,Important,2014-03-19
startup_653,tech_57,Important,2022-03-03
startup_653,tech_44,Core,2022-08-04
startup_653,tech_60,Supporting,2025-03-08
startup_654,tech_41,Core,2014-01-06
startup_654,tech_24,Core,2013-07-02
startup_654,tech_35,Core,2020-07-15
startup_654,tech_69,Core,2019-01-16
startup_654,tech_59,Supporting,2022-08-28
startup_654,tech_43,Core,2020-06-21
startup_655,tech_64,Important,2017-02-19
startup_655,tech_38,Core,2024-02-24
startup_655,tech_69,Supporting,2015-04-09
startup_655,tech_51,Important,2025-05-27
startup_656,tech_40,Core,2023-05-17
startup_656,tech_5,Supporting,2022-07-04
startup_656,tech_17,Important,2021-05-31
startup_656,tech_48,Core,2021-12-27
startup_657,tech_58,Important,2025-05-24
startup_657,tech_51,Important,2020-09-22
startup_657,tech_9,Important,2021-06-08
startup_657,tech_23,Core,2024-01-04
startup_657,tech_50,Supporting,2024-12-30
startup_657,tech_32,Core,2025-04-27
startup_657,tech_7,Important,2022-01-01
startup_658,tech_3,Core,2024-08-07
startup_658,tech_45,Supporting,2023-09-15
startup_658,tech_65,Supporting,2017-09-23
startup_658,tech_12,Core,2023-09-14
startup_659,tech_21,Core,2021-03-01
startup_659,tech_43,Important,2022-08-04
startup_659,tech_59,Supporting,2019-04-25
startup_660,tech_33,Important,2021-11-25
startup_660,tech_34,Important,2024-07-19
startup_660,tech_8,Important,2019-01-16
startup_660,tech_46,Core,2024-03-29
startup_660,tech_27,Important,2024-12-31
startup_661,tech_53,Supporting,2023-12-04
startup_661,tech_36,Supporting,2024-01-02
startup_661,tech_78,Core,2022-09-04
startup_661,tech_18,Supporting,2022-05-24
startup_662,tech_44,Supporting,2021-06-15
startup_662,tech_76,Supporting,2023-06-29
startup_662,tech_43,Important,2023-01-02
startup_662,tech_69,Important,2021-07-24
startup_662,tech_7,Core,2025-02-09
startup_662,tech_46,Supporting,2021-12-09
startup_663,tech_1,Important,2022-06-12
startup_663,tech_59,Core,2013-03-08
startup_663,tech_35,Core,2022-05-13
startup_663,tech_28,Important,2014-01-20
startup_663,tech_78,Important,2018-02-26
startup_663,tech_56,Supporting,2016-06-19
startup_663,tech_58,Core,2020-04-14
startup_663,tech_79,Core,2024-11-27
startup_664,tech_75,Core,2020-04-07
startup_664,tech_37,Core,2024-06-02
startup_664,tech_57,Important,2019-07-22
startup_664,tech_17,Core,2025-04-04
startup_665,tech_26,Supporting,2020-10-22
startup_665,tech_1,Supporting,2017-06-29
startup_665,tech_9,Core,2024-01-17
startup_665,tech_66,Important,2016-03-20
startup_665,tech_11,Important,2025-04-13
startup_665,tech_68,Core,2020-05-11
startup_665,tech_2,Important,2015-11-26
startup_666,tech_49,Core,2024-10-22
startup_666,tech_37,Supporting,2023-12-08
startup_666,tech_36,Important,2023-10-30
startup_666,tech_0,Core,2023-12-02
startup_667,tech_66,Important,2022-03-10
startup_667,tech_61,Important,2023-06-11
startup_667,tech_79,Important,2021-11-07
startup_667,tech_62,Supporting,2020-01-04
startup_667,tech_67,Important,2020-10-17
startup_667,tech_0,Core,2020-01-05
startup_667,tech_60,Core,2021-11-14
startup_668,tech_1,Important,2021-03-11
startup_668,tech_17,Supporting,2023-01-20
startup_668,tech_46,Important,2021-02-10
startup_668,tech_58,Supporting,2022-02-15
startup_668,tech_2,Supporting,2023-10-18
startup_668,tech_20,Important,2016-09-04
startup_668,tech_75,Important,2016-01-23
startup_669,tech_3,Core,2015-11-17
startup_669,tech_29,Supporting,2020-04-10
startup_669,tech_34,Important,2025-02-15
startup_669,tech_18,Supporting,2019-12-29
startup_670,tech_17,Core,2014-06-01
startup_670,tech_71,Supporting,2012-08-19
startup_670,tech_54,Supporting,2013-03-05
startup_670,tech_45,Supporting,2020-03-19
startup_671,tech_17,Core,2014-06-11
startup_671,tech_33,Core,2020-11-22
startup_671,tech_70,Core,2014-04-28
startup_671,tech_11,Important,2015-09-13
startup_671,tech_19,Core,2011-11-01
startup_672,tech_21,Important,2021-04-10
startup_672,tech_61,Important,2022-08-29
startup_672,tech_37,Core,2023-04-17
startup_672,tech_73,Core,2020-05-16
startup_673,tech_50,Core,2019-07-08
startup_673,tech_62,Supporting,2018-08-03
startup_673,tech_46,Core,2020-06-03
startup_674,tech_57,Core,2019-12-06
startup_674,tech_34,Core,2023-11-10
startup_674,tech_79,Supporting,2020-05-17
startup_675,tech_7,Important,2020-10-04
startup_675,tech_72,Supporting,2023-07-15
startup_675,tech_18,Supporting,2017-05-21
startup_675,tech_65,Supporting,2023-07-26
startup_675,tech_14,Important,2021-07-09
startup_675,tech_25,Core,2019-09-15
startup_676,tech_47,Important,2024-01-15
startup_676,tech_35,Supporting,2025-04-27
startup_676,tech_70,Core,2022-03-09
startup_676,tech_4,Supporting,2022-09-18
startup_676,tech_0,Supporting,2023-02-28
startup_676,tech_50,Core,2021-12-27
startup_677,tech_60,Core,2022-06-27
startup_677,tech_23,Core,2022-05-09
startup_677,tech_36,Important,2025-04-28
startup_677,tech_78,Supporting,2023-05-02
startup_677,tech_34,Important,2021-06-11
startup_677,tech_18,Important,2021-07-09
startup_678,tech_7,Important,2025-03-20
startup_678,tech_46,Supporting,2023-03-30
startup_678,tech_65,Supporting,2025-01-16
startup_678,tech_76,Supporting,2022-09-22
startup_678,tech_72,Supporting,2023-06-12
startup_678,tech_61,Core,2024-03-21
startup_678,tech_25,Supporting,2024-03-13
startup_678,tech_29,Supporting,2023-03-14
startup_679,tech_46,Core,2020-10-22
startup_679,tech_40,Core,2022-01-10
startup_679,tech_23,Supporting,2021-01-12
startup_680,tech_20,Core,2014-03-02
startup_680,tech_49,Supporting,2015-10-22
startup_680,tech_75,Supporting,2015-11-28
startup_680,tech_32,Supporting,2015-08-29
startup_680,tech_78,Important,2022-07-18
startup_680,tech_70,Supporting,2023-03-11
startup_681,tech_32,Core,2024-09-04
startup_681,tech_55,Supporting,2018-10-07
startup_681,tech_58,Core,2022-06-11
startup_681,tech_72,Supporting,2021-07-11
startup_682,tech_26,Important,2025-05-04
startup_682,tech_49,Important,2025-03-18
startup_682,tech_15,Core,2025-04-16
startup_683,tech_18,Core,2025-02-23
startup_683,tech_43,Important,2025-05-05
startup_683,tech_47,Core,2025-01-20
startup_683,tech_75,Core,2025-04-18
startup_683,tech_16,Core,2025-01-14
startup_683,tech_67,Core,2025-05-13
startup_684,tech_18,Important,2025-05-11
startup_684,tech_7,Supporting,2022-12-29
startup_684,tech_28,Important,2025-01-20
startup_684,tech_14,Core,2023-04-13
startup_684,tech_60,Important,2024-08-13
startup_684,tech_15,Supporting,2022-07-10
startup_685,tech_6,Core,2025-02-16
startup_685,tech_19,Supporting,2024-01-11
startup_685,tech_3,Core,2023-07-14
startup_685,tech_68,Core,2023-06-08
startup_685,tech_32,Important,2023-08-10
startup_685,tech_49,Core,2024-11-17
startup_686,tech_33,Important,2020-02-26
startup_686,tech_29,Core,2018-11-07
startup_686,tech_17,Important,2020-01-22
startup_686,tech_59,Supporting,2020-11-09
startup_686,tech_31,Important,2018-12-21
startup_686,tech_18,Supporting,2013-11-06
startup_687,tech_61,Supporting,2025-05-08
startup_687,tech_11,Core,2025-05-28
startup_687,tech_55,Supporting,2025-05-28
startup_687,tech_25,Important,2025-06-05
startup_687,tech_24,Supporting,2025-05-27
startup_688,tech_11,Important,2023-09-07
startup_688,tech_30,Supporting,2021-01-18
startup_688,tech_33,Supporting,2019-05-09
startup_688,tech_68,Supporting,2019-04-06
startup_688,tech_0,Supporting,2023-02-02
startup_688,tech_17,Supporting,2025-03-04
startup_688,tech_8,Supporting,2024-07-23
startup_688,tech_50,Important,2022-12-21
startup_689,tech_48,Core,2025-05-05
startup_689,tech_12,Supporting,2023-08-18
startup_689,tech_59,Important,2019-10-24
startup_689,tech_22,Supporting,2022-01-26
startup_689,tech_18,Core,2022-11-06
startup_689,tech_53,Supporting,2022-01-17
startup_689,tech_29,Core,2025-03-24
startup_689,tech_58,Supporting,2024-10-09
startup_690,tech_58,Important,2022-11-05
startup_690,tech_31,Core,2020-12-31
startup_690,tech_72,Core,2017-06-02
startup_690,tech_20,Important,2020-01-02
startup_690,tech_38,Important,2023-09-23
startup_691,tech_22,Important,2023-10-09
startup_691,tech_14,Important,2023-07-25
startup_691,tech_32,Supporting,2023-03-18
startup_691,tech_15,Supporting,2023-04-29
startup_691,tech_7,Important,2025-03-12
startup_691,tech_21,Core,2025-04-28
startup_691,tech_52,Important,2024-07-08
startup_691,tech_1,Core,2025-04-10
startup_692,tech_59,Important,2024-04-22
startup_692,tech_65,Important,2017-02-23
startup_692,tech_2,Important,2016-08-04
startup_692,tech_74,Core,2020-06-02
startup_692,tech_10,Core,2017-09-20
startup_692,tech_79,Core,2016-12-18
startup_692,tech_29,Important,2016-01-28
startup_692,tech_72,Supporting,2017-09-08
startup_693,tech_60,Important,2024-03-08
startup_693,tech_40,Supporting,2024-08-30
startup_693,tech_73,Core,2024-12-22
startup_693,tech_9,Important,2024-08-09
startup_693,tech_43,Important,2023-10-24
startup_693,tech_58,Important,2024-03-29
startup_693,tech_12,Important,2025-04-08
startup_694,tech_12,Supporting,2019-09-05
startup_694,tech_69,Important,2018-06-23
startup_694,tech_16,Core,2017-10-04
startup_694,tech_62,Important,2023-02-18
startup_694,tech_43,Core,2019-10-08
startup_695,tech_22,Core,2022-01-07
startup_695,tech_1,Core,2024-02-03
startup_695,tech_28,Core,2024-08-31
startup_695,tech_69,Core,2020-05-28
startup_695,tech_72,Supporting,2022-03-28
startup_695,tech_51,Supporting,2013-11-21
startup_695,tech_13,Supporting,2020-06-27
startup_696,tech_54,Supporting,2015-03-24
startup_696,tech_63,Important,2013-06-01
startup_696,tech_9,Core,2014-07-21
startup_696,tech_79,Important,2016-12-15
startup_697,tech_41,Important,2024-09-13
startup_697,tech_36,Core,2022-01-27
startup_697,tech_35,Core,2016-04-20
startup_698,tech_35,Supporting,2024-02-26
startup_698,tech_42,Core,2019-03-25
startup_698,tech_47,Important,2023-02-04
startup_698,tech_41,Core,2019-07-19
startup_698,tech_55,Supporting,2018-12-18
startup_698,tech_50,Supporting,2021-03-01
startup_698,tech_4,Core,2019-08-22
startup_699,tech_55,Supporting,2019-03-13
startup_699,tech_20,Important,2021-01-21
startup_699,tech_47,Supporting,2016-02-10
startup_699,tech_30,Supporting,2014-01-07
startup_699,tech_22,Core,2019-01-15
startup_699,tech_0,Important,2022-10-26
startup_700,tech_0,Supporting,2018-06-29
startup_700,tech_27,Core,2023-11-15
startup_700,tech_73,Core,2024-09-13
startup_700,tech_14,Supporting,2021-05-14
startup_701,tech_35,Supporting,2024-08-30
startup_701,tech_2,Core,2016-07-20
startup_701,tech_69,Supporting,2019-12-10
startup_702,tech_35,Supporting,2022-12-22
startup_702,tech_64,Important,2024-11-30
startup_702,tech_23,Supporting,2023-12-02
startup_702,tech_78,Supporting,2020-08-09
startup_702,tech_26,Important,2023-12-20
startup_703,tech_48,Important,2017-10-09
startup_703,tech_56,Supporting,2024-10-19
startup_703,tech_50,Important,2018-11-04
startup_703,tech_76,Core,2024-08-15
startup_703,tech_40,Core,2019-02-26
startup_703,tech_1,Supporting,2019-06-19
startup_703,tech_18,Important,2016-11-16
startup_704,tech_38,Supporting,2024-09-03
startup_704,tech_39,Supporting,2025-02-04
startup_704,tech_6,Important,2024-01-21
startup_705,tech_23,Important,2017-07-08
startup_705,tech_54,Core,2023-06-27
startup_705,tech_66,Supporting,2014-07-13
startup_705,tech_22,Core,2023-09-02
startup_705,tech_26,Important,2019-12-14
startup_705,tech_72,Supporting,2024-12-12
startup_705,tech_64,Core,2022-08-16
startup_706,tech_26,Important,2017-12-08
startup_706,tech_55,Core,2015-10-30
startup_706,tech_35,Supporting,2020-08-05
startup_706,tech_57,Important,2013-11-29
startup_706,tech_34,Important,2019-02-07
startup_707,tech_56,Supporting,2014-07-05
startup_707,tech_30,Supporting,2015-02-20
startup_707,tech_10,Supporting,2022-10-05
startup_707,tech_67,Core,2025-03-11
startup_707,tech_17,Core,2020-11-05
startup_707,tech_4,Supporting,2014-08-21
startup_707,tech_72,Core,2012-05-28
startup_707,tech_68,Important,2018-03-30
startup_708,tech_65,Supporting,2025-01-25
startup_708,tech_51,Important,2018-05-30
startup_708,tech_37,Important,2023-01-27
startup_708,tech_12,Supporting,2021-11-01
startup_708,tech_39,Core,2016-08-06
startup_709,tech_55,Core,2016-03-14
startup_709,tech_50,Important,2019-05-15
startup_709,tech_74,Core,2020-06-06
startup_709,tech_76,Important,2018-11-23
startup_709,tech_68,Important,2021-06-08
startup_709,tech_47,Supporting,2019-03-22
startup_709,tech_62,Supporting,2020-12-08
startup_710,tech_47,Core,2020-10-16
startup_710,tech_58,Core,2021-02-27
startup_710,tech_68,Important,2020-05-05
startup_711,tech_38,Core,2021-10-23
startup_711,tech_71,Supporting,2023-10-10
startup_711,tech_7,Important,2014-08-23
startup_711,tech_5,Supporting,2023-07-24
startup_712,tech_70,Core,2020-01-18
startup_712,tech_46,Important,2024-02-27
startup_712,tech_3,Important,2013-03-14
startup_712,tech_65,Important,2017-10-22
startup_712,tech_15,Important,2023-07-11
startup_712,tech_27,Supporting,2021-09-24
startup_712,tech_30,Important,2011-06-04
startup_713,tech_72,Core,2025-01-09
startup_713,tech_77,Supporting,2023-03-25
startup_713,tech_21,Supporting,2022-04-26
startup_714,tech_40,Supporting,2018-08-09
startup_714,tech_17,Core,2017-11-11
startup_714,tech_71,Core,2017-06-17
startup_714,tech_31,Supporting,2024-10-13
startup_714,tech_75,Supporting,2021-02-13
startup_714,tech_34,Important,2022-12-13
startup_715,tech_9,Important,2024-10-23
startup_715,tech_33,Core,2022-10-26
startup_715,tech_16,Core,2020-01-27
startup_715,tech_0,Supporting,2022-08-18
startup_715,tech_27,Supporting,2020-07-18
startup_716,tech_1,Important,2023-01-05
startup_716,tech_53,Supporting,2025-01-28
startup_716,tech_45,Supporting,2016-12-10
startup_716,tech_30,Supporting,2019-01-05
startup_716,tech_29,Core,2022-07-29
startup_717,tech_67,Core,2017-01-24
startup_717,tech_0,Core,2015-01-06
startup_717,tech_2,Supporting,2020-08-02
startup_717,tech_17,Core,2016-05-14
startup_717,tech_26,Core,2015-04-12
startup_717,tech_15,Important,2017-02-01
startup_717,tech_61,Important,2021-04-04
startup_717,tech_8,Important,2022-02-22
startup_718,tech_18,Important,2021-02-21
startup_718,tech_42,Supporting,2024-04-14
startup_718,tech_43,Core,2018-05-04
startup_718,tech_40,Core,2023-10-09
startup_719,tech_61,Supporting,2020-06-11
startup_719,tech_42,Supporting,2021-07-06
startup_719,tech_62,Important,2022-11-30
startup_719,tech_41,Supporting,2019-03-08
startup_719,tech_46,Core,2018-11-11
startup_719,tech_16,Supporting,2024-05-29
startup_719,tech_25,Important,2024-04-07
startup_719,tech_40,Core,2022-05-23
startup_720,tech_51,Supporting,2025-03-08
startup_720,tech_25,Important,2025-03-06
startup_720,tech_60,Supporting,2025-02-20
startup_720,tech_49,Supporting,2025-03-04
startup_720,tech_30,Important,2025-04-22
startup_720,tech_50,Core,2025-02-05
startup_721,tech_22,Supporting,2023-02-18
startup_721,tech_79,Supporting,2023-10-04
startup_721,tech_75,Important,2023-04-25
startup_721,tech_70,Core,2024-02-03
startup_722,tech_28,Supporting,2024-11-27
startup_722,tech_4,Core,2018-08-14
startup_722,tech_52,Important,2021-12-09
startup_723,tech_75,Core,2021-08-23
startup_723,tech_40,Core,2018-06-03
startup_723,tech_44,Important,2020-08-06
startup_723,tech_8,Important,2022-09-09
startup_724,tech_27,Supporting,2022-01-01
startup_724,tech_32,Supporting,2021-09-25
startup_724,tech_49,Important,2022-04-16
startup_725,tech_51,Important,2020-12-27
startup_725,tech_77,Supporting,2022-09-24
startup_725,tech_2,Important,2025-04-11
startup_725,tech_64,Core,2024-04-28
startup_726,tech_75,Important,2022-05-10
startup_726,tech_69,Core,2018-07-03
startup_726,tech_57,Important,2024-09-27
startup_726,tech_23,Core,2018-09-22
startup_726,tech_79,Important,2023-01-28
startup_726,tech_65,Core,2020-07-17
startup_726,tech_0,Important,2015-06-05
startup_726,tech_67,Core,2020-09-22
startup_727,tech_55,Core,2022-11-30
startup_727,tech_40,Supporting,2023-06-05
startup_727,tech_18,Core,2023-06-23
startup_727,tech_31,Supporting,2023-12-07
startup_727,tech_16,Core,2022-06-25
startup_727,tech_12,Supporting,2018-10-02
startup_727,tech_75,Supporting,2023-06-13
startup_728,tech_67,Supporting,2023-04-05
startup_728,tech_16,Supporting,2022-06-16
startup_728,tech_10,Important,2018-05-18
startup_728,tech_28,Supporting,2021-07-17
startup_728,tech_54,Important,2023-05-29
startup_728,tech_25,Important,2019-07-08
startup_728,tech_33,Important,2021-04-18
startup_729,tech_65,Supporting,2022-09-08
startup_729,tech_26,Supporting,2014-10-06
startup_729,tech_3,Core,2018-10-27
startup_729,tech_38,Core,2019-04-19
startup_730,tech_58,Supporting,2024-06-27
startup_730,tech_31,Important,2016-07-13
startup_730,tech_26,Core,2018-03-27
startup_730,tech_60,Supporting,2019-06-22
startup_730,tech_10,Core,2024-03-30
startup_731,tech_27,Core,2025-05-17
startup_731,tech_39,Core,2025-04-07
startup_731,tech_57,Supporting,2025-04-28
startup_731,tech_79,Supporting,2025-05-28
startup_732,tech_57,Important,2017-05-16
startup_732,tech_29,Core,2024-11-09
startup_732,tech_15,Important,2013-10-12
startup_732,tech_2,Core,2020-06-16
startup_732,tech_3,Important,2021-01-14
startup_732,tech_49,Important,2019-07-23
startup_732,tech_46,Supporting,2024-07-06
startup_732,tech_63,Important,2013-10-30
startup_733,tech_68,Supporting,2019-10-21
startup_733,tech_10,Supporting,2023-07-15
startup_733,tech_32,Core,2022-01-31
startup_733,tech_79,Important,2015-12-24
startup_734,tech_35,Core,2024-10-10
startup_734,tech_78,Important,2022-12-09
startup_734,tech_31,Important,2011-02-14
startup_735,tech_32,Supporting,2022-10-26
startup_735,tech_2,Important,2019-06-09
startup_735,tech_37,Important,2022-06-28
startup_735,tech_38,Core,2017-08-27
startup_736,tech_43,Important,2018-12-22
startup_736,tech_12,Core,2013-11-10
startup_736,tech_54,Core,2017-02-07
startup_736,tech_35,Core,2020-04-07
startup_736,tech_66,Important,2020-01-18
startup_736,tech_39,Supporting,2022-08-21
startup_737,tech_70,Core,2025-01-07
startup_737,tech_62,Core,2025-02-01
startup_737,tech_11,Important,2025-05-26
startup_737,tech_68,Core,2024-12-27
startup_737,tech_39,Core,2024-12-17
startup_738,tech_31,Supporting,2024-10-23
startup_738,tech_15,Core,2024-05-16
startup_738,tech_75,Important,2024-10-26
startup_738,tech_65,Core,2024-09-01
startup_739,tech_59,Important,2023-08-05
startup_739,tech_56,Core,2025-02-08
startup_739,tech_0,Supporting,2025-03-09
startup_739,tech_33,Core,2025-01-29
startup_739,tech_18,Important,2024-04-21
startup_739,tech_34,Important,2024-10-11
startup_739,tech_51,Supporting,2024-10-01
startup_740,tech_73,Supporting,2024-07-23
startup_740,tech_15,Important,2024-11-14
startup_740,tech_29,Core,2024-12-18
startup_740,tech_37,Supporting,2024-10-15
startup_740,tech_8,Core,2025-05-17
startup_740,tech_12,Supporting,2024-06-07
startup_741,tech_38,Important,2015-07-31
startup_741,tech_29,Core,2023-11-29
startup_741,tech_35,Important,2020-12-31
startup_742,tech_7,Supporting,2023-05-24
startup_742,tech_76,Important,2024-04-07
startup_742,tech_57,Core,2022-09-22
startup_742,tech_54,Supporting,2022-08-16
startup_742,tech_20,Core,2022-10-05
startup_742,tech_0,Core,2024-05-18
startup_743,tech_44,Important,2017-05-16
startup_743,tech_67,Important,2018-01-04
startup_743,tech_53,Supporting,2021-11-04
startup_743,tech_3,Supporting,2022-08-21
startup_743,tech_18,Core,2017-01-02
startup_743,tech_29,Core,2018-04-30
startup_743,tech_70,Supporting,2017-10-19
startup_744,tech_30,Important,2022-01-18
startup_744,tech_8,Supporting,2019-12-16
startup_744,tech_72,Core,2021-11-17
startup_744,tech_75,Supporting,2019-01-14
startup_744,tech_11,Supporting,2021-02-11
startup_744,tech_64,Supporting,2019-06-02
startup_744,tech_51,Supporting,2019-06-04
startup_745,tech_69,Supporting,2024-01-31
startup_745,tech_8,Core,2025-05-04
startup_745,tech_45,Core,2025-05-29
startup_746,tech_63,Supporting,2017-07-13
startup_746,tech_64,Important,2019-11-20
startup_746,tech_62,Core,2024-07-02
startup_746,tech_25,Important,2019-07-01
startup_747,tech_13,Important,2025-03-29
startup_747,tech_78,Core,2025-03-20
startup_747,tech_9,Supporting,2025-01-24
startup_747,tech_74,Core,2025-05-25
startup_747,tech_76,Core,2025-03-26
startup_747,tech_79,Core,2025-03-09
startup_748,tech_29,Supporting,2018-11-04
startup_748,tech_43,Supporting,2019-08-27
startup_748,tech_70,Important,2025-03-04
startup_748,tech_42,Important,2022-01-03
startup_748,tech_49,Supporting,2023-01-21
startup_748,tech_14,Important,2019-12-21
startup_749,tech_63,Supporting,2020-02-16
startup_749,tech_66,Core,2023-06-24
startup_749,tech_62,Supporting,2021-02-10
startup_749,tech_7,Supporting,2022-01-27
startup_750,tech_44,Supporting,2019-10-24
startup_750,tech_33,Important,2024-02-25
startup_750,tech_58,Supporting,2018-04-22
startup_750,tech_59,Core,2025-05-09
startup_750,tech_43,Important,2024-02-11
startup_750,tech_49,Supporting,2022-11-23
startup_750,tech_10,Core,2014-02-25
startup_751,tech_19,Core,2023-12-22
startup_751,tech_37,Supporting,2019-11-22
startup_751,tech_65,Important,2019-04-24
startup_751,tech_63,Supporting,2018-11-09
startup_752,tech_64,Supporting,2024-10-01
startup_752,tech_55,Important,2015-11-02
startup_752,tech_60,Important,2025-04-19
startup_753,tech_75,Important,2024-03-18
startup_753,tech_39,Important,2025-03-11
startup_753,tech_45,Important,2022-05-04
startup_753,tech_76,Important,2020-08-13
startup_753,tech_38,Supporting,2021-04-10
startup_754,tech_17,Important,2023-08-01
startup_754,tech_36,Important,2017-05-02
startup_754,tech_39,Important,2025-01-27
startup_754,tech_35,Supporting,2019-02-28
startup_754,tech_44,Supporting,2016-09-25
startup_755,tech_64,Important,2024-12-29
startup_755,tech_57,Important,2022-08-03
startup_755,tech_26,Supporting,2023-11-04
startup_755,tech_54,Important,2024-04-04
startup_756,tech_52,Important,2023-12-28
startup_756,tech_51,Supporting,2024-05-13
startup_756,tech_58,Core,2025-02-13
startup_756,tech_71,Important,2025-02-07
startup_756,tech_65,Supporting,2023-12-06
startup_756,tech_5,Core,2023-12-22
startup_757,tech_36,Supporting,2018-10-07
startup_757,tech_52,Important,2023-05-28
startup_757,tech_21,Supporting,2023-07-18
startup_758,tech_0,Core,2022-03-30
startup_758,tech_69,Important,2021-03-10
startup_758,tech_54,Supporting,2021-03-23
startup_758,tech_21,Core,2020-12-05
startup_758,tech_73,Important,2023-03-16
startup_758,tech_33,Supporting,2022-01-05
startup_758,tech_12,Core,2020-03-26
startup_759,tech_65,Important,2023-04-30
startup_759,tech_40,Core,2022-07-14
startup_759,tech_70,Important,2025-01-01
startup_759,tech_68,Important,2024-04-28
startup_760,tech_28,Supporting,2025-01-31
startup_760,tech_54,Supporting,2025-01-19
startup_760,tech_30,Core,2025-04-06
startup_760,tech_76,Important,2025-01-04
startup_760,tech_58,Important,2024-12-21
startup_760,tech_59,Supporting,2025-01-18
startup_760,tech_62,Supporting,2025-04-10
startup_760,tech_31,Important,2025-01-15
startup_761,tech_33,Supporting,2024-11-22
startup_761,tech_55,Supporting,2019-11-21
startup_761,tech_46,Important,2020-03-30
startup_761,tech_54,Core,2025-03-06
startup_761,tech_23,Supporting,2024-02-01
startup_761,tech_74,Important,2019-05-26
startup_761,tech_38,Core,2024-06-06
startup_761,tech_36,Core,2020-12-04
startup_762,tech_79,Important,2019-12-10
startup_762,tech_2,Supporting,2014-08-12
startup_762,tech_71,Important,2021-03-31
startup_763,tech_72,Core,2024-04-10
startup_763,tech_45,Important,2023-05-10
startup_763,tech_40,Core,2023-04-14
startup_763,tech_79,Core,2022-02-12
startup_763,tech_21,Important,2019-07-31
startup_763,tech_67,Core,2022-04-29
startup_763,tech_5,Core,2021-08-31
startup_763,tech_38,Core,2020-02-12
startup_764,tech_36,Important,2024-02-23
startup_764,tech_25,Supporting,2025-03-27
startup_764,tech_38,Supporting,2023-11-20
startup_764,tech_18,Supporting,2024-07-10
startup_764,tech_79,Supporting,2024-07-30
startup_764,tech_3,Important,2023-11-12
startup_765,tech_66,Supporting,2024-10-12
startup_765,tech_45,Important,2021-07-09
startup_765,tech_21,Core,2018-12-18
startup_765,tech_69,Supporting,2017-07-12
startup_765,tech_9,Core,2018-10-14
startup_766,tech_52,Core,2019-09-30
startup_766,tech_13,Core,2015-11-18
startup_766,tech_60,Important,2017-03-19
startup_767,tech_56,Supporting,2023-12-28
startup_767,tech_40,Supporting,2019-07-24
startup_767,tech_74,Core,2022-04-29
startup_767,tech_26,Important,2021-10-17
startup_767,tech_68,Supporting,2020-08-17
startup_768,tech_34,Core,2025-01-28
startup_768,tech_13,Supporting,2019-04-02
startup_768,tech_29,Supporting,2021-06-11
startup_768,tech_62,Supporting,2019-05-15
startup_768,tech_45,Important,2024-08-04
startup_769,tech_52,Important,2018-11-06
startup_769,tech_67,Core,2015-12-27
startup_769,tech_75,Supporting,2024-04-08
startup_769,tech_18,Supporting,2020-05-26
startup_770,tech_67,Important,2024-06-16
startup_770,tech_50,Core,2024-06-21
startup_770,tech_63,Core,2023-12-20
startup_770,tech_1,Core,2024-09-09
startup_770,tech_69,Supporting,2023-08-09
startup_770,tech_22,Core,2025-05-13
startup_771,tech_70,Core,2020-11-11
startup_771,tech_0,Supporting,2023-11-08
startup_771,tech_64,Important,2021-12-18
startup_771,tech_19,Core,2025-03-13
startup_771,tech_11,Supporting,2020-11-15
startup_772,tech_45,Core,2024-07-06
startup_772,tech_32,Core,2023-04-13
startup_772,tech_26,Supporting,2022-09-09
startup_772,tech_23,Supporting,2024-03-06
startup_772,tech_24,Supporting,2022-11-24
startup_772,tech_2,Important,2024-12-23
startup_772,tech_3,Important,2025-02-25
startup_772,tech_25,Core,2025-02-05
startup_773,tech_46,Supporting,2020-03-29
startup_773,tech_20,Important,2024-12-29
startup_773,tech_19,Supporting,2023-11-27
startup_773,tech_76,Supporting,2015-09-08
startup_774,tech_38,Important,2013-07-10
startup_774,tech_24,Core,2019-03-09
startup_774,tech_62,Core,2011-11-24
startup_774,tech_54,Supporting,2013-02-13
startup_774,tech_58,Important,2013-11-03
startup_774,tech_6,Core,2015-07-14
startup_774,tech_53,Supporting,2020-08-20
startup_775,tech_67,Supporting,2023-07-05
startup_775,tech_3,Supporting,2022-12-03
startup_775,tech_19,Important,2024-08-10
startup_775,tech_79,Core,2022-12-06
startup_775,tech_44,Core,2023-07-01
startup_775,tech_29,Supporting,2023-11-28
startup_776,tech_35,Important,2017-02-06
startup_776,tech_7,Core,2013-06-16
startup_776,tech_15,Core,2015-12-28
startup_776,tech_58,Core,2021-10-17
startup_776,tech_79,Core,2015-06-20
startup_776,tech_62,Important,2016-09-26
startup_777,tech_63,Core,2024-07-22
startup_777,tech_22,Supporting,2025-02-08
startup_777,tech_68,Core,2024-08-15
startup_778,tech_65,Supporting,2024-07-31
startup_778,tech_19,Supporting,2025-04-11
startup_778,tech_47,Supporting,2023-11-04
startup_778,tech_51,Supporting,2025-04-18
startup_778,tech_29,Core,2023-06-02
startup_778,tech_63,Important,2022-10-23
startup_779,tech_55,Important,2022-03-11
startup_779,tech_12,Supporting,2024-09-27
startup_779,tech_23,Core,2023-04-03
startup_779,tech_29,Core,2022-07-27
startup_779,tech_17,Supporting,2025-01-05
startup_779,tech_41,Supporting,2021-09-01
startup_779,tech_46,Core,2022-10-30
startup_780,tech_0,Core,2025-02-07
startup_780,tech_38,Important,2024-08-10
startup_780,tech_59,Supporting,2024-07-04
startup_780,tech_42,Important,2024-09-30
startup_780,tech_51,Important,2025-03-28
startup_780,tech_70,Core,2025-01-29
startup_781,tech_70,Important,2025-01-14
startup_781,tech_53,Core,2025-01-17
startup_781,tech_61,Important,2025-05-15
startup_781,tech_54,Important,2025-01-17
startup_781,tech_11,Core,2024-11-26
startup_781,tech_3,Supporting,2025-03-30
startup_782,tech_27,Core,2023-05-20
startup_782,tech_40,Important,2020-12-18
startup_782,tech_52,Supporting,2025-03-21
startup_783,tech_65,Important,2023-03-02
startup_783,tech_5,Core,2022-06-18
startup_783,tech_22,Core,2019-05-21
startup_783,tech_78,Supporting,2019-01-27
startup_783,tech_43,Core,2024-10-06
startup_783,tech_24,Supporting,2018-07-04
startup_783,tech_4,Important,2019-09-17
startup_783,tech_13,Core,2024-01-02
startup_784,tech_55,Supporting,2018-05-22
startup_784,tech_48,Core,2020-02-16
startup_784,tech_74,Important,2022-03-20
startup_784,tech_46,Supporting,2023-11-13
startup_785,tech_57,Core,2021-10-13
startup_785,tech_46,Supporting,2021-04-11
startup_785,tech_61,Important,2022-12-15
startup_785,tech_77,Core,2021-06-05
startup_785,tech_47,Important,2019-01-18
startup_785,tech_42,Supporting,2019-06-17
startup_785,tech_6,Important,2019-10-01
startup_786,tech_65,Important,2017-08-17
startup_786,tech_7,Core,2015-09-14
startup_786,tech_78,Supporting,2022-01-01
startup_786,tech_27,Important,2022-05-28
startup_786,tech_61,Core,2022-05-31
startup_786,tech_50,Supporting,2022-08-17
startup_786,tech_63,Important,2020-01-22
startup_787,tech_58,Important,2025-03-04
startup_787,tech_29,Important,2024-03-18
startup_787,tech_72,Core,2024-04-15
startup_787,tech_59,Supporting,2023-06-20
startup_788,tech_40,Important,2021-06-22
startup_788,tech_1,Core,2019-11-17
startup_788,tech_26,Supporting,2022-04-30
startup_788,tech_2,Important,2021-04-20
startup_788,tech_37,Core,2019-10-01
startup_788,tech_64,Core,2024-03-15
startup_788,tech_70,Core,2024-03-08
startup_788,tech_38,Important,2020-09-16
startup_789,tech_51,Important,2023-09-06
startup_789,tech_72,Supporting,2017-08-01
startup_789,tech_32,Core,2019-07-03
startup_789,tech_24,Supporting,2019-07-26
startup_790,tech_67,Supporting,2022-12-27
startup_790,tech_65,Important,2022-12-30
startup_790,tech_38,Supporting,2020-02-25
startup_790,tech_58,Important,2024-06-14
startup_790,tech_28,Supporting,2025-05-30
startup_790,tech_79,Important,2020-11-08
startup_791,tech_22,Important,2020-02-18
startup_791,tech_63,Core,2025-01-06
startup_791,tech_33,Core,2020-04-25
startup_791,tech_43,Supporting,2024-12-16
startup_791,tech_5,Important,2022-04-02
startup_791,tech_3,Important,2025-05-06
startup_791,tech_9,Supporting,2024-03-01
startup_792,tech_35,Important,2022-06-09
startup_792,tech_9,Important,2022-10-09
startup_792,tech_68,Supporting,2022-06-06
startup_792,tech_43,Supporting,2025-05-24
startup_793,tech_31,Supporting,2024-12-13
startup_793,tech_38,Supporting,2017-07-31
startup_793,tech_62,Core,2023-10-25
startup_793,tech_52,Important,2020-11-24
startup_793,tech_46,Supporting,2018-04-07
startup_793,tech_69,Core,2023-08-15
startup_793,tech_0,Core,2023-06-27
startup_794,tech_71,Important,2018-07-14
startup_794,tech_70,Supporting,2020-12-16
startup_794,tech_10,Supporting,2019-08-14
startup_794,tech_78,Important,2021-08-17
startup_795,tech_17,Supporting,2024-07-18
startup_795,tech_27,Important,2020-12-11
startup_795,tech_19,Core,2019-09-26
startup_795,tech_11,Core,2024-01-14
startup_795,tech_65,Supporting,2023-03-13
startup_795,tech_60,Core,2019-04-30
startup_795,tech_49,Core,2022-12-01
startup_796,tech_33,Core,2021-03-03
startup_796,tech_74,Supporting,2022-07-05
startup_796,tech_19,Core,2020-10-02
startup_796,tech_25,Supporting,2022-04-18
startup_796,tech_26,Core,2024-12-06
startup_796,tech_30,Supporting,2025-02-13
startup_796,tech_1,Important,2025-01-23
startup_797,tech_51,Important,2018-04-30
startup_797,tech_32,Supporting,2015-02-10
startup_797,tech_73,Supporting,2015-12-03
startup_797,tech_17,Important,2019-01-31
startup_797,tech_42,Core,2015-04-05
startup_797,tech_34,Supporting,2018-12-27
startup_798,tech_79,Important,2016-01-17
startup_798,tech_17,Core,2011-11-23
startup_798,tech_27,Important,2010-12-14
startup_798,tech_40,Important,2020-03-28
startup_798,tech_20,Supporting,2014-09-24
startup_799,tech_5,Supporting,2023-01-06
startup_799,tech_18,Supporting,2018-08-10
startup_799,tech_12,Supporting,2023-05-28
startup_799,tech_27,Core,2022-07-18
startup_799,tech_70,Important,2019-11-26
